card_name,play_count,wins,avg_position,avg_score,total_weighted,count_weighted,weighted_avg_score,win_rate,cn_name,cn_name_plot
Declaration of Independence,47,23,1.8085106382978724,111.72340425531915,85.0,47,1.9298245614035088,48.94,ç‹¬ç«‹å®£è¨€,ç‹¬ç«‹å®£è¨€
Social Events,211,98,1.9099526066350712,104.27014218009478,403.0,211,1.9366515837104072,46.45,ç¤¾äº¤æ´»åŠ¨,ç¤¾äº¤æ´»åŠ¨
City Parks,423,171,2.00709219858156,91.49172576832152,849.0,423,2.0184757505773674,40.43,åŸå¸‚å…¬å›­,åŸå¸‚å…¬å›­
Ecological Zone,99,45,1.97979797979798,92.5959595959596,196.0,99,2.0275229357798166,45.45,ç”Ÿæ€ä¿æŠ¤åŒº,ç”Ÿæ€ä¿æŠ¤åŒº
Diversity Support,438,181,2.0342465753424657,97.82648401826484,891.0,438,2.044642857142857,41.32,å¤šæ ·æ€§æ‰¶æŒ,å¤šæ ·æ€§æ‰¶æŒ
GHG Shipment,364,158,2.0384615384615383,88.82417582417582,742.0,364,2.050802139037433,43.41,æ¸©å®¤æ°”ä½“è¿è¾“,æ¸©å®¤æ°”ä½“è¿è¾“
Urgent Terraforming Command,684,263,2.057017543859649,89.80409356725146,1407.0,684,2.063400576368876,38.45,ç´§æ€¥æ”¹é€ ä»¤,ç´§æ€¥æ”¹é€ ä»¤
City Park,386,148,2.064766839378238,98.89896373056995,797.0,386,2.0757575757575757,38.34,City Park,City Park
Robot Pollinators,739,290,2.0757780784844386,91.28146143437077,1534.0,739,2.081441922563418,39.24,æœºå™¨æˆç²‰è€…,æœºå™¨æˆç²‰è€…
Lake Marineris,390,137,2.076923076923077,90.88205128205128,810.0,390,2.0875,35.13,æ°´æ‰‹æ¹–,æ°´æ‰‹æ¹–
å¥‡ç‰©ä¸°æ”¶,279,107,2.075268817204301,91.39426523297492,579.0,279,2.0899653979238755,38.35,å¥‡ç‰©ä¸°æ”¶,å¥‡ç‰©ä¸°æ”¶
Ecology Research,714,266,2.092436974789916,94.55882352941177,1494.0,714,2.0980662983425415,37.25,ç”Ÿæ€å­¦ç ”ç©¶,ç”Ÿæ€å­¦ç ”ç©¶
Luna Senate,10,4,1.7,128.1,17.0,10,2.1,40.0,æœˆçƒå‚è®®é™¢,æœˆçƒå‚è®®é™¢
Insects,853,299,2.0961313012895664,90.86283704572098,1788.0,853,2.100811123986095,35.05,æ˜†è™«,æ˜†è™«
Aerosport Tournament,621,237,2.101449275362319,95.29790660225443,1305.0,621,2.1077654516640254,38.16,èˆªç©ºè¿åŠ¨é”¦æ ‡èµ›,èˆªç©ºè¿åŠ¨é”¦æ ‡èµ›
Crashlanding,157,58,2.089171974522293,91.89171974522293,328.0,157,2.1137724550898205,36.94,ç´§æ€¥è¿«é™,ç´§æ€¥è¿«é™
Forest Moon (VI),292,107,2.1027397260273974,90.90753424657534,614.0,292,2.115894039735099,36.64,Forest Moon (VI),Forest Moon (VI)
Terraforming Ganymede,1076,408,2.112453531598513,95.182156133829,2273.0,1076,2.116022099447514,37.92,æ”¹é€ æœ¨å«ä¸‰,æ”¹é€ æœ¨å«ä¸‰
Designed Organisms,1116,412,2.118279569892473,92.69802867383513,2364.0,1116,2.121669626998224,36.92,ç”Ÿç‰©ä½“è®¾è®¡,ç”Ÿç‰©ä½“è®¾è®¡
Magnetic Field Generators:ares,437,172,2.116704805491991,94.99313501144165,925.0,437,2.1252796420581657,39.36,Magnetic Field Generators:ares,Magnetic Field Generators:ares
Soil Enrichment,1261,466,2.1245043616177637,88.90087232355273,2679.0,1261,2.127458693941778,36.95,åœŸå£¤æ”¹è‰¯,åœŸå£¤æ”¹è‰¯
Venus Soils,409,150,2.1246943765281174,93.56479217603912,869.0,409,2.1336515513126493,36.67,é‡‘æ˜ŸåœŸå£¤,é‡‘æ˜ŸåœŸå£¤
Freyja Biodomes,947,335,2.1319957761351636,94.38753959873284,2019.0,947,2.135841170323929,35.37,å¼—é›·é›…ç”Ÿæ€é¦†,å¼—é›·é›…ç”Ÿæ€é¦†
Imported Nitrogen,1374,515,2.1404657933042213,90.69359534206696,2941.0,1374,2.143063583815029,37.48,å¼•å…¥æ°®æ°”,å¼•å…¥æ°®æ°”
Clone Technology,933,343,2.1414790996784565,91.43622722400858,1998.0,933,2.1452810180275717,36.76,å…‹éš†ç§‘æŠ€,å…‹éš†ç§‘æŠ€
Venera Base,886,319,2.1433408577878104,91.51467268623024,1899.0,886,2.1473214285714284,36.0,é‡‘æ˜ŸåŸºåœ°,é‡‘æ˜ŸåŸºåœ°
Maxwell Base,896,326,2.1439732142857144,94.76785714285714,1921.0,896,2.1479028697571745,36.38,éº¦å…‹æ–¯éŸ¦åŸºåœ°,éº¦å…‹æ–¯éŸ¦åŸºåœ°
Thorium Rush,17,7,1.9411764705882353,115.3529411764706,33.0,17,2.1481481481481484,41.18,é’é‡‘å±ç‹‚æ½®,é’é‡‘å±ç‹‚æ½®
Herbivores,528,193,2.1420454545454546,88.875,1131.0,528,2.1486988847583643,36.55,é£Ÿè‰åŠ¨ç‰©,é£Ÿè‰åŠ¨ç‰©
Tundra Farming,716,254,2.14804469273743,91.85474860335195,1538.0,716,2.152892561983471,35.47,å†»åŸå†œè€•,å†»åŸå†œè€•
Worms,717,263,2.1492329149232914,88.52440725244072,1541.0,717,2.154057771664374,36.68,è •è™«,è •è™«
Ecological Zone:ares,1444,521,2.153047091412742,89.35110803324099,3109.0,1444,2.155433287482806,36.08,Ecological Zone:ares,Ecological Zone:ares
Harvest,1311,454,2.154843630816171,88.80549199084668,2825.0,1311,2.157456472369417,34.63,ä¸°æ”¶,ä¸°æ”¶
Large Ecological Reserve,904,322,2.1537610619469025,89.76991150442478,1947.0,904,2.1575492341356672,35.62,å¤§å‹ç”Ÿæ€ä¿æŠ¤åŒº,å¤§å‹ç”Ÿæ€ä¿æŠ¤åŒº
Venusian Plants,878,310,2.156036446469248,93.04897494305239,1893.0,878,2.15990990990991,35.31,é‡‘æ˜Ÿæ¤ç‰©,é‡‘æ˜Ÿæ¤ç‰©
Nitrogen-Rich Asteroid,664,245,2.1551204819277108,91.54668674698796,1431.0,664,2.1602373887240356,36.9,å¯Œæ°®å°è¡Œæ˜Ÿ,å¯Œæ°®å°è¡Œæ˜Ÿ
Nanofoundry,520,189,2.1538461538461537,94.40192307692308,1120.0,520,2.160377358490566,36.35,çº³ç±³é“¸é€ å‚,çº³ç±³é“¸é€ å‚
Ocean Sanctuary,1464,531,2.1598360655737703,89.24658469945355,3162.0,1464,2.162143826322931,36.27,æµ·è±š,æµ·è±š
Open City,822,288,2.1581508515815084,90.35036496350365,1774.0,822,2.1622596153846154,35.04,å¼€æ”¾çš„åŸå¸‚,å¼€æ”¾çš„åŸå¸‚
Martian Express,474,166,2.1561181434599157,89.72151898734177,1022.0,474,2.1632231404958677,35.02,ç«æ˜Ÿç‰¹å¿«,ç«æ˜Ÿç‰¹å¿«
Frontier Town,1031,365,2.161008729388943,87.59068865179438,2228.0,1031,2.164265129682997,35.4,è¾¹ç–†å°é•‡,è¾¹ç–†å°é•‡
Mangrove,1241,429,2.161966156325544,88.94681708299758,2683.0,1241,2.16466826538769,34.57,çº¢æ ‘æ—,çº¢æ ‘æ—
Martian Lumber Corp,964,340,2.162863070539419,88.55290456431536,2085.0,964,2.166324435318275,35.27,ç«æ˜Ÿæœ¨æå…¬å¸,ç«æ˜Ÿæœ¨æå…¬å¸
Eos Chasma National Park,1156,407,2.163494809688581,89.68858131487889,2501.0,1156,2.1663807890222984,35.21,Eos å³¡è°·å›½å®¶å…¬å›­,Eos å³¡è°·å›½å®¶å…¬å›­
Anti-Gravity Technology,1384,523,2.1661849710982657,93.43280346820809,2998.0,1384,2.16857962697274,37.79,åé‡åŠ›ç§‘æŠ€,åé‡åŠ›ç§‘æŠ€
Floating Refinery,1511,560,2.170086035737922,89.07412309728656,3279.0,1511,2.1722550953320185,37.06,æ¼‚æµ®ç²¾ç‚¼å‚,æ¼‚æµ®ç²¾ç‚¼å‚
Kaguya Tech,1319,473,2.1705837755875663,89.3699772554966,2863.0,1319,2.1730624529721596,35.86,è¾‰å¤œç§‘æŠ€,è¾‰å¤œç§‘æŠ€
Farming,769,255,2.1690507152145644,89.86605981794538,1668.0,769,2.173299101412067,33.16,å†œä¸š,å†œä¸š
Narrative Spin,13,6,1.9230769230769231,96.84615384615384,25.0,13,2.1739130434782608,46.15,å™äº‹æ“æ§,å™äº‹æ“æ§
Metallic Asteroid,1479,524,2.1724137931034484,86.16430020283975,3213.0,1479,2.1746138347884485,35.43,é‡‘å±é™¨çŸ³,é‡‘å±é™¨çŸ³
Special Design,530,190,2.169811320754717,91.29245283018868,1150.0,530,2.175925925925926,35.85,ç‰¹åˆ«æ„æ€,ç‰¹åˆ«æ„æ€
Luxury Estate,1005,363,2.1731343283582087,91.00597014925373,2184.0,1005,2.1763546798029556,36.12,è±ªååˆ«å¢…,è±ªååˆ«å¢…
Soil Studies,1014,344,2.175542406311637,87.19723865877712,2206.0,1014,2.1787109375,33.93,åœŸå£¤ç ”ç©¶,åœŸå£¤ç ”ç©¶
Red Tourism Wave,794,285,2.177581863979849,88.48614609571788,1729.0,794,2.181592039800995,35.89,çº¢è‰²æ—…æ¸¸é£æ½®,çº¢è‰²æ—…æ¸¸é£æ½®
Private Resorts,12,5,1.9166666666666667,98.08333333333333,23.0,12,2.1818181818181817,41.67,ç§äººåº¦å‡æ‘,ç§äººåº¦å‡æ‘
Hydrogen to Venus,900,329,2.18,90.19888888888889,1962.0,900,2.1835164835164833,36.56,è¾“é€æ°¢æ°”åˆ°é‡‘æ˜Ÿ,è¾“é€æ°¢æ°”åˆ°é‡‘æ˜Ÿ
Greenhouses,1691,586,2.1827321111768185,87.95505617977528,3691.0,1691,2.1845972957084068,34.65,æ¸©å®¤,æ¸©å®¤
Capital:ares,825,285,2.1818181818181817,89.12727272727273,1800.0,825,2.18562874251497,34.55,Capital:ares,Capital:ares
Bactoviral Research,1354,481,2.1868537666174297,91.39217134416543,2961.0,1354,2.189149560117302,35.52,ç»†èŒç—…æ¯’ç ”ç©¶,ç»†èŒç—…æ¯’ç ”ç©¶
Venus Allies,1195,418,2.186610878661088,91.62845188284518,2613.0,1195,2.1892116182572616,34.98,é‡‘æ˜Ÿç›Ÿå‹,é‡‘æ˜Ÿç›Ÿå‹
Bushes,872,309,2.1857798165137616,87.5756880733945,1906.0,872,2.189342403628118,35.44,èŠ±ä¸›,èŠ±ä¸›
An Offer You Can't Refuse,95,35,2.1578947368421053,85.21052631578948,205.0,95,2.1904761904761907,36.84,ä¸€ä¸ªæ— æ³•æ‹’ç»çš„æ¡ä»¶,ä¸€ä¸ªæ— æ³•æ‹’ç»çš„æ¡ä»¶
Restricted Area,142,53,2.1690140845070425,88.67605633802818,308.0,142,2.1907894736842106,37.32,ç®¡åˆ¶åŒº,ç®¡åˆ¶åŒº
Diaspora Movement,1105,393,2.1882352941176473,89.89954751131222,2418.0,1105,2.1910313901345293,35.57,å¤§æµæ•£è¿åŠ¨,å¤§æµæ•£è¿åŠ¨
Atmoscoop,1420,492,2.1894366197183097,89.30492957746479,3109.0,1420,2.1916083916083915,34.65,å¤§æ°”æŸç¼šåœº,å¤§æ°”æŸç¼šåœº
Cultivation of Venus,936,314,2.1891025641025643,90.75854700854701,2049.0,936,2.192389006342495,33.55,é‡‘æ˜Ÿè‚²ç§,é‡‘æ˜Ÿè‚²ç§
Red City,555,200,2.1873873873873872,88.36396396396397,1214.0,555,2.192920353982301,36.04,çº¢åŸ,çº¢åŸ
Public Spaceline,1158,419,2.1934369602763386,90.38169257340242,2540.0,1158,2.1960616438356166,36.18,å…¬å…±å¤ªç©ºèˆªçº¿,å…¬å…±å¤ªç©ºèˆªçº¿
Deimos Down:ares,1163,406,2.1943250214961307,83.98194325021497,2552.0,1163,2.1969309462915603,34.91,Deimos Down:ares,Deimos Down:ares
Trees,804,281,2.1940298507462686,89.1268656716418,1764.0,804,2.197788697788698,34.95,æ ‘,æ ‘
Ocean Farm,993,354,2.1953675730110773,87.59718026183283,2180.0,993,2.1984047856430706,35.65,æµ·æ´‹å†œåœº,æµ·æ´‹å†œåœº
Earth Catapult,1621,600,2.1967921036397287,89.76064157927206,3561.0,1621,2.198651134273452,37.01,åœ°çƒå‘å°„ç«™,åœ°çƒå‘å°„ç«™
AntiGravity Experiment,1248,446,2.1963141025641026,92.49599358974359,2741.0,1248,2.1987281399046106,35.74,åé‡åŠ›å…ˆè¡Œè¯•éªŒ,åé‡åŠ›å…ˆè¡Œè¯•éªŒ
Ishtar Expedition,1691,600,2.1981076286221173,89.13187463039621,3717.0,1691,2.1998824221046442,35.48,ä¼Šä»€å¡”å°”è¿œå¾,ä¼Šä»€å¡”å°”è¿œå¾
Cave City,10,4,1.9,93.8,19.0,10,2.2,40.0,æ´ç©´åŸå¸‚,æ´ç©´åŸå¸‚
Envoys From Venus,1025,366,2.1970731707317075,88.63121951219512,2252.0,1025,2.2,35.71,é‡‘æ˜Ÿæ¥ä½¿,é‡‘æ˜Ÿæ¥ä½¿
Nuclear Zone,134,50,2.1791044776119404,85.50746268656717,292.0,134,2.201388888888889,37.31,æ ¸çˆ†è¾å°„åŒº,æ ¸çˆ†è¾å°„åŒº
Large Convoy,1432,471,2.2004189944134076,90.64874301675978,3151.0,1432,2.20249653259362,32.89,å¤§å‹æŠ¤èˆªé˜Ÿ,å¤§å‹æŠ¤èˆªé˜Ÿ
Heather,851,274,2.199764982373678,87.25616921269095,1872.0,851,2.203252032520325,32.2,å¸šçŸ³æ¥ ,å¸šçŸ³æ¥ 
Venus Magnetizer,614,209,2.198697068403909,89.40228013029316,1350.0,614,2.203525641025641,34.04,é‡‘æ˜Ÿç£åŒ–å™¨,é‡‘æ˜Ÿç£åŒ–å™¨
ğŸŒ¸ç´§æ€¥å›æ”¶ç«™ğŸŒ¸,378,135,2.195767195767196,82.75132275132275,830.0,378,2.2036082474226806,35.71,ğŸŒ¸ç´§æ€¥å›æ”¶ç«™ğŸŒ¸,ç´§æ€¥å›æ”¶ç«™
Sub-zero Salt Fish,548,186,2.198905109489051,91.11861313868613,1205.0,548,2.204301075268817,33.94,é›¶ä¸‹å’¸é±¼,é›¶ä¸‹å’¸é±¼
Hay Maker,761,252,2.202365308804205,82.77792378449409,1676.0,761,2.2062256809338523,33.11,ç‚æ‹³,ç‚æ‹³
Lunar Embassy,1004,361,2.204183266932271,89.7410358565737,2213.0,1004,2.2071005917159763,35.96,æœˆçƒå¤§ä½¿é¦†,æœˆçƒå¤§ä½¿é¦†
Floater-Urbanism,820,297,2.203658536585366,90.8719512195122,1807.0,820,2.207228915662651,36.22,æ–½éŸ¦ä¼¯åŸå¸‚è§„åˆ’,æ–½éŸ¦ä¼¯åŸå¸‚è§„åˆ’
Gyropolis,737,253,2.203527815468114,92.6010854816825,1624.0,737,2.2074966532797857,34.33,æ—‹è½¬éƒ½ä¼š,æ—‹è½¬éƒ½ä¼š
Local Heat Trapping,1030,340,2.2058252427184466,87.52427184466019,2272.0,1030,2.208653846153846,33.01,æœ¬åœ°çš„çƒ­é‡é™·é˜±,æœ¬åœ°çš„çƒ­é‡é™·é˜±
Soil Detoxification,1019,347,2.2070657507360156,85.89303238469087,2249.0,1019,2.2099125364431487,34.05,åœŸå£¤å‡€åŒ–,åœŸå£¤å‡€åŒ–
Lava Flows,90,32,2.1777777777777776,80.55555555555556,196.0,90,2.21,35.56,ç†”å²©æµ,ç†”å²©æµ
Imported Nutrients,1469,499,2.208304969366916,87.96119809394146,3244.0,1469,2.2102772143340093,33.97,è¥å…»ç‰©è¾“å…¥,è¥å…»ç‰©è¾“å…¥
Underground Detonations,85,32,2.176470588235294,99.09411764705882,185.0,85,2.210526315789474,37.65,åœ°ä¸‹çˆ†ç ´,åœ°ä¸‹çˆ†ç ´
Cyanobacteria,1214,416,2.2084019769357495,88.62602965403624,2681.0,1214,2.2107843137254903,34.27,è“è—»èŒ,è“è—»èŒ
Takonda Castle (VII),862,283,2.2088167053364267,86.72041763341068,1904.0,862,2.2121559633027523,32.83,Takonda Castle (VII),Takonda Castle (VII)
Ocean City,1208,398,2.2110927152317883,88.79221854304636,2671.0,1208,2.213464696223317,32.95,æµ·æ´‹åŸå¸‚,æµ·æ´‹åŸå¸‚
Mass Converter,1417,516,2.211714890613973,90.43895553987296,3134.0,1417,2.2137351086194816,36.41,è´¨èƒ½è½¬æ¢å™¨,è´¨èƒ½è½¬æ¢å™¨
Venusian Animals,1589,555,2.2120830711139083,91.49465072372561,3515.0,1589,2.2138836772983113,34.93,é‡‘æ˜ŸåŠ¨ç‰©,é‡‘æ˜ŸåŠ¨ç‰©
Martian Nature Wonders,946,318,2.211416490486258,90.223044397463,2092.0,946,2.2144351464435146,33.62,ç«æ˜Ÿè‡ªç„¶é—äº§,ç«æ˜Ÿè‡ªç„¶é—äº§
Small Animals,642,217,2.210280373831776,88.28816199376946,1419.0,642,2.214723926380368,33.8,å°åŠ¨ç‰©,å°åŠ¨ç‰©
Advanced Ecosystems,1321,449,2.2127176381529146,90.11430734292203,2923.0,1321,2.2148760330578514,33.99,å…ˆè¿›çš„ç”Ÿæ€ç³»ç»Ÿ,å…ˆè¿›çš„ç”Ÿæ€ç³»ç»Ÿ
Magnetic Shield,741,267,2.211875843454791,93.56680161943319,1639.0,741,2.2157123834886816,36.03,ç£å±,ç£å±
Ganymede Colony,1431,488,2.2138364779874213,90.71767994409504,3168.0,1431,2.215822345593338,34.1,æœ¨å«ä¸‰æ®–æ°‘åœ°,æœ¨å«ä¸‰æ®–æ°‘åœ°
Crash Site Cleanup,950,319,2.2136842105263157,89.11263157894737,2103.0,950,2.216666666666667,33.58,é™¨çŸ³å‘æ¸…æ´,é™¨çŸ³å‘æ¸…æ´
Behold The Emperor! (III),73,27,2.1780821917808217,90.43835616438356,159.0,73,2.216867469879518,36.99,Behold The Emperor! (III),Behold The Emperor! (III)
Venus Shuttles,919,331,2.2143634385201305,89.7442872687704,2035.0,919,2.217438105489774,36.02,é‡‘æ˜Ÿç©¿æ¢­æœº,é‡‘æ˜Ÿç©¿æ¢­æœº
Martian Culture,528,188,2.212121212121212,92.88068181818181,1168.0,528,2.217472118959108,35.61,ç«æ˜Ÿæ–‡åŒ–,ç«æ˜Ÿæ–‡åŒ–
Impactor Swarm,755,257,2.214569536423841,89.45562913907285,1672.0,755,2.2183006535947714,34.04,å†²å‡»è™«ç¾¤,å†²å‡»è™«ç¾¤
Meat Industry,1479,530,2.2170385395537524,90.25557809330628,3279.0,1479,2.218938885157824,35.84,è‚‰ç±»å·¥ä¸š,è‚‰ç±»å·¥ä¸š
Bio-Fertilizer Facility,1518,511,2.218050065876153,86.38076416337286,3367.0,1518,2.2198952879581153,33.66,è‚¥æ–™å·¥å‚,è‚¥æ–™å·¥å‚
Aqueduct Systems,1192,421,2.2181208053691277,89.44379194630872,2644.0,1192,2.220465890183028,35.32,å¯¼æ°´ç³»ç»Ÿ,å¯¼æ°´ç³»ç»Ÿ
Capital,76,25,2.1842105263157894,92.34210526315789,166.0,76,2.2209302325581395,32.89,é¦–éƒ½,é¦–éƒ½
Controlled Bloom,1343,461,2.220402084884587,87.11317944899479,2982.0,1343,2.222468588322247,34.33,çˆ†ç ´æ§åˆ¶,çˆ†ç ´æ§åˆ¶
Breeding Farms,578,200,2.2197231833910034,91.50519031141869,1283.0,578,2.2244897959183674,34.6,å…»æ®–å†œåœº,å…»æ®–å†œåœº
Caretaker Contract,194,67,2.211340206185567,93.3298969072165,429.0,194,2.2254901960784315,34.54,ç›‘æŠ¤åˆçº¦,ç›‘æŠ¤åˆçº¦
Space Wargames,921,325,2.222584147665581,90.74592833876221,2047.0,921,2.225563909774436,35.29,å¤ªç©ºæˆ˜äº‰æ¸¸æˆ,å¤ªç©ºæˆ˜äº‰æ¸¸æˆ
Desperate Measures,269,93,2.2156133828996283,79.42379182156134,596.0,269,2.225806451612903,34.57,ç»æœ›æªæ–½,ç»æœ›æªæ–½
Birds,730,250,2.223287671232877,89.88356164383562,1623.0,730,2.227027027027027,34.25,é¸Ÿ,é¸Ÿ
Urban Decomposers,825,276,2.224242424242424,91.06545454545454,1835.0,825,2.2275449101796405,33.45,éƒ½å¸‚åˆ†è§£è€…,éƒ½å¸‚åˆ†è§£è€…
Asteroid Resources,857,283,2.2252042007001167,86.9708284714119,1907.0,857,2.2283737024221453,33.02,å°è¡Œæ˜Ÿèµ„æº,å°è¡Œæ˜Ÿèµ„æº
Nitrophilic Moss,554,192,2.223826714801444,85.50902527075812,1232.0,554,2.228723404255319,34.66,å—œä¸­æ€§è‹”è—“,å—œä¸­æ€§è‹”è—“
Methane From Titan,580,185,2.2241379310344827,91.6655172413793,1290.0,580,2.2288135593220337,31.9,æ¥è‡ªæ³°å¦çš„ç”²çƒ·,æ¥è‡ªæ³°å¦çš„ç”²çƒ·
Fish,818,271,2.226161369193154,89.30073349633251,1821.0,818,2.2294685990338166,33.13,é±¼,é±¼
Terraforming Robots,626,216,2.2252396166134187,93.1964856230032,1393.0,626,2.229559748427673,34.5,æ”¹é€ æœºå™¨äºº,æ”¹é€ æœºå™¨äºº
Venus Governor,1506,533,2.2284196547144752,88.12549800796813,3356.0,1506,2.230211081794195,35.39,é‡‘æ˜Ÿæ€»ç£,é‡‘æ˜Ÿæ€»ç£
Colonial Envoys,372,126,2.2231182795698925,87.44623655913979,827.0,372,2.230366492146597,33.87,æ®–æ°‘ç‰¹ä½¿,æ®–æ°‘ç‰¹ä½¿
Cultural Metropolis,680,232,2.226470588235294,87.98529411764706,1514.0,680,2.2304347826086954,34.12,å¤šå…ƒåŒ–éƒ½å¸‚,å¤šå…ƒåŒ–éƒ½å¸‚
Molecular Printing,1655,559,2.230211480362538,87.62356495468278,3691.0,1655,2.231831831831832,33.78,åˆ†å­æ‰“å°,åˆ†å­æ‰“å°
Air-Scrapping Expedition,901,297,2.2308546059933407,88.24750277469478,2010.0,901,2.2338090010976948,32.96,é‡‘æ˜Ÿæ”¹é€ è¿œå¾é˜Ÿ,é‡‘æ˜Ÿæ”¹é€ è¿œå¾é˜Ÿ
Industrial Center:ares,1352,454,2.2322485207100593,86.8905325443787,3018.0,1352,2.2342143906020557,33.58,Industrial Center:ares,Industrial Center:ares
Vermin,182,63,2.21978021978022,85.35164835164835,404.0,182,2.234375,34.62,å®³å…½,å®³å…½
Artificial Lake,478,168,2.2301255230125525,89.26569037656904,1066.0,478,2.235655737704918,35.15,äººå·¥æ¹–,äººå·¥æ¹–
Ecological Survey,1139,369,2.2335381913959615,89.16066725197541,2544.0,1139,2.2358572671888597,32.4,ç”Ÿæ€è°ƒæŸ¥,ç”Ÿæ€è°ƒæŸ¥
Symbiotic Fungus,880,293,2.2329545454545454,86.2159090909091,1965.0,880,2.235955056179775,33.3,å…±ç”ŸçœŸèŒ,å…±ç”ŸçœŸèŒ
Martian Monuments,222,76,2.225225225225225,92.97747747747748,494.0,222,2.2370689655172415,34.23,ç«æ˜Ÿçºªå¿µç¢‘,ç«æ˜Ÿçºªå¿µç¢‘
Solar Logistics,807,279,2.2342007434944238,91.12887236679059,1803.0,807,2.2374541003671973,34.57,å¤ªé˜³èƒ½ç‰©æµ,å¤ªé˜³èƒ½ç‰©æµ
Urbanized Area,689,229,2.2336719883889695,91.05805515239477,1539.0,689,2.2374821173104436,33.24,åŸå¸‚åŒ–åŒºåŸŸ,åŸå¸‚åŒ–åŒºåŸŸ
Vote Of No Confidence,234,84,2.2264957264957266,84.88888888888889,521.0,234,2.237704918032787,35.9,ä¸ä¿¡ä»»ç¥¨,ä¸ä¿¡ä»»ç¥¨
Sulphur-Eating Bacteria,1996,683,2.2364729458917836,86.2565130260521,4464.0,1996,2.2377866400797606,34.22,ç¡«ç£ºåå™¬èŒ,ç¡«ç£ºåå™¬èŒ
Microgravimetry,11,4,2.0,103.27272727272727,22.0,11,2.238095238095238,36.36,å¾®é‡åŠ›æµ‹é‡,å¾®é‡åŠ›æµ‹é‡
Deepnuking,11,5,2.0,87.0,22.0,11,2.238095238095238,45.45,æ·±å±‚æ ¸çˆ†,æ·±å±‚æ ¸çˆ†
HE3 Fusion Plant,11,4,2.0,3.8181818181818183,22.0,11,2.238095238095238,36.36,HE3èšå˜èƒ½å‘ç”µç«™,HE3èšå˜èƒ½å‘ç”µç«™
Towing A Comet,953,310,2.236096537250787,84.09024134312696,2131.0,953,2.2388369678089304,32.53,ç‰µå¼•å½—æ˜Ÿ,ç‰µå¼•å½—æ˜Ÿ
Astra Mechanica,1666,566,2.2376950780312126,87.11704681872749,3728.0,1666,2.2392601431980905,33.97,æ˜Ÿæ¢°ä¼š,æ˜Ÿæ¢°ä¼š
Kelp Farming,1133,378,2.237422771403354,86.99205648720212,2535.0,1133,2.2397200349956257,33.36,å…»æ®–æµ·è—»,å…»æ®–æµ·è—»
Teslaract,311,106,2.2315112540192925,90.63987138263666,694.0,311,2.2398753894080996,34.08,æ³°æ–¯æ‹‰ç«‹æ–¹ä½“,æ³°æ–¯æ‹‰ç«‹æ–¹ä½“
Tardigrades,894,291,2.237136465324385,82.74384787472036,2000.0,894,2.2400442477876106,32.55,ç¼“æ­¥å¾®ç”Ÿç‰©,ç¼“æ­¥å¾®ç”Ÿç‰©
Plant Smuggling,1132,385,2.2385159010600706,86.71378091872792,2534.0,1132,2.2408056042031523,34.01,æ¤ç‰©èµ°ç§é›†å›¢,æ¤ç‰©èµ°ç§é›†å›¢
Tosche Station (IV),428,135,2.235981308411215,87.30140186915888,957.0,428,2.2420091324200913,31.54,Tosche Station (IV),Tosche Station (IV)
Public Celebrations,444,154,2.2364864864864864,86.88513513513513,993.0,444,2.2422907488986783,34.68,å…¬å¼€åº†å…¸,å…¬å¼€åº†å…¸
Soil Factory,449,147,2.2383073496659245,91.85523385300668,1005.0,449,2.24400871459695,32.74,åœŸå£¤å·¥å‚,åœŸå£¤å·¥å‚
Microgravity Nutrition,653,219,2.2404287901990814,89.99540581929556,1463.0,653,2.244343891402715,33.54,å¾®é‡åŠ›è¥å…»å­¦,å¾®é‡åŠ›è¥å…»å­¦
Expedition to the Surface - Venus,1325,448,2.2437735849056604,87.8022641509434,2973.0,1325,2.245692883895131,33.81,é‡‘æ˜Ÿè¡¨é¢æ¢é™©,é‡‘æ˜Ÿè¡¨é¢æ¢é™©
WG Project,1022,344,2.2436399217221137,86.94716242661448,2293.0,1022,2.246124031007752,33.66,WG é¡¹ç›®,WG é¡¹ç›®
Energy Market,1562,519,2.2445582586427655,87.11203585147247,3506.0,1562,2.24618320610687,33.23,èƒ½æºå¸‚åœº,èƒ½æºå¸‚åœº
Stratospheric Birds,1170,383,2.2452991452991453,91.01282051282051,2627.0,1170,2.247457627118644,32.74,å¹³æµå±‚çš„é¸Ÿç±»,å¹³æµå±‚çš„é¸Ÿç±»
Water Import From Europa,1240,410,2.245967741935484,91.57661290322581,2785.0,1240,2.248,33.06,ä»æ¬§ç½—å·´(æœ¨å«äºŒ)æ³¨å…¥æ°´æº,ä»æ¬§ç½—å·´(æœ¨å«äºŒ)æ³¨å…¥æ°´æº
Grass,961,302,2.2455775234131115,84.40686784599376,2158.0,961,2.248197734294542,31.43,è‰,è‰
We Grow As One,46,16,2.1956521739130435,91.47826086956522,101.0,46,2.25,34.78,æˆ‘ä»¬ä¸€èµ·æˆé•¿,æˆ‘ä»¬ä¸€èµ·æˆé•¿
Price Wars,10,4,2.0,102.4,20.0,10,2.25,40.0,ä»·æ ¼æˆ˜,ä»·æ ¼æˆ˜
Landfill,125,44,2.232,83.88,279.0,125,2.251851851851852,35.2,åƒåœ¾å¡«åŸ‹åœº,åƒåœ¾å¡«åŸ‹åœº
Special Permit,484,162,2.2479338842975207,85.54132231404958,1088.0,484,2.2530364372469633,33.47,ç‰¹åˆ«è®¸å¯,ç‰¹åˆ«è®¸å¯
Titan Air-scrapping,404,131,2.2475247524752477,94.61386138613861,908.0,404,2.253623188405797,32.43,å¤„ç†æ³°å¦ç©ºæ°”,å¤„ç†æ³°å¦ç©ºæ°”
Anthozoa,580,186,2.25,88.6448275862069,1305.0,580,2.2542372881355934,32.07,çŠç‘šåŠ¨ç‰©,çŠç‘šåŠ¨ç‰©
Permafrost Extraction,449,144,2.249443207126949,86.22048997772829,1010.0,449,2.2549019607843137,32.07,å†»åœŸç²¾ç‚¼,å†»åœŸç²¾ç‚¼
Venus Trade Hub,1386,463,2.2554112554112553,88.55194805194805,3126.0,1386,2.257163323782235,33.41,é‡‘æ˜Ÿè´¸æ˜“ä¸­å¿ƒ,é‡‘æ˜Ÿè´¸æ˜“ä¸­å¿ƒ
Cloud City (V),1164,397,2.2551546391752577,86.96134020618557,2625.0,1164,2.2572402044293014,34.11,Cloud City (V),Cloud City (V)
Decomposers,1708,542,2.2558548009367683,86.84953161592506,3853.0,1708,2.2572759022118745,31.73,åˆ†è§£è€…,åˆ†è§£è€…
Sabotage,688,208,2.254360465116279,85.48837209302326,1551.0,688,2.2578796561604584,30.23,è“„æ„ç ´å,è“„æ„ç ´å
Hospitals,1291,411,2.2571649883811,88.68164213787762,2914.0,1291,2.259031514219831,31.84,åŒ»é™¢,åŒ»é™¢
Protected Growth,318,109,2.251572327044025,79.76100628930817,716.0,318,2.2591463414634148,34.28,å—ä¿æŠ¤çš„ç”Ÿé•¿,å—ä¿æŠ¤çš„ç”Ÿé•¿
Magnetic Field Generators:promo,44,17,2.2045454545454546,94.3409090909091,97.0,44,2.259259259259259,38.64,Magnetic Field Generators:promo,Magnetic Field Generators:promo
GMO Contract,1578,515,2.258555133079848,85.9721166032953,3564.0,1578,2.2600755667506296,32.64,è½¬åŸºå› ç”Ÿç‰©åˆçº¦,è½¬åŸºå› ç”Ÿç‰©åˆçº¦
Protected Habitats,712,229,2.2570224719101124,86.38904494382022,1607.0,712,2.260387811634349,32.16,å—ä¿æŠ¤çš„æ –æ¯åœ°,å—ä¿æŠ¤çš„æ –æ¯åœ°
Secret Labs,1351,453,2.2590673575129534,88.35159141376758,3052.0,1351,2.2608376193975017,33.53,ç§˜å¯†å®éªŒå®¤,ç§˜å¯†å®éªŒå®¤
Hired Raiders:u,13,5,2.076923076923077,48.92307692307692,27.0,13,2.260869565217391,38.46,é›‡ä½£è¢­å‡»è€…,é›‡ä½£è¢­å‡»è€…
Mining Area:ares,1280,429,2.26015625,86.41796875,2893.0,1280,2.262015503875969,33.52,Mining Area:ares,Mining Area:ares
Ice Cap Melting,257,80,2.252918287937743,86.89105058365759,579.0,257,2.262172284644195,31.13,å†°å·èåŒ–,å†°å·èåŒ–
New Holland,450,141,2.2577777777777777,87.76444444444445,1016.0,450,2.2630434782608697,31.33,æ–°è·å…°,æ–°è·å…°
Jovian Lanterns,729,242,2.2606310013717423,91.81481481481481,1648.0,729,2.263870094722598,33.2,æœ¨æ˜Ÿç¯,æœ¨æ˜Ÿç¯
Forced Precipitation,702,216,2.2606837606837606,87.37464387464388,1587.0,702,2.264044943820225,30.77,å¼ºåˆ¶é™æ°´,å¼ºåˆ¶é™æ°´
Natural Preserve,77,23,2.2337662337662336,88.18181818181819,172.0,77,2.264367816091954,29.87,è‡ªç„¶ä¿æŠ¤åŒº,è‡ªç„¶ä¿æŠ¤åŒº
Clone Troopers (II),322,103,2.2577639751552794,90.36645962732919,727.0,322,2.2650602409638556,31.99,Clone Troopers (II),Clone Troopers (II)
Huygens Observatory,1365,445,2.2637362637362637,87.37362637362638,3090.0,1365,2.2654545454545456,32.6,æƒ æ›´æ–¯å¤©æ–‡å°,æƒ æ›´æ–¯å¤©æ–‡å°
Data Leak,445,141,2.2606741573033706,88.8067415730337,1006.0,445,2.265934065934066,31.69,æ•°æ®æ³„éœ²,æ•°æ®æ³„éœ²
Pollinators,422,139,2.2606635071090047,91.37203791469194,954.0,422,2.2662037037037037,32.94,æˆç²‰è€…,æˆç²‰è€…
Moon Tether,1031,335,2.265761396702231,90.62366634335596,2336.0,1031,2.2680115273775217,32.49,åœ°æœˆè¿ç»“,åœ°æœˆè¿ç»“
ğŸŒ¸ç½®åœ°ä¸°æ”¶ğŸŒ¸,325,103,2.2615384615384615,82.00615384615385,735.0,325,2.2686567164179103,31.69,ğŸŒ¸ç½®åœ°ä¸°æ”¶ğŸŒ¸,ç½®åœ°ä¸°æ”¶
Electric Sheep,663,216,2.2654600301659125,92.20060331825037,1502.0,663,2.2689450222882614,32.58,ç”µå­ç¾Š,ç”µå­ç¾Š
Mare Serenitatis Mine,16,5,2.125,106.5625,34.0,16,2.269230769230769,31.25,æ¾„æµ·çŸ¿å±±,æ¾„æµ·çŸ¿å±±
Pride of the Earth Arkship,539,175,2.2653061224489797,94.00556586270872,1221.0,539,2.2695810564663024,32.47,åœ°çƒæ–¹èˆŸçš„éª„å‚²,åœ°çƒæ–¹èˆŸçš„éª„å‚²
Jovian Envoys,731,239,2.2667578659370724,89.70177838577291,1657.0,731,2.2699055330634277,32.69,æœ¨æ˜Ÿæ¥ä½¿,æœ¨æ˜Ÿæ¥ä½¿
L1 Trade Terminal,976,322,2.2684426229508197,90.95389344262296,2214.0,976,2.27079107505071,32.99,L1 è´¸æ˜“ç»ˆç«¯,L1 è´¸æ˜“ç»ˆç«¯
Terraforming Control Station,1663,540,2.269993986770896,87.20264582080577,3775.0,1663,2.2713687985654514,32.47,æ”¹é€ æ§åˆ¶ç«™,æ”¹é€ æ§åˆ¶ç«™
Bioengineering Enclosure,609,200,2.2676518883415433,91.42528735632185,1381.0,609,2.27140549273021,32.84,ç”Ÿç‰©å·¥ç¨‹ç»„ä»¶,ç”Ÿç‰©å·¥ç¨‹ç»„ä»¶
ğŸŒ¸å‰æ¤ç¹èŒ‚ğŸŒ¸,443,143,2.2663656884875847,82.78103837471784,1004.0,443,2.271523178807947,32.28,ğŸŒ¸å‰æ¤ç¹èŒ‚ğŸŒ¸,å‰æ¤ç¹èŒ‚
Imported Hydrogen,1562,513,2.270806658130602,86.46606914212548,3547.0,1562,2.272264631043257,32.84,å¤–éƒ¨æ³¨å…¥æ°¢æ°”,å¤–éƒ¨æ³¨å…¥æ°¢æ°”
Algae,859,269,2.270081490104773,86.47613504074505,1950.0,859,2.272727272727273,31.32,æµ·è—»,æµ·è—»
Lunar Mine Urbanization,12,5,2.0833333333333335,68.25,25.0,12,2.272727272727273,41.67,æœˆçƒé‡‡çŸ¿åŸå¸‚åŒ–,æœˆçƒé‡‡çŸ¿åŸå¸‚åŒ–
Extremophiles,1842,592,2.271986970684039,86.13626492942454,4185.0,1842,2.273218142548596,32.14,æç«¯å¾®ç”Ÿç‰©,æç«¯å¾®ç”Ÿç‰©
Hydrothermal Vent Archaea,1358,430,2.271723122238586,86.61782032400589,3085.0,1358,2.2733918128654973,31.66,æ·±æµ·çƒ­æ³‰ç»†èŒ,æ·±æµ·çƒ­æ³‰ç»†èŒ
Space Port,942,316,2.2717622080679405,90.1443736730361,2140.0,942,2.274159663865546,33.55,å¤ªç©ºæ¸¯,å¤ªç©ºæ¸¯
Red Ships,1636,541,2.2732273838630808,86.02506112469437,3719.0,1636,2.27460510328068,33.07,çº¢è‰²èˆ°é˜Ÿ,çº¢è‰²èˆ°é˜Ÿ
Sponsoring Nation,609,194,2.270935960591133,91.6896551724138,1383.0,609,2.274636510500808,31.86,ä¸»åŠå›½,ä¸»åŠå›½
Red Spot Observatory,1669,565,2.2738166566806473,88.73457159976033,3795.0,1669,2.275163787969029,33.85,çº¢æ–‘å®éªŒå®¤,çº¢æ–‘å®éªŒå®¤
Cloud Tourism,1370,436,2.2737226277372264,89.292700729927,3115.0,1370,2.2753623188405796,31.82,äº‘ç«¯æ—…æ¸¸,äº‘ç«¯æ—…æ¸¸
Underground Detonators,19,8,2.1578947368421053,100.63157894736842,41.0,19,2.2758620689655173,42.11,åœ°ä¸‹ç‚¸å¼¹,åœ°ä¸‹ç‚¸å¼¹
Interplanetary Alliance,1663,548,2.274804570054119,88.29464822609741,3783.0,1663,2.276150627615063,32.95,æ˜Ÿé™…è”é‚¦,æ˜Ÿé™…è”é‚¦
Solar Farm,1123,369,2.27426536064114,84.81389136242208,2554.0,1123,2.2762577228596648,32.86,å¤ªé˜³èƒ½å†œåœº,å¤ªé˜³èƒ½å†œåœº
Trade Embargo (I),149,53,2.261744966442953,89.1006711409396,337.0,149,2.2767295597484276,35.57,Trade Embargo (I),Trade Embargo (I)
Airliners,627,200,2.274322169059011,89.73365231259969,1426.0,627,2.2778649921507066,31.9,èˆªç©ºå…¬å¸,èˆªç©ºå…¬å¸
Thermophiles,1011,320,2.2759643916913945,88.24233432245302,2301.0,1011,2.278158667972576,31.65,å—œçƒ­èŒ,å—œçƒ­èŒ
Specialized Settlement,1090,357,2.276146788990826,86.49174311926606,2481.0,1090,2.2781818181818183,32.75,ä¸“ä¸šå®šå±…ç‚¹,ä¸“ä¸šå®šå±…ç‚¹
Tropical Resort,449,137,2.2739420935412027,88.728285077951,1021.0,449,2.2788671023965144,30.51,çƒ­å¸¦åº¦å‡èƒœåœ°,çƒ­å¸¦åº¦å‡èƒœåœ°
Solarpedia,241,89,2.2697095435684647,92.96680497925311,547.0,241,2.2788844621513946,36.93,å¤ªé˜³ç³»ç™¾ç§‘å…¨ä¹¦,å¤ªé˜³ç³»ç™¾ç§‘å…¨ä¹¦
Interplanetary Transport,1067,349,2.2774133083411434,89.51640112464855,2430.0,1067,2.279480037140204,32.71,æ˜Ÿé™…è¿è¾“,æ˜Ÿé™…è¿è¾“
Darkside Mining Syndicate,15,3,2.1333333333333333,110.06666666666666,32.0,15,2.28,20.0,æš—é¢çŸ¿ä¸šè”ç›Ÿ,æš—é¢çŸ¿ä¸šè”ç›Ÿ
Domed Crater,618,190,2.2766990291262137,84.73624595469256,1407.0,618,2.2802547770700636,30.74,åœ†é¡¶ç«å±±å£,åœ†é¡¶ç«å±±å£
Giant Ice Asteroid,888,274,2.2781531531531534,81.88626126126127,2023.0,888,2.2806236080178173,30.86,å·¨å†°è¡Œæ˜Ÿ,å·¨å†°è¡Œæ˜Ÿ
Geological Expedition,1079,358,2.278962001853568,89.8563484708063,2459.0,1079,2.28099173553719,33.18,åœ°è´¨æ¢é™©,åœ°è´¨æ¢é™©
Penguins,1273,401,2.2804399057344855,87.92930086410055,2903.0,1273,2.2821512081060016,31.5,ä¼é¹…,ä¼é¹…
Media Archives,1623,537,2.2809611829944547,86.60320394331485,3702.0,1623,2.2823025107164727,33.09,å¤šåª’ä½“æ¡£æ¡ˆåº“,å¤šåª’ä½“æ¡£æ¡ˆåº“
Respiration Enhance,993,338,2.280966767371601,88.10976837865056,2265.0,993,2.2831505483549352,34.04,å‘¼å¸ä½œç”¨å¢å¼º,å‘¼å¸ä½œç”¨å¢å¼º
Fleet Recycling,1036,338,2.281853281853282,88.4034749034749,2364.0,1036,2.283938814531549,32.63,é£èˆ¹å›æ”¶,é£èˆ¹å›æ”¶
Neutralizer Factory,1299,435,2.2832948421862973,88.7197844495766,2966.0,1299,2.284950343773873,33.49,ä¸­å’Œå‰‚å·¥å‚,ä¸­å’Œå‰‚å·¥å‚
Geoscan Satellite,11,4,2.090909090909091,42.45454545454545,23.0,11,2.2857142857142856,36.36,åœ°è´¨æ‰«æå«æ˜Ÿ,åœ°è´¨æ‰«æå«æ˜Ÿ
Political Alliance,479,157,2.2818371607515657,87.49686847599165,1093.0,479,2.2862985685071573,32.78,æ”¿æ²»ç»“ç›Ÿ,æ”¿æ²»ç»“ç›Ÿ
Earth Office,1698,558,2.2850412249705534,87.02414605418139,3880.0,1698,2.2862997658079625,32.86,åœ°çƒåŠå…¬å®¤,åœ°çƒåŠå…¬å®¤
Wildlife Dome,1316,392,2.2857142857142856,83.60030395136778,3008.0,1316,2.2873303167420813,29.79,é‡ç”Ÿç”Ÿç‰©ç©¹é¡¶,é‡ç”Ÿç”Ÿç‰©ç©¹é¡¶
Venusian Insects,1796,604,2.2861915367483294,87.62193763919822,4106.0,1796,2.287375415282392,33.63,é‡‘æ˜Ÿæ˜†è™«,é‡‘æ˜Ÿæ˜†è™«
Butterfly Effect,435,136,2.282758620689655,89.9287356321839,993.0,435,2.2876404494382023,31.26,è´è¶æ•ˆåº”,è´è¶æ•ˆåº”
Industrial Center,63,23,2.253968253968254,89.41269841269842,142.0,63,2.287671232876712,36.51,å·¥ä¸šä¸­å¿ƒ,å·¥ä¸šä¸­å¿ƒ
Jupiter Floating Station,1232,392,2.2865259740259742,89.53652597402598,2817.0,1232,2.288244766505636,31.82,æœ¨æ˜Ÿæµ®åŠ¨ç«™,æœ¨æ˜Ÿæµ®åŠ¨ç«™
Cupola City,752,239,2.285904255319149,85.98005319148936,1719.0,752,2.288713910761155,31.78,ç©¹é¡¶èˆ±åŸå¸‚,ç©¹é¡¶èˆ±åŸå¸‚
Floater Leasing,388,125,2.283505154639175,89.15721649484536,886.0,388,2.2889447236180906,32.22,æ¼‚æµ®ç‰©ç§Ÿè´·,æ¼‚æµ®ç‰©ç§Ÿè´·
Research Outpost,1778,571,2.2879640044994374,85.99831271091114,4068.0,1778,2.289149888143177,32.11,ç§‘ç ”å‰å“¨ç«™,ç§‘ç ”å‰å“¨ç«™
Arctic Algae,891,273,2.287317620650954,83.19753086419753,2038.0,891,2.2896781354051052,30.64,åŒ—æçš„è—»ç±»æ¤ç‰©,åŒ—æçš„è—»ç±»æ¤ç‰©
Viral Enhancers,1911,617,2.2888540031397175,85.82417582417582,4374.0,1911,2.2899531494013536,32.29,ç—…æ¯’å¢å¼º,ç—…æ¯’å¢å¼º
Export Convoy,90,32,2.2666666666666666,66.83333333333333,204.0,90,2.29,35.56,å‡ºå£èˆ¹é˜Ÿ,å‡ºå£èˆ¹é˜Ÿ
HE3 Refinery,21,8,2.1904761904761907,85.71428571428571,46.0,21,2.2903225806451615,38.1,HE3ç²¾ç‚¼å‚,HE3ç²¾ç‚¼å‚
Wetlands,405,123,2.28641975308642,83.60740740740741,926.0,405,2.291566265060241,30.37,æ¹¿åœ°,æ¹¿åœ°
Luna Governor,1259,424,2.289912629070691,86.9626687847498,2883.0,1259,2.2915681639085896,33.68,æœˆçƒæ”¿åºœ,æœˆçƒæ”¿åºœ
Directed Heat Usage,1183,379,2.289940828402367,86.97717666948436,2709.0,1183,2.291701592623638,32.04,çƒ­èƒ½å®šå‘åˆ©ç”¨,çƒ­èƒ½å®šå‘åˆ©ç”¨
Land Claim,880,265,2.289772727272727,88.77727272727273,2015.0,880,2.292134831460674,30.11,å®£ç§°é¢†åœŸ,å®£ç§°é¢†åœŸ
Lava Flows:ares,702,223,2.2891737891737893,80.63247863247864,1607.0,702,2.292134831460674,31.77,Lava Flows:ares,Lava Flows:ares
Media Group,1673,548,2.2910938433950987,85.10101613867305,3833.0,1673,2.2923351158645278,32.76,åª’ä½“å›¢é˜Ÿ,åª’ä½“å›¢é˜Ÿ
Great Dam:ares,1231,370,2.2908204711616573,84.67099918765231,2820.0,1231,2.2925060435132956,30.06,Great Dam:ares,Great Dam:ares
Big Asteroid,1280,393,2.29140625,84.45546875,2933.0,1280,2.2930232558139534,30.7,å¤§å‹å°è¡Œæ˜Ÿ,å¤§å‹å°è¡Œæ˜Ÿ
Interstellar Colony Ship,942,316,2.290870488322718,90.85774946921444,2158.0,942,2.293067226890756,33.55,æ˜Ÿé™…æ®–æ°‘é£èˆ¹,æ˜Ÿé™…æ®–æ°‘é£èˆ¹
Conscription,1539,490,2.2917478882391165,86.32163742690058,3527.0,1539,2.2930923176242737,31.84,å¾å…µ,å¾å…µ
Dyson Screens,1153,354,2.2914137033824806,86.96790980052039,2642.0,1153,2.293207222699914,30.7,æˆ´æ£®å±,æˆ´æ£®å±
Aerial Mappers,1534,498,2.292046936114733,87.21903520208605,3516.0,1534,2.29339378238342,32.46,èˆªç©ºåˆ¶å›¾å™¨,èˆªç©ºåˆ¶å›¾å™¨
CEO's Favorite Project,1233,393,2.291970802919708,87.76317923763179,2826.0,1233,2.2936444086886563,31.87,CEOæœ€å–œæ¬¢çš„é¡¹ç›®,CEOæœ€å–œæ¬¢çš„é¡¹ç›®
GHG Import From Venus,374,128,2.2887700534759357,89.61229946524064,856.0,374,2.2942708333333335,34.22,ä»é‡‘æ˜Ÿå¯¼å…¥æ¸©å®¤æ°”ä½“,ä»é‡‘æ˜Ÿå¯¼å…¥æ¸©å®¤æ°”ä½“
Lichen,662,215,2.293051359516616,87.46374622356495,1518.0,662,2.2961309523809526,32.48,é’è‹”,é’è‹”
Titan Manufacturing Colony,17,6,2.176470588235294,95.17647058823529,37.0,17,2.2962962962962963,35.29,é’›åˆ¶é€ æ®–æ°‘åœ°,é’›åˆ¶é€ æ®–æ°‘åœ°
Rare-Earth Elements,762,247,2.293963254593176,87.14435695538057,1748.0,762,2.2966321243523318,32.41,ç¨€åœŸå…ƒç´ ,ç¨€åœŸå…ƒç´ 
Luxury Foods,968,306,2.2954545454545454,89.41115702479338,2222.0,968,2.2975460122699385,31.61,å¥¢é¡å¤§é¤,å¥¢é¡å¤§é¤
Sulphur Exports,920,299,2.2956521739130435,87.72608695652174,2112.0,920,2.2978494623655914,32.5,ç¡«ç£ºå‡ºå£è´¸æ˜“,ç¡«ç£ºå‡ºå£è´¸æ˜“
Darkside Incubation Plant,178,59,2.2865168539325844,86.56179775280899,407.0,178,2.297872340425532,33.15,æš—é¢å­µåŒ–è®¾æ–½,æš—é¢å­µåŒ–è®¾æ–½
Stratospheric Expedition,1811,583,2.297073440088349,87.19050248481501,4160.0,1811,2.298187808896211,32.19,å¹³æµå±‚è¿œå¾,å¹³æµå±‚è¿œå¾
Venus University,1609,514,2.2970789310130515,87.82038533250466,3696.0,1609,2.298332303891291,31.95,é‡‘æ˜Ÿå¤§å­¦,é‡‘æ˜Ÿå¤§å­¦
Space Port Colony,1287,386,2.2968142968142966,89.62082362082361,2956.0,1287,2.298380878951426,29.99,å¤ªç©ºæ¸¯æ®–æ°‘åœ°,å¤ªç©ºæ¸¯æ®–æ°‘åœ°
Biobatteries,97,33,2.2783505154639174,84.50515463917526,221.0,97,2.2990654205607477,34.02,ç”Ÿç‰©ç”µæ± ,ç”Ÿç‰©ç”µæ± 
Pets,1487,463,2.2979152656355075,87.79085406859448,3417.0,1487,2.2992651970607882,31.14,å® ç‰©,å® ç‰©
Tunneling Subcontractor,10,4,2.1,32.6,21.0,10,2.3,40.0,éš§é“å·¥ç¨‹åˆ†åŒ…å•†,éš§é“å·¥ç¨‹åˆ†åŒ…å•†
Asteroid Rights,1546,487,2.298835705045278,85.65265200517464,3554.0,1546,2.30012853470437,31.5,å°è¡Œæ˜ŸæƒåŠ›,å°è¡Œæ˜ŸæƒåŠ›
Insulation,239,74,2.292887029288703,89.17154811715481,548.0,239,2.3012048192771086,30.96,ç»ç¼˜,ç»ç¼˜
Commercial District,86,29,2.2790697674418605,90.40697674418605,196.0,86,2.3020833333333335,33.72,å•†ä¸šåŒº,å•†ä¸šåŒº
Mining Rights,119,42,2.2857142857142856,88.41176470588235,272.0,119,2.302325581395349,35.29,é‡‡çŸ¿æƒ,é‡‡çŸ¿æƒ
Aerial Lenses,152,46,2.289473684210526,79.14473684210526,348.0,152,2.302469135802469,30.26,å¯¹ç©ºé€é•œ,å¯¹ç©ºé€é•œ
GHG Producing Bacteria,829,253,2.3003618817852836,84.37032569360676,1907.0,829,2.302741358760429,30.52,æ¸©å®¤æ°”ä½“ç”Ÿäº§ç»†èŒ,æ¸©å®¤æ°”ä½“ç”Ÿäº§ç»†èŒ
Floating Habs,1456,461,2.301510989010989,87.54052197802197,3351.0,1456,2.3028649386084585,31.66,æ¼‚æµ®èˆ±,æ¼‚æµ®èˆ±
Zeppelins,353,119,2.2974504249291785,90.56373937677054,811.0,353,2.303030303030303,33.71,é½æŸæ—é£è‰‡,é½æŸæ—é£è‰‡
Project Inspection,1507,455,2.3019243530192437,87.26410086264102,3469.0,1507,2.3032300593276203,30.19,é¡¹ç›®æ£€æµ‹,é¡¹ç›®æ£€æµ‹
Fall of Sunrise,1408,432,2.3025568181818183,84.21448863636364,3242.0,1408,2.3039492242595205,30.68,æ‹‚æ™“é™¨è½,æ‹‚æ™“é™¨è½
Dawn City,1227,387,2.302363488182559,89.40994295028524,2825.0,1227,2.3039611964430073,31.54,æ‹‚æ™“ä¹‹åŸ,æ‹‚æ™“ä¹‹åŸ
Moss,638,193,2.300940438871473,87.47335423197492,1468.0,638,2.3040123456790123,30.25,è‹”è—“,è‹”è—“
Warp Drive,1465,481,2.3030716723549487,89.2901023890785,3374.0,1465,2.304406779661017,32.83,æ›²ç‡å¼•æ“,æ›²ç‡å¼•æ“
Whales,340,112,2.3,94.82352941176471,782.0,340,2.3057142857142856,32.94,é²¸é±¼,é²¸é±¼
Sister Planet Support,1388,458,2.3047550432276656,86.94740634005764,3199.0,1388,2.3061516452074393,33.0,å§Šå¦¹æ˜Ÿçƒæ”¯æŒ,å§Šå¦¹æ˜Ÿçƒæ”¯æŒ
Saturn Surfing,1609,513,2.305158483530143,87.95773772529522,3709.0,1609,2.3063619518221126,31.88,åœŸæ˜Ÿå†²æµª,åœŸæ˜Ÿå†²æµª
Summit Logistics,1260,410,2.3055555555555554,86.5531746031746,2905.0,1260,2.3070866141732282,32.54,å³°ä¼šåå‹¤,å³°ä¼šåå‹¤
Orbital Reflectors,605,191,2.304132231404959,85.79504132231405,1394.0,605,2.3073170731707315,31.57,è½¨é“åå°„é•œ,è½¨é“åå°„é•œ
Noctis Farming,1397,423,2.306370794559771,86.23550465282749,3222.0,1397,2.3077469793887704,30.28,è¯ºææ–¯å†œè€•,è¯ºææ–¯å†œè€•
Carbonate Processing,305,97,2.301639344262295,85.8295081967213,702.0,305,2.3079365079365077,31.8,ç¢³é…¸ç›å¤„ç†,ç¢³é…¸ç›å¤„ç†
Topsoil Contract,1904,591,2.307247899159664,83.82563025210084,4393.0,1904,2.3082549634273772,31.04,è¡¨åœŸåˆçº¦,è¡¨åœŸåˆçº¦
Equatorial Magnetizer,220,75,2.3,87.33181818181818,506.0,220,2.3086956521739133,34.09,èµ¤é“å¯¼ç£ä½“,èµ¤é“å¯¼ç£ä½“
Magnetic Field Dome,511,160,2.305283757338552,90.37377690802349,1178.0,511,2.309021113243762,31.31,ç£åŠ›åŒºåŸŸåœ†é¡¶,ç£åŠ›åŒºåŸŸåœ†é¡¶
Expedition Vehicles,802,264,2.306733167082294,90.51745635910224,1850.0,802,2.3091133004926108,32.92,è¿œå¾è½¦,è¿œå¾è½¦
Starcore Mining,1745,583,2.3088825214899713,87.07106017191977,4029.0,1745,2.30997150997151,33.41,æ˜Ÿæ ¸å¼€é‡‡,æ˜Ÿæ ¸å¼€é‡‡
Hermetic Order of Mars,518,166,2.306949806949807,85.44980694980696,1195.0,518,2.3106060606060606,32.05,ç«æ˜Ÿç§˜æ•™,ç«æ˜Ÿç§˜æ•™
Noctis City,1023,314,2.3088954056695994,86.69794721407625,2362.0,1023,2.3107454017424978,30.69,è¯ºææ–¯åŸ,è¯ºææ–¯åŸ
Last Resort Ingenuity,459,146,2.30718954248366,86.43572984749456,1059.0,459,2.3113006396588487,31.81,å³å…´æ‰èƒ½,å³å…´æ‰èƒ½
Refugee Camps,638,209,2.3087774294670846,85.99686520376176,1473.0,638,2.3117283950617282,32.76,éš¾æ°‘è¥,éš¾æ°‘è¥
Fueled Generators,1054,348,2.310246679316888,87.22485768500948,2435.0,1054,2.31203007518797,33.02,ç‡ƒæ–™å‘åŠ¨æœº,ç‡ƒæ–™å‘åŠ¨æœº
Kickstarter,985,296,2.3106598984771574,87.63350253807107,2276.0,985,2.312562814070352,30.05,KSä¼—ç­¹,KSä¼—ç­¹
Communication Center,633,215,2.309636650868878,88.18009478672985,1462.0,633,2.312597200622084,33.97,é€šè®¯ä¸­å¿ƒ,é€šè®¯ä¸­å¿ƒ
Beam From A Thorium Asteroid,379,100,2.308707124010554,88.37467018469657,875.0,379,2.3136246786632393,26.39,é’è¡Œæ˜Ÿå°„çº¿,é’è¡Œæ˜Ÿå°„çº¿
Comet,908,272,2.3116740088105727,81.85903083700441,2099.0,908,2.3137254901960786,29.96,å½—æ˜Ÿ,å½—æ˜Ÿ
Ice Asteroid,935,293,2.312299465240642,84.59786096256684,2162.0,935,2.3142857142857145,31.34,ç»“å†°è¡Œæ˜Ÿ,ç»“å†°è¡Œæ˜Ÿ
Friends in High Places,114,40,2.2982456140350878,66.08771929824562,262.0,114,2.314516129032258,35.09,é«˜å±‚äººè„‰,é«˜å±‚äººè„‰
Banned Delegate,262,82,2.3091603053435112,84.4885496183206,605.0,262,2.3161764705882355,31.3,è¿æ³•ä»£è¡¨,è¿æ³•ä»£è¡¨
Voltaic Metallurgy,654,222,2.3134556574923546,89.47094801223241,1513.0,654,2.316265060240964,33.94,ä¼æ‰“å†¶é‡‘,ä¼æ‰“å†¶é‡‘
Immigration Shuttles,616,194,2.313311688311688,89.96428571428571,1425.0,616,2.31629392971246,31.49,ç§»æ°‘èˆªå¤©æœº,ç§»æ°‘èˆªå¤©æœº
Plantation,1438,441,2.3150208623087623,86.39568845618915,3329.0,1438,2.3162983425414363,30.67,ç§æ¤å›­,ç§æ¤å›­
Io Sulphur Research,1517,508,2.3150955833882665,88.55174686882005,3512.0,1517,2.3163064833005893,33.49,æœ¨å«ä¸€çš„ç¡«ç£ºç ”ç©¶,æœ¨å«ä¸€çš„ç¡«ç£ºç ”ç©¶
Olympus Conference,1916,613,2.316283924843424,87.07567849686848,4438.0,1916,2.3172377985462096,31.99,å¥¥æ—å·´æ–¯å³°ä¼š,å¥¥æ—å·´æ–¯å³°ä¼š
Giant Solar Shade,888,289,2.3164414414414414,86.37837837837837,2057.0,888,2.318485523385301,32.55,å·¨å‹æ—¥å…‰é®è”½å™¨,å·¨å‹æ—¥å…‰é®è”½å™¨
Mohole Area:ares,486,138,2.314814814814815,78.86008230452676,1125.0,486,2.318548387096774,28.4,Mohole Area:ares,Mohole Area:ares
Ants,1223,381,2.3172526573998367,86.56336876533115,2834.0,1223,2.318734793187348,31.15,èš‚èš,èš‚èš
Air Raid,905,276,2.3171270718232044,86.57016574585636,2097.0,905,2.3191256830601095,30.5,ç©ºè¢­,ç©ºè¢­
Homeostasis Bureau,939,275,2.318423855165069,82.09265175718849,2177.0,939,2.320337197049526,29.29,ç¨³æ€ç®¡ç†å±€,ç¨³æ€ç®¡ç†å±€
Market Manipulation,951,291,2.3186119873817033,83.80336487907466,2205.0,951,2.3204994797086367,30.6,æ“æ§å¸‚åœº,æ“æ§å¸‚åœº
Dust Storm,616,190,2.3181818181818183,80.89772727272727,1428.0,616,2.3210862619808306,30.84,æ²™å°˜æš´,æ²™å°˜æš´
Solar Probe,1651,533,2.3210175651120535,86.9327680193822,3832.0,1651,2.3220951234196265,32.28,å¤ªé˜³æ¢æµ‹å™¨,å¤ªé˜³æ¢æµ‹å™¨
Titan Floating Launch-pad,1035,314,2.320772946859903,86.95072463768116,2402.0,1035,2.322488038277512,30.34,æ³°å¦æ¼‚æµ®ç‰©èµ·é£å¹³å°,æ³°å¦æ¼‚æµ®ç‰©èµ·é£å¹³å°
Soil Export,21,7,2.238095238095238,31.285714285714285,47.0,21,2.3225806451612905,33.33,åœŸå£¤å‡ºå£,åœŸå£¤å‡ºå£
St. Joseph of Cupertino Mission,495,164,2.319191919191919,89.0969696969697,1148.0,495,2.3227722772277226,33.13,åº“æ¯”è’‚è¯ºåœ£çº¦ç‘Ÿå¤«ä¼ æ•™å›¢,åº“æ¯”è’‚è¯ºåœ£çº¦ç‘Ÿå¤«ä¼ æ•™å›¢
Deimos Down:promo,117,38,2.3076923076923075,81.1025641025641,270.0,117,2.322834645669291,32.48,Deimos Down:promo,Deimos Down:promo
New Venice,1182,375,2.3214890016920475,86.65059221658207,2744.0,1182,2.322986577181208,31.73,æ–°å¨å°¼æ–¯,æ–°å¨å°¼æ–¯
Cow,1368,417,2.323099415204678,85.50292397660819,3178.0,1368,2.3243831640058055,30.48,å¥¶ç‰›,å¥¶ç‰›
Solarnet,1372,429,2.323615160349854,87.55830903790087,3188.0,1372,2.324891461649783,31.27,å¤ªé˜³ç³»ç½‘ç»œ,å¤ªé˜³ç³»ç½‘ç»œ
Productive Outpost,1193,367,2.3235540653813915,87.09807208717518,2772.0,1193,2.3250207813798838,30.76,ç”Ÿäº§å‰å“¨ç«™,ç”Ÿäº§å‰å“¨ç«™
Energy Supply,1091,334,2.323556370302475,84.85334555453713,2535.0,1091,2.3251589464123525,30.61,ç”µåŠ›è¡¥ç»™,ç”µåŠ›è¡¥ç»™
Local Shading,1299,400,2.324865280985373,85.35950731331793,3020.0,1299,2.3262032085561497,30.79,å±€éƒ¨é®è”½,å±€éƒ¨é®è”½
Mars Hot Spring,1096,338,2.3257299270072993,83.62408759124088,2549.0,1096,2.3273056057866186,30.84,ç«æ˜Ÿæ¸©æ³‰,ç«æ˜Ÿæ¸©æ³‰
Sky Docks,1660,534,2.3265060240963855,86.83433734939759,3862.0,1660,2.3275449101796406,32.17,å¤ªç©ºç å¤´,å¤ªç©ºç å¤´
Jovian Expedition,1349,420,2.327650111193477,87.4477390659748,3140.0,1349,2.328918322295806,31.13,æœ¨æ˜Ÿè¿œå¾,æœ¨æ˜Ÿè¿œå¾
Cassini Station,730,210,2.328767123287671,89.18493150684931,1700.0,730,2.331081081081081,28.77,å¡è¥¿å°¼å¤ªç©ºç«™,å¡è¥¿å°¼å¤ªç©ºç«™
Restricted Area:ares,1553,493,2.330328396651642,85.34191886670959,3619.0,1553,2.331413947536788,31.75,Restricted Area:ares,Restricted Area:ares
Snow Algae,294,88,2.326530612244898,85.35714285714286,684.0,294,2.3322368421052633,29.93,é›ªè—»,é›ªè—»
Orbital Laboratories,1055,312,2.3308056872037914,85.07298578199052,2459.0,1055,2.332394366197183,29.57,è½¨é“å®éªŒå®¤,è½¨é“å®éªŒå®¤
Field-Capped City,1227,349,2.3317033414832924,85.89405052974735,2861.0,1227,2.3330638641875505,28.44,ç£åœºç©¹é¡¶åŸå¸‚,ç£åœºç©¹é¡¶åŸå¸‚
Black Polar Dust,335,97,2.328358208955224,80.61791044776119,780.0,335,2.3333333333333335,28.96,é»‘è‰²çš„æåœ°å°˜åŸƒ,é»‘è‰²çš„æåœ°å°˜åŸƒ
Excavator Leasing,14,4,2.2142857142857144,85.35714285714286,31.0,14,2.3333333333333335,28.57,æŒ–æ˜æœºç§Ÿèµ,æŒ–æ˜æœºç§Ÿèµ
Protected Valley,1107,319,2.332429990966576,84.21409214092141,2582.0,1107,2.333930170098478,28.82,å—ä¿æŠ¤çš„å±±è„‰,å—ä¿æŠ¤çš„å±±è„‰
Ceres Spaceport,930,284,2.332258064516129,88.75913978494624,2169.0,930,2.3340425531914892,30.54,è°·ç¥æ˜Ÿå¤ªç©ºæ¸¯,è°·ç¥æ˜Ÿå¤ªç©ºæ¸¯
Carbon Nanosystems,1732,528,2.3331408775981526,86.02020785219399,4041.0,1732,2.3340987370838118,30.48,ç¢³çº³ç±³ç³»ç»Ÿ,ç¢³çº³ç±³ç³»ç»Ÿ
Nitrite Reducing Bacteria,612,183,2.331699346405229,85.4281045751634,1427.0,612,2.334405144694534,29.9,äºšç¡é…¸ç›è¿˜åŸèŒ,äºšç¡é…¸ç›è¿˜åŸèŒ
Hired Raiders,1331,397,2.3335837716003005,85.92261457550714,3106.0,1331,2.3348247576435495,29.83,é›‡ä½£æ å¤ºè€…,é›‡ä½£æ å¤ºè€…
Trantor,1591,502,2.3356379635449405,86.25644248900063,3716.0,1591,2.3366645846346032,31.55,å·é™€,å·é™€
Unexpected Application,1497,440,2.336005344021376,86.07147628590515,3497.0,1497,2.3370935633709355,29.39,æ„å¤–åº”ç”¨,æ„å¤–åº”ç”¨
Waste Incinerator,1507,454,2.3364299933643,84.80358327803583,3521.0,1507,2.3375082399472644,30.13,åƒåœ¾ç„šçƒ§ç«™,åƒåœ¾ç„šçƒ§ç«™
Spin-off Department,1456,463,2.3365384615384617,86.3853021978022,3402.0,1456,2.3376534788540244,31.8,å‰¯äº§å“éƒ¨é—¨,å‰¯äº§å“éƒ¨é—¨
Think Tank,490,150,2.3346938775510204,89.73469387755102,1144.0,490,2.338,30.61,æ™ºåº“,æ™ºåº“
Asteroid,1314,414,2.337138508371385,84.41704718417047,3071.0,1314,2.338368580060423,31.51,å°è¡Œæ˜Ÿ,å°è¡Œæ˜Ÿ
Sponsored Academies,1774,540,2.3376550169109356,86.33089064261556,4147.0,1774,2.3385650224215246,30.44,å­¦æœ¯èµåŠ©,å­¦æœ¯èµåŠ©
Peroxide Power,929,288,2.3369214208826694,86.17115177610334,2171.0,929,2.3386581469648564,31.0,è¿‡æ°§åŒ–æ°¢èƒ½æº,è¿‡æ°§åŒ–æ°¢èƒ½æº
Mining Rights:ares,1413,428,2.337579617834395,84.93842887473461,3303.0,1413,2.3387210119465918,30.29,Mining Rights:ares,Mining Rights:ares
Predators,530,156,2.3358490566037737,91.31698113207547,1238.0,530,2.338888888888889,29.43,æ•é£Ÿè€…,æ•é£Ÿè€…
Quantum Extractor,1335,436,2.337827715355805,87.85093632958801,3121.0,1335,2.3390334572490707,32.66,é‡å­æå–,é‡å­æå–
PR Office,1101,336,2.337874659400545,85.52861035422343,2574.0,1101,2.3393339333933394,30.52,å…¬å…³åŠå…¬å®¤,å…¬å…³åŠå…¬å®¤
Underground City,585,173,2.336752136752137,86.7897435897436,1367.0,585,2.339495798319328,29.57,åœ°ä¸‹åŸ,åœ°ä¸‹åŸ
Nitrogen from Titan,997,301,2.338014042126379,89.1394182547643,2331.0,997,2.339622641509434,30.19,åœŸå«å…­æ°®æ°”,åœŸå«å…­æ°®æ°”
Rover Construction,1738,514,2.3394706559263523,85.39067894131185,4066.0,1738,2.3403890160183067,29.57,æ¼«æ¸¸è€…å»ºè®¾,æ¼«æ¸¸è€…å»ºè®¾
ğŸŒ¸åŸç”µè½¬èƒ½ğŸŒ¸,494,140,2.338056680161943,81.77935222672065,1155.0,494,2.3412698412698414,28.34,ğŸŒ¸åŸç”µè½¬èƒ½ğŸŒ¸,åŸç”µè½¬èƒ½
Atalanta Planitia Lab,1934,596,2.341261633919338,87.5124095139607,4528.0,1934,2.3420781893004117,30.82,äºšç‰¹å…°å¤§å®éªŒå®¤,äºšç‰¹å…°å¤§å®éªŒå®¤
Venus Waystation,1881,595,2.3413078149920254,85.87985114300903,4404.0,1881,2.3421470121628767,31.63,é‡‘æ˜Ÿä¸­è½¬ç«™,é‡‘æ˜Ÿä¸­è½¬ç«™
Energy Station,1159,350,2.340811044003451,84.05176876617774,2713.0,1159,2.3421727972626174,30.2,èƒ½æºç«™,èƒ½æºç«™
Solar Storm,732,213,2.3401639344262297,83.48633879781421,1713.0,732,2.3423180592991915,29.1,å¤ªé˜³é£æš´,å¤ªé˜³é£æš´
Optimal Aerobraking,1360,428,2.3419117647058822,84.57941176470588,3185.0,1360,2.343065693430657,31.47,æœ€ä¼˜çš„ç©ºæ°”åŠ¨åŠ›åˆ¶åŠ¨,æœ€ä¼˜çš„ç©ºæ°”åŠ¨åŠ›åˆ¶åŠ¨
Aerobraked Ammonia Asteroid,127,34,2.3307086614173227,90.51968503937007,296.0,127,2.343065693430657,26.77,æ°®æ°”å°è¡Œæ˜Ÿ,æ°®æ°”å°è¡Œæ˜Ÿ
Floater Technology,876,266,2.3413242009132422,88.40525114155251,2051.0,876,2.3431151241534987,30.37,æ¼‚æµ®ç‰©ç§‘æŠ€,æ¼‚æµ®ç‰©ç§‘æŠ€
Rego Plastics,1356,394,2.342182890855457,86.00811209439529,3176.0,1356,2.343338213762811,29.06,è¡¨åœŸå¡‘æ–™,è¡¨åœŸå¡‘æ–™
Event Analysts,852,263,2.341549295774648,85.98239436619718,1995.0,852,2.34338747099768,30.87,äº‹ä»¶åˆ†æ,äº‹ä»¶åˆ†æ
High Temp. Superconductors,782,238,2.3414322250639388,84.36317135549872,1831.0,782,2.3434343434343434,30.43,è¶…å¯¼ä½“æ”¹è¿›,è¶…å¯¼ä½“æ”¹è¿›
Io Mining Industries,1032,317,2.3420542635658914,90.1172480620155,2417.0,1032,2.343570057581574,30.72,æœ¨å«ä¸€çŸ¿ä¸š,æœ¨å«ä¸€çŸ¿ä¸š
Virus,840,257,2.342857142857143,84.64285714285714,1968.0,840,2.344705882352941,30.6,ç—…æ¯’,ç—…æ¯’
Psychrophiles,1036,316,2.3436293436293436,83.99034749034749,2428.0,1036,2.3451242829827916,30.5,å—œå†·æ€§ç»†èŒ,å—œå†·æ€§ç»†èŒ
Release of Inert Gases,523,157,2.3422562141491396,89.31548757170172,1225.0,523,2.345215759849906,30.02,é‡Šæ”¾æƒ°æ€§æ°”ä½“,é‡Šæ”¾æƒ°æ€§æ°”ä½“
Solar Wind Power,1713,524,2.344424985405721,86.04319906596614,4016.0,1713,2.34532791642484,30.59,å¤ªé˜³é£,å¤ªé˜³é£
Geodesic Tents,16,7,2.25,111.5625,36.0,16,2.3461538461538463,43.75,åœ°çƒä»ªå½¢å¸ç¯·,åœ°çƒä»ªå½¢å¸ç¯·
Commercial District:ares,897,261,2.3444816053511706,86.09476031215162,2103.0,897,2.34619625137817,29.1,Commercial District:ares,Commercial District:ares
Terraforming Contract,708,221,2.346045197740113,85.14689265536722,1661.0,708,2.348189415041783,31.21,æ”¹é€ åˆåŒ,æ”¹é€ åˆåŒ
Space Debris Cleaning Operation,1647,503,2.347905282331512,83.96903460837888,3867.0,1647,2.3488231744115873,30.54,å¤ªç©ºåƒåœ¾æ¸…ç†,å¤ªç©ºåƒåœ¾æ¸…ç†
Floyd Continuum,1738,536,2.348101265822785,84.75373993095512,4081.0,1738,2.348970251716247,30.84,å¼—æ´›ä¼Šå¾·è¿ç»­ä½“,å¼—æ´›ä¼Šå¾·è¿ç»­ä½“
Power Infrastructure,725,218,2.3475862068965516,87.34896551724138,1702.0,725,2.349659863945578,30.07,ç”µåŠ›åŸºç¡€è®¾ç½®,ç”µåŠ›åŸºç¡€è®¾ç½®
Geologist Team,10,5,2.2,86.7,22.0,10,2.35,50.0,åœ°è´¨å­¦å®¶å›¢é˜Ÿ,åœ°è´¨å­¦å®¶å›¢é˜Ÿ
Underground Research Center,10,3,2.2,93.1,22.0,10,2.35,30.0,åœ°ä¸‹ç ”ç©¶ä¸­å¿ƒ,åœ°ä¸‹ç ”ç©¶ä¸­å¿ƒ
Corona Extractor,965,289,2.349222797927461,87.17927461139897,2267.0,965,2.350769230769231,29.95,æ—¥å†•æå–å™¨,æ—¥å†•æå–å™¨
Minority Refuge,1569,462,2.349904397705545,84.29636711281071,3687.0,1569,2.35085497150095,29.45,å°‘æ•°æ°‘æ—éš¾æ°‘,å°‘æ•°æ°‘æ—éš¾æ°‘
Cartel,1017,340,2.3500491642084564,87.34218289085545,2390.0,1017,2.3515092502434274,33.43,åŒä¸šè”ç›Ÿ,åŒä¸šè”ç›Ÿ
Cutting Edge Technology,1784,537,2.350896860986547,85.51457399103138,4194.0,1784,2.351727982162765,30.1,å‰æ²¿ç§‘æŠ€,å‰æ²¿ç§‘æŠ€
Wave Power,1031,303,2.3511154219204657,85.86614936954413,2424.0,1031,2.3525456292026896,29.39,æ½®æ±èƒ½æº,æ½®æ±èƒ½æº
Rad-chem Factory,1053,319,2.3513770180436846,85.89838556505224,2476.0,1053,2.3527751646284103,30.29,è¾å°„åŒ–å­¦å·¥å‚,è¾å°„åŒ–å­¦å·¥å‚
Mohole Lake,584,159,2.3510273972602738,80.63356164383562,1373.0,584,2.3535353535353534,27.23,è«éœæ¹–,è«éœæ¹–
Lobby Halls,999,308,2.3523523523523524,84.88588588588588,2350.0,999,2.3538156590683847,30.83,è®®ä¼šå¤§å…,è®®ä¼šå¤§å…
Energy Tapping,603,181,2.351575456053068,84.84742951907131,1418.0,603,2.3539967373572592,30.02,èƒ½é‡å¼€å‘,èƒ½é‡å¼€å‘
Border Checkpoint,1193,372,2.352891869237217,84.83738474434199,2807.0,1193,2.3541147132169575,31.18,è¾¹å¢ƒæ£€æŸ¥ç«™,è¾¹å¢ƒæ£€æŸ¥ç«™
Indentured Workers,1535,465,2.3537459283387623,83.82084690553746,3613.0,1535,2.354692556634304,30.29,åˆåŒå·¥,åˆåŒå·¥
Global Audit,21,6,2.2857142857142856,62.19047619047619,48.0,21,2.3548387096774195,28.57,å…¨çƒå®¡è®¡,å…¨çƒå®¡è®¡
Public Sponsored Grant,1052,329,2.3536121673003803,85.95152091254752,2476.0,1052,2.354990583804143,31.27,å…¬å…±è¡¥è´´,å…¬å…±è¡¥è´´
Subterranean Reservoir,868,262,2.3536866359447006,82.20506912442396,2043.0,868,2.355353075170843,30.18,åœ°ä¸‹æ°´åº“,åœ°ä¸‹æ°´åº“
Water to Venus,1082,335,2.355822550831793,85.82809611829944,2549.0,1082,2.357142857142857,30.96,è¾“é€æ°´æºåˆ°é‡‘æ˜Ÿ,è¾“é€æ°´æºåˆ°é‡‘æ˜Ÿ
Darkside Smugglers' Union,18,6,2.2777777777777777,119.27777777777777,41.0,18,2.357142857142857,33.33,Darkside Smugglers' Union,Darkside Smugglers' Union
Lava Tube Settlement,771,223,2.3553826199740597,87.49935149156939,1816.0,771,2.357234314980794,28.92,ç†”å²©åŸ,ç†”å²©åŸ
Immigrant City,1353,398,2.3569844789356984,86.31855136733185,3189.0,1353,2.3580337490829053,29.42,ç§»æ°‘åŸå¸‚,ç§»æ°‘åŸå¸‚
Rust Eating Bacteria,339,91,2.353982300884956,82.98230088495575,798.0,339,2.358166189111748,26.84,é”ˆèš€ç»†èŒ,é”ˆèš€ç»†èŒ
Space Monster Park,1545,507,2.3572815533980584,86.81747572815534,3642.0,1545,2.3581993569131834,32.82,å¤ªç©ºæ€ªå…½ä¹å›­,å¤ªç©ºæ€ªå…½ä¹å›­
Supported Research,1412,421,2.3576487252124645,84.86543909348443,3329.0,1412,2.3586497890295357,29.82,å—æ‰¶æŒçš„ç ”ç©¶,å—æ‰¶æŒçš„ç ”ç©¶
Jovian Defense Department,1177,351,2.3576890399320307,87.88105352591334,2775.0,1177,2.358887952822241,29.82,æœ¨æ˜Ÿé˜²ç©ºç½²,æœ¨æ˜Ÿé˜²ç©ºç½²
AI Controlled Mine Network,15,5,2.2666666666666666,106.13333333333334,34.0,15,2.36,33.33,AIæ§åˆ¶é‡‡çŸ¿ç½‘ç»œ,AIæ§åˆ¶é‡‡çŸ¿ç½‘ç»œ
Jovian Embassy,1406,425,2.359174964438122,87.99786628733997,3317.0,1406,2.360169491525424,30.23,æœ¨æ˜Ÿå¤§ä½¿é¦†,æœ¨æ˜Ÿå¤§ä½¿é¦†
Lunar Mining,942,309,2.358811040339703,87.81210191082802,2222.0,942,2.360294117647059,32.8,æœˆçƒæŒ–æ˜,æœˆçƒæŒ–æ˜
Research Colony,1652,498,2.3595641646489103,86.1725181598063,3898.0,1652,2.3604091456077017,30.15,ç ”ç©¶æ®–æ°‘åœ°,ç ”ç©¶æ®–æ°‘åœ°
Interplanetary Colony Ship,1574,461,2.3595933926302415,84.66772554002542,3714.0,1574,2.360479797979798,29.29,æ˜Ÿé™…æ®–æ°‘èˆ¹,æ˜Ÿé™…æ®–æ°‘èˆ¹
Invention Contest,1778,561,2.359955005624297,84.65748031496064,4196.0,1778,2.360738255033557,31.55,å‘æ˜ç«äº‰,å‘æ˜ç«äº‰
Dusk Laser Mining,1549,466,2.3602324080051647,85.49903163331182,3656.0,1549,2.3611289288005133,30.08,é»„æ˜æ¿€å…‰çŸ¿ä¸š,é»„æ˜æ¿€å…‰çŸ¿ä¸š
Mercurian Alloys,1558,473,2.360718870346598,85.66431322207958,3678.0,1558,2.361607142857143,30.36,æ°´æ˜Ÿåˆé‡‘,æ°´æ˜Ÿåˆé‡‘
Pioneer Settlement,1253,362,2.36073423782921,83.22027134876296,2958.0,1253,2.3618368962787013,28.89,å®šå±…ç‚¹,å®šå±…ç‚¹
Breathing Filters,1155,353,2.361038961038961,88.47099567099568,2727.0,1155,2.362231759656652,30.56,å‘¼å¸è¿‡æ»¤å™¨,å‘¼å¸è¿‡æ»¤å™¨
Orbital Cleanup,1721,522,2.3625798954096457,86.53515398024405,4066.0,1721,2.3633737723859043,30.33,è½¨é“æ¸…æ´,è½¨é“æ¸…æ´
Business Contacts,1732,551,2.3625866050808315,84.5513856812933,4092.0,1732,2.3633754305396097,31.81,å•†ä¸šåˆåŒ,å•†ä¸šåˆåŒ
Martian Dust Processing Plant,498,148,2.36144578313253,87.33333333333333,1176.0,498,2.3641732283464565,29.72,ç²‰å°˜åŠ å·¥å‚,ç²‰å°˜åŠ å·¥å‚
Flooding,811,238,2.3625154130702835,82.38471023427867,1916.0,811,2.364190012180268,29.35,æ´ªæ°´,æ´ªæ°´
Research,1749,534,2.3636363636363638,85.81761006289308,4134.0,1749,2.3644115974985787,30.53,ç ”ç©¶,ç ”ç©¶
Bio Printing Facility,459,126,2.3616557734204795,87.45533769063181,1084.0,459,2.3646055437100215,27.45,ç”Ÿç‰©æ‰“å°è®¾å¤‡,ç”Ÿç‰©æ‰“å°è®¾å¤‡
Return to Abandoned Technology,1405,416,2.3637010676156582,86.16512455516015,3321.0,1405,2.3646643109540637,29.61,åºŸç¨¿å›æ”¶,åºŸç¨¿å›æ”¶
Martian Repository,719,226,2.3630041724617525,90.62865090403338,1699.0,719,2.364883401920439,31.43,ç«æ˜Ÿä»“åº“,ç«æ˜Ÿä»“åº“
Livestock,452,135,2.3628318584070795,91.65044247787611,1068.0,452,2.365800865800866,29.87,ç•œç‰§,ç•œç‰§
Miranda Resort,1535,478,2.365472312703583,86.55635179153094,3631.0,1535,2.3663430420711973,31.14,ç±³å…°è¾¾åº¦å‡æ‘,ç±³å…°è¾¾åº¦å‡æ‘
Sister Planet Sponsors,1308,408,2.3654434250764527,86.49617737003058,3094.0,1308,2.366464339908953,31.19,å§Šå¦¹æ˜ŸçƒèµåŠ©,å§Šå¦¹æ˜ŸçƒèµåŠ©
Asteroid Deflection System,762,237,2.3648293963254594,85.94488188976378,1802.0,762,2.366580310880829,31.1,å°è¡Œæ˜Ÿé˜²å«ç³»ç»Ÿ,å°è¡Œæ˜Ÿé˜²å«ç³»ç»Ÿ
Agro-Drones,137,42,2.3576642335766422,90.43065693430657,323.0,137,2.36734693877551,30.66,å†œä¸šæ— äººæœº,å†œä¸šæ— äººæœº
Prefabrication of Human Habitats,420,120,2.3642857142857143,87.52857142857142,993.0,420,2.3674418604651164,28.57,æˆ¿å±‹é¢„åˆ¶,æˆ¿å±‹é¢„åˆ¶
Battery Factory,635,201,2.3653543307086613,89.06771653543306,1502.0,635,2.3674418604651164,31.65,ç”µæ± å·¥å‚,ç”µæ± å·¥å‚
Import of Advanced GHG,877,261,2.3660205245153936,84.30672748004561,2075.0,877,2.367531003382187,29.76,è¾“å…¥é«˜çº§æ¸©å®¤æ°”ä½“,è¾“å…¥é«˜çº§æ¸©å®¤æ°”ä½“
Power Supply Consortium,594,186,2.3653198653198655,88.65993265993266,1405.0,594,2.3675496688741724,31.31,ç”µåŠ›ä¾›åº”å…±åŒä½“,ç”µåŠ›ä¾›åº”å…±åŒä½“
Trading Colony,1127,339,2.368234250221828,85.58473824312334,2669.0,1127,2.3693931398416885,30.08,äº¤æ˜“æ®–æ°‘åœ°,äº¤æ˜“æ®–æ°‘åœ°
Mars University,1825,568,2.3687671232876713,84.69589041095891,4323.0,1825,2.369482288828338,31.12,ç«æ˜Ÿå¤§å­¦,ç«æ˜Ÿå¤§å­¦
Corporate Stronghold,593,163,2.367622259696459,82.39629005059022,1404.0,593,2.369817578772803,27.49,å…¬å¸æ®ç‚¹,å…¬å¸æ®ç‚¹
Mare Imbrium Mine,17,5,2.2941176470588234,83.47058823529412,39.0,17,2.3703703703703702,29.41,é›¨æµ·çŸ¿å±±,é›¨æµ·çŸ¿å±±
New Colony Planning Initiatives,17,3,2.2941176470588234,67.88235294117646,39.0,17,2.3703703703703702,17.65,New Colony Planning Initiatives,New Colony Planning Initiatives
ArchaeBacteria,619,161,2.368336025848142,82.63489499192245,1466.0,619,2.370429252782194,26.01,å¤ç»†èŒç±»,å¤ç»†èŒç±»
Energy Saving,222,71,2.364864864864865,91.04054054054055,525.0,222,2.3706896551724137,31.98,èŠ‚èƒ½å‡æ’,èŠ‚èƒ½å‡æ’
Jet Stream Microscrappers,427,132,2.36768149882904,83.14519906323186,1011.0,427,2.3707093821510297,30.91,æ€¥æµé‡‡é›†å™¨,æ€¥æµé‡‡é›†å™¨
Corroder Suits,1147,331,2.3705318221447254,85.70706190061028,2719.0,1147,2.3716508210890233,28.86,é˜²æŠ¤æœ,é˜²æŠ¤æœ
Recruitment,571,171,2.369527145359019,85.14535901926445,1353.0,571,2.3717728055077454,29.95,é›‡ä½£,é›‡ä½£
Dirigibles,1286,375,2.3716951788491447,85.7846034214619,3050.0,1286,2.372685185185185,29.16,æ‚¬æµ®è‰‡,æ‚¬æµ®è‰‡
Parliament Hall,338,96,2.3698224852071004,85.9171597633136,801.0,338,2.3735632183908044,28.4,è®®ä¼šå¤§å…,è®®ä¼šå¤§å…
æ˜Ÿé™…ç¢å±‘,623,190,2.3723916532905296,85.79293739967898,1478.0,623,2.374407582938389,30.5,æ˜Ÿé™…ç¢å±‘,æ˜Ÿé™…ç¢å±‘
Luna Metropolis,1266,379,2.373617693522907,87.48736176935229,3005.0,1266,2.3746081504702192,29.94,æœˆç¥éƒ½ä¼š,æœˆç¥éƒ½ä¼š
Nobel Labs,1094,320,2.373857404021938,87.71755027422303,2597.0,1094,2.375,29.25,è¯ºè´å°”åŠ³åŠ¨å¥–,è¯ºè´å°”åŠ³åŠ¨å¥–
Underground Amusement Park,14,3,2.2857142857142856,42.857142857142854,32.0,14,2.375,21.43,åœ°ä¸‹æ¸¸ä¹å›­,åœ°ä¸‹æ¸¸ä¹å›­
Hydrogen Processing Plant,419,118,2.372315035799523,86.31980906921241,994.0,419,2.375291375291375,28.16,æ°¢æ°”å¤„ç†å‚,æ°¢æ°”å¤„ç†å‚
Sub-Crust Measurements,1600,494,2.37625,85.761875,3802.0,1600,2.3770186335403727,30.88,æµ‹é‡åœ°å£³,æµ‹é‡åœ°å£³
Microbiology Patents,1040,299,2.3759615384615387,83.97788461538461,2471.0,1040,2.3771428571428572,28.75,å¾®ç”Ÿç‰©å­¦ä¸“åˆ©,å¾®ç”Ÿç‰©å­¦ä¸“åˆ©
Extreme-Cold Fungus,581,163,2.3752151462994835,81.93459552495698,1380.0,581,2.3773265651438242,28.06,æå¯’çœŸèŒ,æå¯’çœŸèŒ
Ozone Generators,149,49,2.3691275167785233,94.24161073825503,353.0,149,2.3773584905660377,32.89,è‡­æ°§ç”Ÿæˆå™¨,è‡­æ°§ç”Ÿæˆå™¨
Botanical Experience,970,267,2.377319587628866,85.11752577319588,2306.0,970,2.3785714285714286,27.53,æ¤ç‰©ä¸“ä¸šçŸ¥è¯†,æ¤ç‰©ä¸“ä¸šçŸ¥è¯†
Mohole Area,56,15,2.357142857142857,82.16071428571429,132.0,56,2.378787878787879,26.79,è¶…æ·±é’»åŒºåŸŸ,è¶…æ·±é’»åŒºåŸŸ
Deuterium Export,1285,394,2.3782101167315175,85.42801556420234,3056.0,1285,2.379150579150579,30.66,è¾“å‡ºæ°˜,è¾“å‡ºæ°˜
Medical Lab,1159,340,2.3787748058671268,87.14322691975842,2757.0,1159,2.3798118049615056,29.34,åŒ»ç–—å®éªŒå®¤,åŒ»ç–—å®éªŒå®¤
Geological Survey,872,266,2.378440366972477,83.91055045871559,2074.0,872,2.379818594104308,30.5,åœ°è´¨è°ƒæŸ¥,åœ°è´¨è°ƒæŸ¥
Mineral Deposit,1519,445,2.3791968400263332,84.70572745227123,3614.0,1519,2.379986919555265,29.3,çŸ¿åºŠ,çŸ¿åºŠ
Martian Zoo,1082,328,2.378927911275416,86.40480591497227,2574.0,1082,2.38003663003663,30.31,ç«æ˜ŸåŠ¨ç‰©å›­,ç«æ˜ŸåŠ¨ç‰©å›­
Standard Technology,1175,345,2.3804255319148937,83.17617021276595,2797.0,1175,2.381434599156118,29.36,æ ‡å‡†æŠ€æœ¯,æ ‡å‡†æŠ€æœ¯
Power Plant:Pathfinders,590,174,2.3796610169491523,82.5135593220339,1404.0,590,2.381666666666667,29.49,Power Plant:Pathfinders,Power Plant:Pathfinders
Convoy From Europa,1312,391,2.3810975609756095,83.58689024390245,3124.0,1312,2.381996974281392,29.8,æœ¨å«äºŒæŠ¤èˆªé˜Ÿ,æœ¨å«äºŒæŠ¤èˆªé˜Ÿ
Shuttles,1413,420,2.381457891012031,85.94338287331918,3365.0,1413,2.3822909346451158,29.72, ç©¿æ¢­æœº,ç©¿æ¢­æœº
Omnicourt,1036,316,2.3812741312741315,88.28281853281854,2467.0,1036,2.382409177820268,30.5,é€šç”¨æ³•åº­,é€šç”¨æ³•åº­
Nuclear Zone:ares,1141,317,2.382997370727432,80.77212971078002,2719.0,1141,2.384013900955691,27.78,Nuclear Zone:ares,Nuclear Zone:ares
Habitat 14,16,5,2.3125,110.0625,37.0,16,2.3846153846153846,31.25,ç¬¬14å·æ –æ¯åœ°,ç¬¬14å·æ –æ¯åœ°
Processor Factory,169,47,2.378698224852071,89.53254437869822,402.0,169,2.3854748603351954,27.81,å¤„ç†å™¨å·¥å‚,å¤„ç†å™¨å·¥å‚
Colonial Representation,591,160,2.3840947546531304,87.30456852791878,1409.0,591,2.3860232945091515,27.07,æ®–æ°‘ä»£è¡¨æƒ,æ®–æ°‘ä»£è¡¨æƒ
Mars Nomads,404,125,2.383663366336634,84.40346534653466,963.0,404,2.3864734299516908,30.94,ç«æ˜Ÿæ¸¸ç‰§è€…,ç«æ˜Ÿæ¸¸ç‰§è€…
Comet for Venus,908,283,2.3854625550660793,85.4636563876652,2166.0,908,2.386710239651416,31.17,é£å‘é‡‘æ˜Ÿçš„å½—æ˜Ÿ,é£å‘é‡‘æ˜Ÿçš„å½—æ˜Ÿ
Lightning Harvest,1116,323,2.3862007168458783,86.5725806451613,2663.0,1116,2.387211367673179,28.94,æ•è·é›·ç”µ,æ•è·é›·ç”µ
Ishtar Mining,1260,381,2.3865079365079365,86.90079365079364,3007.0,1260,2.3874015748031496,30.24,ä¼Šä»€å¡”å°”çŸ¿ä¸š,ä¼Šä»€å¡”å°”çŸ¿ä¸š
Advanced Power Grid,685,200,2.386861313868613,85.74452554744525,1635.0,685,2.3884892086330933,29.2,ç”µç½‘æ”¹è¿›,ç”µç½‘æ”¹è¿›
Investment Loan,1851,533,2.3889789303079416,83.81955699621827,4422.0,1851,2.3895754970445995,28.8,æŠ•èµ„æ€§è´·æ¬¾,æŠ•èµ„æ€§è´·æ¬¾
Stratopolis,407,120,2.388206388206388,89.24324324324324,972.0,407,2.3908872901678655,29.48,å‡Œäº‘ä¹‹åŸ,å‡Œäº‘ä¹‹åŸ
Floater Prototypes,1236,364,2.3907766990291264,85.92394822006473,2955.0,1236,2.391653290529695,29.45,é€ äº‘åŸå‹æœº,é€ äº‘åŸå‹æœº
Extractor Balloons,291,79,2.388316151202749,81.07560137457045,695.0,291,2.39202657807309,27.15,çƒ­æ°”çƒæå–å™¨,çƒ­æ°”çƒæå–å™¨
Advanced Alloys,1640,480,2.3920731707317073,85.18353658536586,3923.0,1640,2.3927272727272726,29.27,ä¼˜åŒ–åˆé‡‘,ä¼˜åŒ–åˆé‡‘
Underground Habitat,18,5,2.3333333333333335,93.33333333333333,42.0,18,2.392857142857143,27.78,åœ°ä¸‹æ –æ¯åœ°,åœ°ä¸‹æ –æ¯åœ°
Sponsored Mohole,221,62,2.3891402714932126,80.9366515837104,528.0,221,2.393939393939394,28.05,è«éœè®¡åˆ’èµåŠ©,è«éœè®¡åˆ’èµåŠ©
Quantum Communications,982,292,2.3930753564154785,88.73828920570264,2350.0,982,2.3941532258064515,29.74,é‡å­é€šä¿¡,é‡å­é€šä¿¡
Gene Repair,1327,395,2.39336850037679,87.54860587792012,3176.0,1327,2.3941660433807033,29.77,åŸºå› ä¿®å¤,åŸºå› ä¿®å¤
Ironworks,99,32,2.3838383838383836,84.83838383838383,236.0,99,2.3944954128440368,32.32,ç‚¼é“å‚,ç‚¼é“å‚
Ice Moon Colony,1009,271,2.393458870168484,85.17641228939544,2415.0,1009,2.39450441609421,26.86,å†°æœˆæ®–æ°‘åœ°,å†°æœˆæ®–æ°‘åœ°
Business Network,1396,409,2.394699140401146,84.12750716332378,3343.0,1396,2.395448079658606,29.3,å•†ä¸šç½‘ç»œ,å•†ä¸šç½‘ç»œ
Lunar Observation Post,770,220,2.396103896103896,87.54415584415584,1845.0,770,2.3974358974358974,28.57,æœˆçƒè§‚æµ‹ç«™,æœˆçƒè§‚æµ‹ç«™
Natural Preserve:ares,930,255,2.3967741935483873,83.6258064516129,2229.0,930,2.3978723404255318,27.42,Natural Preserve:ares,Natural Preserve:ares
Directed Impactors,226,57,2.393805309734513,88.38938053097345,541.0,226,2.3983050847457625,25.22,å®šå‘å†²æ’å™¨,å®šå‘å†²æ’å™¨
Community Worker,1299,382,2.3979984603541187,86.45419553502694,3115.0,1299,2.39877769289534,29.41,ç¤¾åŒºå·¥ä½œè€…,ç¤¾åŒºå·¥ä½œè€…
Heavy Taxation,1173,345,2.3981244671781754,84.54987212276215,2813.0,1173,2.3989856297548604,29.41,é‡ç¨,é‡ç¨
Stanford Torus,1273,377,2.3982717989002356,87.0510604870385,3053.0,1273,2.3990646921278254,29.62,æ–¯å¦ç¦ç¯é¢,æ–¯å¦ç¦ç¯é¢
EM Drive,543,159,2.3977900552486187,87.10497237569061,1302.0,543,2.399638336347197,29.28,æ— å·¥è´¨æ¨è¿›é£èˆ¹,æ— å·¥è´¨æ¨è¿›é£èˆ¹
Luna Trade Station,10,4,2.3,106.4,23.0,10,2.4,40.0,æœˆçƒè´¸æ˜“ç«™,æœˆçƒè´¸æ˜“ç«™
Exploitation Of Venus,15,4,2.3333333333333335,95.2,35.0,15,2.4,26.67,é‡‘æ˜Ÿå¼€å‘,é‡‘æ˜Ÿå¼€å‘
Water Treatment Complex,10,1,2.3,101.8,23.0,10,2.4,10.0,æ°´å¤„ç†å»ºç­‘ç¾¤,æ°´å¤„ç†å»ºç­‘ç¾¤
Tycho Road Network,10,3,2.3,112.0,23.0,10,2.4,30.0,æ³°ç§‘è¡—é“ç½‘ç»œ,æ³°ç§‘è¡—é“ç½‘ç»œ
Lunar Steel,852,236,2.4002347417840375,86.34037558685446,2045.0,852,2.4013921113689096,27.7,æœˆé’¢,æœˆé’¢
Mining Colony,959,264,2.400417101147028,85.0354535974974,2302.0,959,2.4014447884416925,27.53,é‡‡çŸ¿æ®–æ°‘åœ°,é‡‡çŸ¿æ®–æ°‘åœ°
16 Psyche,1033,301,2.4007744433688285,86.63891577928364,2480.0,1033,2.401725790987536,29.14,çµç¥æ˜Ÿ16,çµç¥æ˜Ÿ16
Space Relay,1482,441,2.401484480431849,85.95681511470985,3559.0,1482,2.4021447721179623,29.76,å¤ªç©ºä¸­ç»§ç«™,å¤ªç©ºä¸­ç»§ç«™
Public Baths,890,268,2.401123595505618,82.77865168539326,2137.0,890,2.402222222222222,30.11,å…¬å…±æµ´åœº,å…¬å…±æµ´åœº
SF Memorial,1555,445,2.401929260450161,85.13890675241157,3735.0,1555,2.402555910543131,28.62,SFçºªå¿µç¢‘,SFçºªå¿µç¢‘
Archimedes Hydroponics Station,114,31,2.3947368421052633,92.26315789473684,273.0,114,2.403225806451613,27.19,é˜¿åŸºç±³å¾·æ°´åŸ¹ç«™,é˜¿åŸºç±³å¾·æ°´åŸ¹ç«™
Phobos Space Haven,840,235,2.4023809523809523,87.61785714285715,2018.0,840,2.4035294117647057,27.98,ç¦æ³¢æ–¯(ç«å«ä¸€)ç©ºé—´æ¸¯,ç¦æ³¢æ–¯(ç«å«ä¸€)ç©ºé—´æ¸¯
Research Coordination,1303,404,2.402916346891788,83.56945510360705,3131.0,1303,2.4036557501904037,31.01,ç ”ç©¶ç¯å¢ƒ,ç ”ç©¶ç¯å¢ƒ
Windmills,1190,329,2.403361344537815,84.22605042016806,2860.0,1190,2.404166666666667,27.65,é£åŠ›å‘ç”µ,é£åŠ›å‘ç”µ
Water Splitting Plant,101,31,2.396039603960396,84.11881188118812,242.0,101,2.4054054054054053,30.69,æµ·æ°´åˆ†è§£è£…ç½®,æµ·æ°´åˆ†è§£è£…ç½®
Small Asteroid,1050,305,2.4047619047619047,83.32761904761905,2525.0,1050,2.4056603773584904,29.05,å°å‹å°è¡Œæ˜Ÿ,å°å‹å°è¡Œæ˜Ÿ
Ceres Tech Market,1638,450,2.4053724053724053,84.71550671550672,3940.0,1638,2.4059466019417477,27.47,è°·ç¥æ˜Ÿç§‘æŠ€å¸‚åœº,è°·ç¥æ˜Ÿç§‘æŠ€å¸‚åœº
Space Mirrors,586,170,2.4044368600682593,83.82252559726962,1409.0,586,2.4060402684563758,29.01,å¤ªç©ºé•œ,å¤ªç©ºé•œ
Adapted Lichen,403,119,2.404466501240695,85.32009925558313,969.0,403,2.406779661016949,29.53,è‡ªé€‚åº”åœ°è¡£,è‡ªé€‚åº”åœ°è¡£
Rotator Impacts,162,44,2.4012345679012346,80.6358024691358,389.0,162,2.4069767441860463,27.16,å›æ—‹å†²æ’,å›æ—‹å†²æ’
Martian Rails,351,104,2.4045584045584047,89.99430199430199,844.0,351,2.407202216066482,29.63,ç«æ˜Ÿé«˜é“,ç«æ˜Ÿé«˜é“
Technology Demonstration,1817,527,2.406714364336819,83.86846450192625,4373.0,1817,2.407224958949097,29.0,ç§‘å­¦è®ºè¯,ç§‘å­¦è®ºè¯
Darkside Observatory,319,93,2.404388714733542,87.23510971786834,767.0,319,2.407294832826748,29.15,æš—é¢å¤©æ–‡å°,æš—é¢å¤©æ–‡å°
Mare Nectaris Mine,17,4,2.3529411764705883,104.05882352941177,40.0,17,2.4074074074074074,23.53,é…’æµ·çŸ¿å±±,é…’æµ·çŸ¿å±±
Great Escarpment Consortium,235,67,2.404255319148936,89.14468085106382,565.0,235,2.4081632653061225,28.51,å·¨å¤§æ–­å´–,å·¨å¤§æ–­å´–
Early Expedition,715,197,2.406993006993007,83.35664335664336,1721.0,715,2.4082758620689657,27.55,æ—©æœŸæ¢é™©,æ—©æœŸæ¢é™©
Labor Trafficking,296,86,2.4054054054054053,81.49662162162163,712.0,296,2.4084967320261437,29.05,åŠ³åŠ¨åŠ›è´©å–,åŠ³åŠ¨åŠ›è´©å–
Syndicate Pirate Raids,12,3,2.3333333333333335,112.16666666666667,28.0,12,2.409090909090909,25.0,è¾›è¿ªåŠ æµ·ç›—è¢­å‡»,è¾›è¿ªåŠ æµ·ç›—è¢­å‡»
Mare Nubium Mine,12,4,2.3333333333333335,97.16666666666667,28.0,12,2.409090909090909,33.33,äº‘æµ·çŸ¿å±±,äº‘æµ·çŸ¿å±±
Cryptocurrency,592,176,2.4087837837837838,80.5304054054054,1426.0,592,2.410299003322259,29.73,åŠ å¯†è´§å¸,åŠ å¯†è´§å¸
Mining Expedition,521,148,2.4088291746641075,81.70441458733205,1255.0,521,2.4105461393596985,28.41,çŸ¿ä¸šæ¢é™©,çŸ¿ä¸šæ¢é™©
Thiolava Vents,372,100,2.4086021505376345,82.40591397849462,896.0,372,2.410994764397906,26.88,ç¡«ç†”å²©å–·å£,ç¡«ç†”å²©å–·å£
Mining Area,75,19,2.4,87.85333333333334,180.0,75,2.411764705882353,25.33,é‡‡çŸ¿åŒº,é‡‡çŸ¿åŒº
Imported GHG,1229,345,2.4125305126118795,82.82180634662328,2965.0,1229,2.413236481033091,28.07,å¼•å…¥æ¸©å®¤æ°”ä½“,å¼•å…¥æ¸©å®¤æ°”ä½“
Great Dam:promo,106,29,2.4056603773584904,86.94339622641509,255.0,106,2.413793103448276,27.36,Great Dam:promo,Great Dam:promo
Orbital Laser Drill,19,5,2.3684210526315788,14.631578947368421,45.0,19,2.413793103448276,26.32,è½¨é“æ¿€å…‰é’»,è½¨é“æ¿€å…‰é’»
Orbital Power Grid,77,20,2.4025974025974026,89.0909090909091,185.0,77,2.413793103448276,25.97,è½¨é“ç”µç½‘,è½¨é“ç”µç½‘
Ansible,1186,352,2.415682967959528,87.91989881956155,2865.0,1186,2.4163879598662206,29.68,å®‰å¡æ³¢,å®‰å¡æ³¢
Vesta Shipyard,1457,409,2.417295813315031,85.88126286890872,3522.0,1457,2.41785957736878,28.07,ç»´æ–¯å¡”é€ èˆ¹å‚,ç»´æ–¯å¡”é€ èˆ¹å‚
Callisto Penal Mines,931,261,2.417830290010741,86.51664876476906,2251.0,931,2.418703506907545,28.03,æœ¨å«å››å¼€é‡‡æ³•,æœ¨å«å››å¼€é‡‡æ³•
Dust Seals,527,151,2.4193548387096775,83.34345351043643,1275.0,527,2.4208566108007448,28.65,åƒåœ¾å¯†å°,åƒåœ¾å¯†å°
Power Grid,161,46,2.4161490683229814,86.93167701863354,389.0,161,2.4210526315789473,28.57,ç”µç½‘,ç”µç½‘
Hi-Tech Lab,932,261,2.421673819742489,87.59763948497854,2257.0,932,2.4225053078556265,28.0,é«˜ç§‘æŠ€å®éªŒå®¤,é«˜ç§‘æŠ€å®éªŒå®¤
Deep Lunar Mining,16,5,2.375,100.75,38.0,16,2.423076923076923,31.25,æœˆçƒæ·±åº¦æŒ–æ˜,æœˆçƒæ·±åº¦æŒ–æ˜
Interplanetary Trade,597,177,2.422110552763819,84.1390284757119,1446.0,597,2.4233937397034597,29.65,æ˜Ÿé™…è´¸æ˜“,æ˜Ÿé™…è´¸æ˜“
Toll Station,1253,345,2.422984836392658,84.09736632083,3036.0,1253,2.423594615993666,27.53,æ”¶è´¹ç«™,æ”¶è´¹ç«™
Mining Quota,761,219,2.4231274638633375,87.7976346911958,1844.0,761,2.424124513618677,28.78,é‡‡çŸ¿é…é¢,é‡‡çŸ¿é…é¢
Marketing Experts,1093,305,2.42451967063129,83.84537968892955,2650.0,1093,2.4252039891205803,27.9,è¥é”€ä¸“å®¶,è¥é”€ä¸“å®¶
Power Plant,1186,343,2.4258010118043845,82.70236087689713,2877.0,1186,2.4264214046822743,28.92,å‘ç”µå‚,å‘ç”µå‚
Solar Power,1045,285,2.425837320574163,82.86411483253589,2535.0,1045,2.4265402843601898,27.27,å¤ªé˜³èƒ½,å¤ªé˜³èƒ½
Cloud Seeding,233,62,2.424892703862661,88.78540772532189,565.0,233,2.42798353909465,26.61,äººå·¥é™é›¨,äººå·¥é™é›¨
Road Piracy,11,3,2.3636363636363638,107.0909090909091,26.0,11,2.4285714285714284,27.27,Road Piracy,Road Piracy
Geological Survey:underworld,11,4,2.3636363636363638,88.0,26.0,11,2.4285714285714284,36.36,åœ°è´¨è°ƒæŸ¥,åœ°è´¨è°ƒæŸ¥
Space Station,1748,474,2.429633867276888,83.43020594965675,4247.0,1748,2.430034129692833,27.12,ç©ºé—´ç«™,ç©ºé—´ç«™
Rim Freighters,1145,321,2.4305676855895197,84.78951965065502,2783.0,1145,2.431168831168831,28.03,é‡Œå§†è´§èˆ¹,é‡Œå§†è´§èˆ¹
Trans-Neptune Probe,1705,453,2.43108504398827,85.13607038123168,4145.0,1705,2.431486880466472,26.57,æµ·ç‹æ˜Ÿæ¢æµ‹å™¨,æµ·ç‹æ˜Ÿæ¢æµ‹å™¨
Solar Reflectors,136,37,2.426470588235294,84.27941176470588,330.0,136,2.4315068493150687,27.21,å¤ªé˜³åå°„å™¨,å¤ªé˜³åå°„å™¨
Coordinated Raid,71,23,2.4225352112676055,88.45070422535211,172.0,71,2.432098765432099,32.39,åè°ƒä¸€è‡´çš„ç©ºè¢­,åè°ƒä¸€è‡´çš„ç©ºè¢­
Grand Luna Academy,13,4,2.3846153846153846,111.84615384615384,31.0,13,2.4347826086956523,30.77,å¤§æœˆçƒå­¦é™¢,å¤§æœˆçƒå­¦é™¢
Hyperspace Drive Prototype,1098,292,2.4344262295081966,85.77140255009107,2673.0,1098,2.435018050541516,26.59,è¶…ç©ºé—´é©±åŠ¨åŸå‹,è¶…ç©ºé—´é©±åŠ¨åŸå‹
Biomass Combustors,343,96,2.434402332361516,82.89795918367346,835.0,343,2.4362606232294617,27.99,ç”Ÿç‰©é‡ç‡ƒçƒ§,ç”Ÿç‰©é‡ç‡ƒçƒ§
Colonizer Training Camp,980,270,2.4357142857142855,83.58571428571429,2387.0,980,2.4363636363636365,27.55,å¼€æ‹“è€…è®­ç»ƒè¥,å¼€æ‹“è€…è®­ç»ƒè¥
Security Fleet,242,73,2.4338842975206614,91.8305785123967,589.0,242,2.4365079365079363,30.17,å®‰ä¿èˆ°é˜Ÿ,å®‰ä¿èˆ°é˜Ÿ
Deep Well Heating,1016,266,2.436023622047244,81.68208661417323,2475.0,1016,2.4366471734892787,26.18,æ·±äº•åŠ çƒ­,æ·±äº•åŠ çƒ­
Small Comet,690,187,2.436231884057971,79.94927536231884,1681.0,690,2.4371428571428573,27.1,å°å½—æ˜Ÿ,å°å½—æ˜Ÿ
Atmo Collectors,614,168,2.436482084690554,83.06677524429968,1496.0,614,2.4375,27.36,å¤§æ°”æ”¶è—å®¶,å¤§æ°”æ”¶è—å®¶
Nuclear Power,831,232,2.436823104693141,84.28279181708784,2025.0,831,2.4375743162901307,27.92,æ ¸èƒ½,æ ¸èƒ½
Supermarkets,736,204,2.438858695652174,84.90625,1795.0,736,2.4396782841823055,27.72,è¶…å¸‚,è¶…å¸‚
Mining Robots Manuf. Center,15,6,2.4,102.8,36.0,15,2.44,40.0,é‡‡çŸ¿æœºå™¨äººåˆ¶é€ ä¸­å¿ƒ,é‡‡çŸ¿æœºå™¨äººåˆ¶é€ ä¸­å¿ƒ
Law Suit,734,184,2.4400544959128063,84.89373297002724,1791.0,734,2.4408602150537635,25.07,è¯‰è®¼,è¯‰è®¼
Tectonic Stress Power,781,215,2.440460947503201,86.46350832266326,1906.0,781,2.441213653603034,27.53,æ„é€ åº”åŠ›èƒ½æº,æ„é€ åº”åŠ›èƒ½æº
Development Center,1172,310,2.4411262798634814,85.75767918088737,2861.0,1172,2.4416243654822334,26.45,å‘å±•ä¸­å¿ƒ,å‘å±•ä¸­å¿ƒ
Rad-Suits,965,273,2.4414507772020726,85.01865284974093,2356.0,965,2.442051282051282,28.29,é•­å°„æœ,é•­å°„æœ
Industrial Microbes,911,240,2.442371020856202,81.83863885839736,2225.0,911,2.44299674267101,26.34,å·¥ä¸šå¾®ç”Ÿç‰©,å·¥ä¸šå¾®ç”Ÿç‰©
Asteroid Mining Consortium,845,245,2.442603550295858,87.32426035502958,2064.0,845,2.4432748538011695,28.99,è¡Œæ˜Ÿé‡‡çŸ¿è´¢å›¢,è¡Œæ˜Ÿé‡‡çŸ¿è´¢å›¢
Giant Space Mirror,747,217,2.4431057563587686,85.12182061579652,1825.0,747,2.4438573315719947,29.05,å·¨å‹å¤ªç©ºé•œ,å·¨å‹å¤ªç©ºé•œ
Titan Shuttles,1233,330,2.446066504460665,84.16139497161394,3016.0,1233,2.4465004022526147,26.76,æ³°å¦ç©¿æ¢­æœº,æ³°å¦ç©¿æ¢­æœº
Fusion Power,732,211,2.44672131147541,87.09972677595628,1791.0,732,2.4474393530997305,28.83,èšå˜èƒ½æº,èšå˜èƒ½æº
Neutrinograph,10,3,2.4,87.3,24.0,10,2.45,30.0,ä¸­å¾®å­æˆåƒ,ä¸­å¾®å­æˆåƒ
Satellites,1098,314,2.45264116575592,85.13752276867031,2693.0,1098,2.453068592057762,28.6,å«æ˜Ÿ,å«æ˜Ÿ
Adaptation Technology,680,195,2.4529411764705884,84.85441176470589,1668.0,680,2.453623188405797,28.68,é€‚åº”æ€§æŠ€æœ¯,é€‚åº”æ€§æŠ€æœ¯
Micro-Geodesics,12,4,2.4166666666666665,82.0,29.0,12,2.4545454545454546,33.33,å¾®æµ‹åœ°å­¦,å¾®æµ‹åœ°å­¦
Lunar Beam,557,150,2.454219030520646,83.46858168761221,1367.0,557,2.455026455026455,26.93,æœˆçƒå°„çº¿,æœˆçƒå°„çº¿
Research & Development Hub,326,90,2.4539877300613497,86.50613496932516,800.0,326,2.455357142857143,27.61,ç ”å‘ä¸­å¿ƒ,ç ”å‘ä¸­å¿ƒ
Venus Orbital Survey,1357,380,2.456153279292557,85.57774502579218,3333.0,1357,2.4564740307242134,28.0,é‡‘æ˜Ÿè½¨é“å‹˜æµ‹,é‡‘æ˜Ÿè½¨é“å‹˜æµ‹
Galilean Waystation,1005,269,2.462686567164179,85.36517412935324,2475.0,1005,2.4630541871921183,26.77,ä¼½åˆ©ç•¥ä¸­è½¬ç«™,ä¼½åˆ©ç•¥ä¸­è½¬ç«™
Outdoor Sports,756,206,2.462962962962963,86.51190476190476,1862.0,756,2.4634464751958225,27.25,æˆ·å¤–è¿åŠ¨,æˆ·å¤–è¿åŠ¨
Community Services,406,117,2.4655172413793105,84.80295566502463,1001.0,406,2.4663461538461537,28.82,ç¤¾åŒºæœåŠ¡,ç¤¾åŒºæœåŠ¡
Regolith Eaters,584,138,2.4674657534246576,81.04109589041096,1441.0,584,2.468013468013468,23.63,é£åŒ–å±‚èš•é£Ÿè€…,é£åŒ–å±‚èš•é£Ÿè€…
AI Central,1329,376,2.468021068472536,85.51166290443943,3280.0,1329,2.4682598954443615,28.29,äººå·¥æ™ºèƒ½æ ¸å¿ƒ,äººå·¥æ™ºèƒ½æ ¸å¿ƒ
Designed Microorganisms,537,134,2.46927374301676,80.85661080074487,1326.0,537,2.469835466179159,24.95,åˆ›é€ å¾®ç”Ÿç‰©,åˆ›é€ å¾®ç”Ÿç‰©
Robotic Workforce,792,224,2.4696969696969697,85.97853535353535,1956.0,792,2.470074812967581,28.28,æœºå™¨äººå¤§å†›,æœºå™¨äººå¤§å†›
Tool with the First Order (VIII),1037,283,2.4705882352941178,81.93924783027965,2562.0,1037,2.4708691499522444,27.29,Tool with the First Order (VIII),Tool with the First Order (VIII)
Solar Cosmic Rays,270,71,2.4703703703703703,81.43703703703704,667.0,270,2.4714285714285715,26.3,å¤ªé˜³å°„çº¿,å¤ªé˜³å°„çº¿
Advertising,1080,314,2.471296296296296,84.15648148148148,2669.0,1080,2.471559633027523,29.07,å¹¿å‘Šä¸š,å¹¿å‘Šä¸š
Cryo-Sleep,1213,331,2.471558120362737,83.36191261335532,2998.0,1213,2.471790678659035,27.29,ä½æ¸©ç¡çœ ,ä½æ¸©ç¡çœ 
é¡¹ç›®é‡æ•´,549,158,2.471766848816029,85.28233151183971,1357.0,549,2.4722719141323792,28.78,é¡¹ç›®é‡æ•´,é¡¹ç›®é‡æ•´
Building Industries,528,142,2.4734848484848486,84.83522727272727,1306.0,528,2.473977695167286,26.89,å»ºç­‘è¡Œä¸š,å»ºç­‘è¡Œä¸š
Asteroid Mining,933,258,2.4737406216505895,86.05251875669882,2308.0,933,2.4740190880169672,27.65,å°è¡Œæ˜Ÿé‡‡çŸ¿,å°è¡Œæ˜Ÿé‡‡çŸ¿
Steelworks,106,35,2.4716981132075473,89.60377358490567,262.0,106,2.4741379310344827,33.02,é’¢é“å‚,é’¢é“å‚
Charity Donation,1362,372,2.474302496328928,83.38325991189427,3370.0,1362,2.4744897959183674,27.31,æ…ˆå–„ææ¬¾,æ…ˆå–„ææ¬¾
Meltworks,462,115,2.4740259740259742,88.01731601731602,1143.0,462,2.4745762711864407,24.89,ç†”èå·¥å‚,ç†”èå·¥å‚
Server Sabotage,11,4,2.4545454545454546,80.27272727272727,27.0,11,2.4761904761904763,36.36,æœåŠ¡å™¨ç ´å,æœåŠ¡å™¨ç ´å
Space Hotels,958,274,2.4759916492693113,85.02087682672234,2372.0,958,2.4762396694214877,28.6,å¤ªç©ºé…’åº—,å¤ªç©ºé…’åº—
Oumuamua Type Object Survey,1237,342,2.4761519805982215,84.78092158447858,3063.0,1237,2.476343223736969,27.65,å¥¥é™Œé™Œå¤©ä½“è°ƒæŸ¥,å¥¥é™Œé™Œå¤©ä½“è°ƒæŸ¥
GHG Factories,181,49,2.4751381215469612,80.33701657458563,448.0,181,2.4764397905759163,27.07,æ¸©å®¤æ°”ä½“å·¥å‚,æ¸©å®¤æ°”ä½“å·¥å‚
Trade Envoys,688,180,2.4767441860465116,84.15697674418605,1704.0,688,2.477077363896848,26.16,è´¸æ˜“ç‰¹ä½¿,è´¸æ˜“ç‰¹ä½¿
Economic Espionage,308,79,2.477272727272727,85.34415584415585,763.0,308,2.4779874213836477,25.65,ç»æµé—´è°æ´»åŠ¨,ç»æµé—´è°æ´»åŠ¨
Electro Catapult,722,191,2.4778393351800556,83.50831024930748,1789.0,722,2.478142076502732,26.45,ç”µç£å¼¹å°„å™¨,ç”µç£å¼¹å°„å™¨
Deepmining,13,2,2.4615384615384617,85.38461538461539,32.0,13,2.4782608695652173,15.38,æ·±å±‚é‡‡çŸ¿,æ·±å±‚é‡‡çŸ¿
Lagrange Observatory,1802,465,2.479467258601554,81.67813540510544,4468.0,1802,2.4795805739514347,25.8,æ‹‰æ ¼æœ—æ—¥è§‚å¯Ÿç‚¹,æ‹‰æ ¼æœ—æ—¥è§‚å¯Ÿç‚¹
Scapegoat,15,5,2.466666666666667,58.266666666666666,37.0,15,2.48,33.33,æ›¿ç½ªç¾Š,æ›¿ç½ªç¾Š
Artificial Photosynthesis,766,213,2.4817232375979112,83.70104438642298,1901.0,766,2.481958762886598,27.81,äººé€ å…‰åˆä½œç”¨,äººé€ å…‰åˆä½œç”¨
Spin-Inducing Asteroid,560,155,2.482142857142857,80.41785714285714,1390.0,560,2.482456140350877,27.68,è‡ªæ—‹ç‰µå¼•é™¨çŸ³,è‡ªæ—‹ç‰µå¼•é™¨çŸ³
Martian Fencing,1589,416,2.485210824417873,82.16991818753934,3949.0,1589,2.4853033145716075,26.18,ç«æ˜Ÿå‡»å‰‘,ç«æ˜Ÿå‡»å‰‘
Food Factory,369,84,2.4850948509485096,86.3739837398374,917.0,369,2.4854881266490767,22.76,é£Ÿå“å·¥å‚,é£Ÿå“å·¥å‚
Supercapacitors,929,235,2.485468245425188,82.745963401507,2309.0,929,2.4856230031948883,25.3,è¶…çº§ç”µå®¹,è¶…çº§ç”µå®¹
Aquifer Pumping,129,30,2.488372093023256,83.2015503875969,321.0,129,2.4892086330935252,23.26,å«æ°´å±‚æŠ½æ°´,å«æ°´å±‚æŠ½æ°´
Museum of Early Colonisation,433,110,2.489607390300231,85.79214780600462,1078.0,433,2.489841986455982,25.4,æ®–æ°‘åšç‰©é¦†,æ®–æ°‘åšç‰©é¦†
Geothermal Power,846,208,2.49290780141844,81.95981087470449,2109.0,846,2.4929906542056073,24.59,åœ°çƒ­èƒ½,åœ°çƒ­èƒ½
Martian Survey,900,224,2.493333333333333,81.78777777777778,2244.0,900,2.4934065934065934,24.89,ç«æ˜Ÿå‹˜å¯Ÿ,ç«æ˜Ÿå‹˜å¯Ÿ
Space Elevator,997,247,2.497492477432297,85.35406218655967,2490.0,997,2.497517378351539,24.77,å¤ªç©ºç”µæ¢¯,å¤ªç©ºç”µæ¢¯
Mine,857,213,2.498249708284714,82.89031505250875,2141.0,857,2.4982698961937717,24.85,é‡‡çŸ¿,é‡‡çŸ¿
ğŸŒ¸å»ºææ´åŠ©ğŸŒ¸,355,94,2.4985915492957744,81.09295774647887,887.0,355,2.4986301369863013,26.48,ğŸŒ¸å»ºææ´åŠ©ğŸŒ¸,å»ºææ´åŠ©
Micro-Mills,387,98,2.498708010335917,81.86821705426357,967.0,387,2.4987405541561714,25.32,å°å‹é£è½¦,å°å‹é£è½¦
Preliminary Darkside,20,7,2.5,101.15,50.0,20,2.5,35.0,æš—é¢åˆæ­¥å‹˜æ¢,æš—é¢åˆæ­¥å‹˜æ¢
Search For Life,1008,262,2.5009920634920637,82.38194444444444,2521.0,1008,2.5009823182711197,25.99,å¯»æ‰¾ç”Ÿå‘½,å¯»æ‰¾ç”Ÿå‘½
Physics Complex,439,117,2.503416856492027,87.85649202733485,1099.0,439,2.5033407572383073,26.65,ç‰©ç†ç ”ç©¶æ‰€,ç‰©ç†ç ”ç©¶æ‰€
Lunar Exports,889,229,2.5061867266591675,84.14510686164229,2228.0,889,2.506117908787542,25.76,æœˆçƒå‡ºå£,æœˆçƒå‡ºå£
Cyberia Systems,307,75,2.50814332247557,85.57003257328991,770.0,307,2.5078864353312302,24.43,èµ›åšåˆ©äºšç³»ç»Ÿ,èµ›åšåˆ©äºšç³»ç»Ÿ
Martian Media Center,355,93,2.5098591549295777,80.85352112676057,891.0,355,2.5095890410958903,26.2,ç«æ˜Ÿåª’ä½“ä¸­å¿ƒ,ç«æ˜Ÿåª’ä½“ä¸­å¿ƒ
Bribed Committee,770,208,2.5142857142857142,82.52597402597402,1936.0,770,2.514102564102564,27.01,è´¿èµ‚å§”å‘˜ä¼š,è´¿èµ‚å§”å‘˜ä¼š
Casinos,491,126,2.5173116089613035,84.31364562118127,1236.0,491,2.5169660678642716,25.66,èµŒåœº,èµŒåœº
Private Security,264,74,2.518939393939394,85.81818181818181,665.0,264,2.5182481751824817,28.03,ç§äººå®‰ä¿æœåŠ¡,ç§äººå®‰ä¿æœåŠ¡
Rich Deposits,418,116,2.5191387559808613,79.94258373205741,1053.0,418,2.5186915887850465,27.75,ä¸°å¯ŒçŸ¿è—,ä¸°å¯ŒçŸ¿è—
House Printing,882,213,2.520408163265306,84.39115646258503,2223.0,882,2.5201793721973096,24.15,æˆ¿å±‹å°åˆ·,æˆ¿å±‹å°åˆ·
Mining Market Insider,13,2,2.5384615384615383,-28.0,33.0,13,2.5217391304347827,15.38,çŸ¿ä¸šå¸‚åœºå†…å¹•,çŸ¿ä¸šå¸‚åœºå†…å¹•
Aristarchus Road Network,11,3,2.5454545454545454,95.36363636363636,28.0,11,2.5238095238095237,27.27,é˜¿é‡Œæ–¯å¡”å…‹æ–¯è¡—é“ç½‘ç»œ,é˜¿é‡Œæ–¯å¡”å…‹æ–¯è¡—é“ç½‘ç»œ
Earth Elevator,591,148,2.524534686971235,85.61421319796955,1492.0,591,2.524126455906822,25.04,åœ°çƒå¤ªç©ºæ¢¯,åœ°çƒå¤ªç©ºæ¢¯
Potatoes,837,215,2.5244922341696534,81.24850657108722,2113.0,837,2.524203069657615,25.69,åœŸè±†,åœŸè±†
Inventors' Guild,1155,314,2.5246753246753246,84.43549783549784,2916.0,1155,2.5244635193133047,27.19,å‘æ˜å®¶å…¬ä¼š,å‘æ˜å®¶å…¬ä¼š
Economic Help,244,63,2.528688524590164,88.86475409836065,617.0,244,2.52755905511811,25.82,ç»æµæ´åŠ©,ç»æµæ´åŠ©
Heat Trappers,234,52,2.52991452991453,81.65384615384616,592.0,234,2.528688524590164,22.22,çƒ­åŠ›æ•è·è€…,çƒ­åŠ›æ•è·è€…
Rey ... Skywalker?! (IX),289,66,2.5328719723183393,80.62629757785467,732.0,289,2.531772575250836,22.84,Rey ... Skywalker?! (IX),Rey ... Skywalker?! (IX)
Ore Processor,99,24,2.5353535353535355,80.75757575757575,251.0,99,2.532110091743119,24.24,çŸ¿çŸ³åŠ å·¥å‚,çŸ¿çŸ³åŠ å·¥å‚
Self-replicating Robots,270,69,2.533333333333333,85.74074074074075,684.0,270,2.532142857142857,25.56,è‡ªæˆ‘å¤åˆ¶æœºå™¨äºº,è‡ªæˆ‘å¤åˆ¶æœºå™¨äºº
New Partner,1141,300,2.5354951796669587,77.81332164767747,2893.0,1141,2.535186794092094,26.29,æ–°åˆä¼™äºº,æ–°åˆä¼™äºº
Luna Project Office,16,3,2.5625,102.375,41.0,16,2.5384615384615383,18.75,æœˆçƒé¡¹ç›®åŠå…¬å®¤,æœˆçƒé¡¹ç›®åŠå…¬å®¤
Strip Mine,365,90,2.5424657534246577,79.31506849315069,928.0,365,2.541333333333333,24.66,éœ²å¤©çŸ¿åœº,éœ²å¤©çŸ¿åœº
Darkside Meteor Bombardment,21,4,2.5714285714285716,102.80952380952381,54.0,21,2.5483870967741935,19.05,æš—é¢æµæ˜Ÿé›¨è½°å‡»,æš—é¢æµæ˜Ÿé›¨è½°å‡»
Sponsors,1053,288,2.5489078822412155,81.56125356125357,2684.0,1053,2.548447789275635,27.35,èµåŠ©å•†,èµåŠ©å•†
Luna Staging Station,10,2,2.6,57.9,26.0,10,2.55,20.0,æœˆçƒä¸­è½¬ç«™,æœˆçƒä¸­è½¬ç«™
Solar Panel Foundry,96,26,2.5625,85.94791666666667,246.0,96,2.556603773584906,27.08,å¤ªé˜³èƒ½ç”µæ± é“¸é€ å‚,å¤ªé˜³èƒ½ç”µæ± é“¸é€ å‚
Small Open Pit Mine,701,170,2.559201141226819,79.3166904422254,1794.0,701,2.5583684950773558,24.25,å°é‡‡çŸ¿å‘,å°é‡‡çŸ¿å‘
Heliostat Mirror Array,355,89,2.5605633802816903,81.30140845070423,909.0,355,2.558904109589041,25.07,æ—¥é•œé˜µåˆ—,æ—¥é•œé˜µåˆ—
Titanium Mine,945,243,2.5597883597883597,82.73650793650793,2419.0,945,2.5591623036649214,25.71,é’›åˆé‡‘çŸ¿è„‰,é’›åˆé‡‘çŸ¿è„‰
Underground Smuggling Ring,15,3,2.6,81.86666666666666,39.0,15,2.56,20.0,åœ°ä¸‹èµ°ç§é›†å›¢,åœ°ä¸‹èµ°ç§é›†å›¢
Acquired Company,777,193,2.5804375804375805,82.45045045045045,2005.0,777,2.579415501905972,24.84,å¹¶è´­å…¬å¸,å¹¶è´­å…¬å¸
Copernicus Solar Arrays,427,95,2.585480093676815,80.10070257611241,1104.0,427,2.583524027459954,22.25,å“¥ç™½å°¼å¤ªé˜³èƒ½ç”µæ± ,å“¥ç™½å°¼å¤ªé˜³èƒ½ç”µæ± 
Flat Mars Theory,269,65,2.591078066914498,80.74721189591078,697.0,269,2.587813620071685,24.16,ç«æ˜Ÿå¹³é¢ç†è®º,ç«æ˜Ÿå¹³é¢ç†è®º
Luna Archives,12,2,2.6666666666666665,99.0,32.0,12,2.590909090909091,16.67,æœˆçƒæ¡£æ¡ˆ,æœˆçƒæ¡£æ¡ˆ
Soletta,68,12,2.6176470588235294,81.0,178.0,68,2.6025641025641026,17.65,ç´¢è±å¡”,ç´¢è±å¡”
Lunar Dust Processing Plant,21,4,2.6666666666666665,108.71428571428571,56.0,21,2.6129032258064515,19.05,æœˆçƒç°å¤„ç†å‚,æœˆçƒç°å¤„ç†å‚
Icy Impactors,96,18,2.6354166666666665,83.25,253.0,96,2.6226415094339623,18.75,å†°ä½“æ’å‡»å™¨,å†°ä½“æ’å‡»å™¨
Red Appeasement,81,19,2.6419753086419755,80.49382716049382,214.0,81,2.6263736263736264,23.46,çº¢è‰²å’Œè§£,çº¢è‰²å’Œè§£
Comet Aiming,71,16,2.647887323943662,85.01408450704226,188.0,71,2.6296296296296298,22.54,å½—æ˜Ÿç„å‡†,å½—æ˜Ÿç„å‡†
Lunar Trade Fleet,15,0,2.7333333333333334,64.26666666666667,41.0,15,2.64,0.0,æœˆçƒèˆ¹é˜Ÿ,æœˆçƒèˆ¹é˜Ÿ
Fuel Factory,749,162,2.6448598130841123,80.12817089452604,1981.0,749,2.642951251646904,21.63,æ²¹è„‚å·¥å‚,æ²¹è„‚å·¥å‚
ğŸŒ¸ç ”ç©¶å‚¬åŒ–å‰‚ğŸŒ¸,221,54,2.6515837104072397,79.42986425339366,586.0,221,2.645021645021645,24.43,ğŸŒ¸ç ”ç©¶å‚¬åŒ–å‰‚ğŸŒ¸,ç ”ç©¶å‚¬åŒ–å‰‚
Behemoth Excavator,13,3,2.769230769230769,86.53846153846153,36.0,13,2.652173913043478,23.08,å·¨å…½æŒ–æ˜æœº,å·¨å…½æŒ–æ˜æœº
Hackers,113,20,2.690265486725664,84.95575221238938,304.0,113,2.6747967479674797,17.7,é»‘å®¢,é»‘å®¢
Microprobing Technology,19,4,2.789473684210526,84.78947368421052,53.0,19,2.689655172413793,21.05,å¾®æ¢æµ‹æŠ€æœ¯,å¾®æ¢æµ‹æŠ€æœ¯
Neptunian Power Consultants,385,72,2.703896103896104,80.81558441558441,1041.0,385,2.69873417721519,18.7,æµ·ç‹æ˜Ÿèƒ½æºé¡¾é—®,æµ·ç‹æ˜Ÿèƒ½æºé¡¾é—®
Imported Heavy Machinery,18,3,2.8333333333333335,9.444444444444445,51.0,18,2.7142857142857144,16.67,è¿›å£é‡å‹æœºæ¢°,è¿›å£é‡å‹æœºæ¢°
Small Duty Rovers,11,3,2.909090909090909,93.54545454545455,32.0,11,2.7142857142857144,27.27,å°å‹å±¥å¸¦è½¦ã€‚,å°å‹å±¥å¸¦è½¦ã€‚
Asteroid Hollowing,84,17,2.7857142857142856,79.82142857142857,234.0,84,2.75531914893617,20.24,è¡Œæ˜ŸæŒ–æ˜,è¡Œæ˜ŸæŒ–æ˜
