card_name,total_games,wins,avg_position,avg_score,total_weighted,count_weighted,avg_resources,weighted_avg_score,win_rate,cn_name,cn_name_plot
Social Events,211,98,1.9099526066350712,104.27014218009478,403.0,211,0.0,1.983402489626556,46.45,社交活动,社交活动
City Parks,423,171,2.00709219858156,91.49172576832152,849.0,423,0.0,2.0397350993377485,40.43,城市公园,城市公园
Diversity Support,438,181,2.0342465753424657,97.82648401826484,891.0,438,0.0,2.0641025641025643,41.32,多样性扶持,多样性扶持
GHG Shipment,364,158,2.0384615384615383,88.82417582417582,742.0,364,0.0,2.0736040609137056,43.41,温室气体运输,温室气体运输
Urgent Terraforming Command,684,263,2.057017543859649,89.80409356725146,1407.0,684,0.0,2.0756302521008405,38.45,紧急改造令,紧急改造令
Robot Pollinators,739,290,2.0757780784844386,91.28146143437077,1534.0,739,0.0,2.092327698309493,39.24,机器授粉者,机器授粉者
City Park,386,148,2.064766839378238,98.89896373056995,797.0,386,0.0,2.0961538461538463,38.34,City Park,City Park
Lake Marineris,390,137,2.076923076923077,90.88205128205128,810.0,390,0.0,2.107142857142857,35.13,水手湖,水手湖
Ecology Research,714,266,2.092436974789916,94.55882352941177,1494.0,714,0.0,2.1088709677419355,37.25,生态学研究,生态学研究
Insects,853,299,2.0961313012895664,90.86283704572098,1788.0,853,0.0,2.1098527746319364,35.05,昆虫,昆虫
奇物丰收,279,107,2.075268817204301,91.39426523297492,579.0,279,0.0,2.116504854368932,38.35,奇物丰收,奇物丰收
Aerosport Tournament,621,237,2.101449275362319,95.29790660225443,1305.0,621,0.0,2.119815668202765,38.16,航空运动锦标赛,航空运动锦标赛
Terraforming Ganymede,1076,408,2.112453531598513,95.182156133829,2273.0,1076,0.0,2.122965641952984,37.92,改造木卫三,改造木卫三
Designed Organisms,1116,412,2.118279569892473,92.69802867383513,2364.0,1116,0.0,2.1282722513089007,36.92,生物体设计,生物体设计
Soil Enrichment,1261,466,2.1245043616177637,88.90087232355273,2679.0,1261,0.0,2.1332300542215337,36.95,土壤改良,土壤改良
Forest Moon (VI),292,107,2.1027397260273974,90.90753424657534,614.0,292,0.0,2.139751552795031,36.64,Forest Moon (VI),Forest Moon (VI)
Magnetic Field Generators:ares,437,172,2.116704805491991,94.99313501144165,925.0,437,0.0,2.1413276231263385,39.36,Magnetic Field Generators:ares,Magnetic Field Generators:ares
Freyja Biodomes,947,335,2.1319957761351636,94.38753959873284,2019.0,947,0.0,2.143295803480041,35.37,弗雷雅生态馆,弗雷雅生态馆
Imported Nitrogen,1374,515,2.1404657933042213,90.69359534206696,2941.0,1374,0.0,2.1481481481481484,37.48,引入氮气,引入氮气
Eglogue,104,37,2.048076923076923,72.50961538461539,213.0,104,0.0,2.1492537313432836,35.58,Eglogue,Eglogue
Venus Soils,409,150,2.1246943765281174,93.56479217603912,869.0,409,0.0,2.150341685649203,36.67,金星土壤,金星土壤
Clone Technology,933,343,2.1414790996784565,91.43622722400858,1998.0,933,0.0,2.1526479750778815,36.76,克隆科技,克隆科技
Venera Base,886,319,2.1433408577878104,91.51467268623024,1899.0,886,0.0,2.1550218340611353,36.0,金星基地,金星基地
Crashlanding,157,58,2.089171974522293,91.89171974522293,328.0,157,0.0,2.1550802139037435,36.94,紧急迫降,紧急迫降
Maxwell Base,896,326,2.1439732142857144,94.76785714285714,1921.0,896,0.0,2.1555075593952484,36.38,麦克斯韦基地,麦克斯韦基地
Ecological Zone:ares,1444,521,2.153047091412742,89.35110803324099,3109.0,1444,7.8310249307479225,2.1601085481682496,36.08,Ecological Zone:ares,Ecological Zone:ares
Herbivores,528,193,2.1420454545454546,88.875,1131.0,528,5.568181818181818,2.161290322580645,36.55,食草动物,食草动物
Tundra Farming,716,254,2.14804469273743,91.85474860335195,1538.0,716,0.0,2.1621983914209117,35.47,冻原农耕,冻原农耕
Harvest,1311,454,2.154843630816171,88.80549199084668,2825.0,1311,0.0,2.162565249813572,34.63,丰收,丰收
Worms,717,263,2.1492329149232914,88.52440725244072,1541.0,717,0.0,2.1633199464524764,36.68,蠕虫,蠕虫
Large Ecological Reserve,904,322,2.1537610619469025,89.76991150442478,1947.0,904,0.0,2.164882226980728,35.62,大型生态保护区,大型生态保护区
Ocean Sanctuary,1464,531,2.1598360655737703,89.24658469945355,3162.0,1464,4.975409836065574,2.1666666666666665,36.27,海豚,海豚
Venusian Plants,878,310,2.156036446469248,93.04897494305239,1893.0,878,0.0,2.1674008810572687,35.31,金星植物,金星植物
Mangrove,1241,429,2.161966156325544,88.94681708299758,2683.0,1241,0.0,2.169944925255704,34.57,红树林,红树林
Nitrogen-Rich Asteroid,664,245,2.1551204819277108,91.54668674698796,1431.0,664,0.0,2.170028818443804,36.9,富氮小行星,富氮小行星
Open City,822,288,2.1581508515815084,90.35036496350365,1774.0,822,0.0,2.17018779342723,35.04,开放的城市,开放的城市
Frontier Town,1031,365,2.161008729388943,87.59068865179438,2228.0,1031,0.0,2.170593779453346,35.4,边疆小镇,边疆小镇
Eos Chasma National Park,1156,407,2.163494809688581,89.68858131487889,2501.0,1156,0.0,2.1720067453625633,35.21,Eos 峡谷国家公园,Eos 峡谷国家公园
Nanofoundry,520,189,2.1538461538461537,94.40192307692308,1120.0,520,0.0,2.172727272727273,36.35,纳米铸造厂,纳米铸造厂
Martian Lumber Corp,964,340,2.162863070539419,88.55290456431536,2085.0,964,0.0,2.1730382293762576,35.27,火星木材公司,火星木材公司
Anti-Gravity Technology,1384,523,2.1661849710982657,93.43280346820809,2998.0,1384,0.0,2.1732673267326734,37.79,反重力科技,反重力科技
Floating Refinery,1511,560,2.170086035737922,89.07412309728656,3279.0,1511,2.098610191925877,2.176508760545101,37.06,漂浮精炼厂,漂浮精炼厂
Martian Express,474,166,2.1561181434599157,89.72151898734177,1022.0,474,0.34177215189873417,2.1765873015873014,35.02,火星特快,火星特快
Kaguya Tech,1319,473,2.1705837755875663,89.3699772554966,2863.0,1319,0.0,2.177909562638992,35.86,辉夜科技,辉夜科技
Metallic Asteroid,1479,524,2.1724137931034484,86.16430020283975,3213.0,1479,0.0,2.1789264413518885,35.43,金属陨石,金属陨石
Farming,769,255,2.1690507152145644,89.86605981794538,1668.0,769,0.0,2.181476846057572,33.16,农业,农业
Luxury Estate,1005,363,2.1731343283582087,91.00597014925373,2184.0,1005,0.0,2.1826086956521737,36.12,豪华别墅,豪华别墅
Soil Studies,1014,344,2.175542406311637,87.19723865877712,2206.0,1014,0.0,2.1848659003831417,33.93,土壤研究,土壤研究
Special Design,530,190,2.169811320754717,91.29245283018868,1150.0,530,0.0,2.1875,35.85,特别构思,特别构思
Greenhouses,1691,586,2.1827321111768185,87.95505617977528,3691.0,1691,0.0,2.188262638001162,34.65,温室,温室
Red Tourism Wave,794,285,2.177581863979849,88.48614609571788,1729.0,794,0.0,2.1893203883495147,35.89,红色旅游风潮,红色旅游风潮
Hydrogen to Venus,900,329,2.18,90.19888888888889,1962.0,900,0.0,2.1903225806451614,36.56,输送氢气到金星,输送氢气到金星
Capital:ares,825,285,2.1818181818181817,89.12727272727273,1800.0,825,0.0,2.192982456140351,34.55,Capital:ares,Capital:ares
Bactoviral Research,1354,481,2.1868537666174297,91.39217134416543,2961.0,1354,0.0,2.19364161849711,35.52,细菌病毒研究,细菌病毒研究
Venus Allies,1195,418,2.186610878661088,91.62845188284518,2613.0,1195,0.0,2.1942857142857144,34.98,金星盟友,金星盟友
Atmoscoop,1420,492,2.1894366197183097,89.30492957746479,3109.0,1420,0.0,2.1958620689655173,34.65,大气束缚场,大气束缚场
Bushes,872,309,2.1857798165137616,87.5756880733945,1906.0,872,0.0,2.196230598669623,35.44,花丛,花丛
Diaspora Movement,1105,393,2.1882352941176473,89.89954751131222,2418.0,1105,0.0,2.19647577092511,35.57,大流散运动,大流散运动
Cultivation of Venus,936,314,2.1891025641025643,90.75854700854701,2049.0,936,0.0,2.198757763975155,33.55,金星育种,金星育种
Public Spaceline,1158,419,2.1934369602763386,90.38169257340242,2540.0,1158,0.0,2.201178451178451,36.18,公共太空航线,公共太空航线
Deimos Down:ares,1163,406,2.1943250214961307,83.98194325021497,2552.0,1163,0.0,2.2020117351215425,34.91,Deimos Down:ares,Deimos Down:ares
Earth Catapult,1621,600,2.1967921036397287,89.76064157927206,3561.0,1621,0.0,2.2023016353725016,37.01,地球发射站,地球发射站
Ishtar Expedition,1691,600,2.1981076286221173,89.13187463039621,3717.0,1691,0.0,2.2033701336432308,35.48,伊什塔尔远征,伊什塔尔远征
Red City,555,200,2.1873873873873872,88.36396396396397,1214.0,555,0.0,2.2034188034188036,36.04,红城,红城
AntiGravity Experiment,1248,446,2.1963141025641026,92.49599358974359,2741.0,1248,0.0,2.2034428794992174,35.74,反重力先行试验,反重力先行试验
Ocean Farm,993,354,2.1953675730110773,87.59718026183283,2180.0,993,0.0,2.204301075268817,35.65,海洋农场,海洋农场
Trees,804,281,2.1940298507462686,89.1268656716418,1764.0,804,0.0,2.2050359712230216,34.95,树,树
Envoys From Venus,1025,366,2.1970731707317075,88.63121951219512,2252.0,1025,0.0,2.205687203791469,35.71,金星来使,金星来使
Large Convoy,1432,471,2.2004189944134076,90.64874301675978,3151.0,1432,0.0,2.20656634746922,32.89,大型护航队,大型护航队
Heather,851,274,2.199764982373678,87.25616921269095,1872.0,851,0.0,2.209988649262202,32.2,帚石楠,帚石楠
Venus Magnetizer,614,209,2.198697068403909,89.40228013029316,1350.0,614,0.0,2.2127329192546585,34.04,金星磁化器,金星磁化器
Lunar Embassy,1004,361,2.204183266932271,89.7410358565737,2213.0,1004,0.0,2.2127659574468086,35.96,月球大使馆,月球大使馆
Hay Maker,761,252,2.202365308804205,82.77792378449409,1676.0,761,0.0,2.213653603034134,33.11,炎拳,炎拳
Floater-Urbanism,820,297,2.203658536585366,90.8719512195122,1807.0,820,3.542682926829268,2.2141176470588237,36.22,施韦伯城市规划,施韦伯城市规划
Imported Nutrients,1469,499,2.208304969366916,87.96119809394146,3244.0,1469,0.0,2.2141427618412273,33.97,营养物输入,营养物输入
Local Heat Trapping,1030,340,2.2058252427184466,87.52427184466019,2272.0,1030,0.0,2.2141509433962265,33.01,本地的热量陷阱,本地的热量陷阱
Sub-zero Salt Fish,548,186,2.198905109489051,91.11861313868613,1205.0,548,2.1423357664233578,2.2145328719723185,33.94,零下咸鱼,零下咸鱼
Gyropolis,737,253,2.203527815468114,92.6010854816825,1624.0,737,0.0,2.2151238591916558,34.33,旋转都会,旋转都会
Cyanobacteria,1214,416,2.2084019769357495,88.62602965403624,2681.0,1214,0.0,2.215434083601286,34.27,蓝藻菌,蓝藻菌
Soil Detoxification,1019,347,2.2070657507360156,85.89303238469087,2249.0,1019,0.0,2.215443279313632,34.05,土壤净化,土壤净化
Venusian Animals,1589,555,2.2120830711139083,91.49465072372561,3515.0,1589,9.30396475770925,2.2174181593576283,34.93,金星动物,金星动物
Mass Converter,1417,516,2.211714890613973,90.43895553987296,3134.0,1417,0.0,2.2176917760884587,36.41,质能转换器,质能转换器
Ocean City,1208,398,2.2110927152317883,88.79221854304636,2671.0,1208,0.0,2.2180936995153475,32.95,海洋城市,海洋城市
Takonda Castle (VII),862,283,2.2088167053364267,86.72041763341068,1904.0,862,0.0,2.218609865470852,32.83,Takonda Castle (VII),Takonda Castle (VII)
Advanced Ecosystems,1321,449,2.2127176381529146,90.11430734292203,2923.0,1321,0.0,2.2190969652109547,33.99,先进的生态系统,先进的生态系统
Ganymede Colony,1431,488,2.2138364779874213,90.71767994409504,3168.0,1431,0.0,2.2197125256673513,34.1,木卫三殖民地,木卫三殖民地
Martian Nature Wonders,946,318,2.211416490486258,90.223044397463,2092.0,946,0.0,2.2202868852459017,33.62,火星自然遗产,火星自然遗产
Crash Site Cleanup,950,319,2.2136842105263157,89.11263157894737,2103.0,950,0.0,2.2224489795918365,33.58,陨石坑清洁,陨石坑清洁
Meat Industry,1479,530,2.2170385395537524,90.25557809330628,3279.0,1479,0.0,2.2226640159045727,35.84,肉类工业,肉类工业
Magnetic Shield,741,267,2.211875843454791,93.56680161943319,1639.0,741,0.0,2.223086900129702,36.03,磁屏,磁屏
Small Animals,642,217,2.210280373831776,88.28816199376946,1419.0,642,2.9018691588785046,2.2232142857142856,33.8,小动物,小动物
Venus Shuttles,919,331,2.2143634385201305,89.7442872687704,2035.0,919,0.0,2.2233930453108535,36.02,金星穿梭机,金星穿梭机
Bio-Fertilizer Facility,1518,511,2.218050065876153,86.38076416337286,3367.0,1518,0.0,2.2235142118863047,33.66,肥料工厂,肥料工厂
Aqueduct Systems,1192,421,2.2181208053691277,89.44379194630872,2644.0,1192,0.0,2.2250409165302782,35.32,导水系统,导水系统
Impactor Swarm,755,257,2.214569536423841,89.45562913907285,1672.0,755,0.0,2.2254777070063696,34.04,冲击虫群,冲击虫群
Controlled Bloom,1343,461,2.220402084884587,87.11317944899479,2982.0,1343,0.0,2.2265112891478513,34.33,爆破控制,爆破控制
Restricted Area,142,53,2.1690140845070425,88.67605633802818,308.0,142,0.0,2.2267441860465116,37.32,管制区,管制区
Martian Culture,528,188,2.212121212121212,92.88068181818181,1168.0,528,4.625,2.227598566308244,35.61,火星文化,火星文化
Space Wargames,921,325,2.222584147665581,90.74592833876221,2047.0,921,0.2768729641693811,2.231335436382755,35.29,太空战争游戏,太空战争游戏
Breeding Farms,578,200,2.2197231833910034,91.50519031141869,1283.0,578,0.0,2.2335526315789473,34.6,养殖农场,养殖农场
Venus Governor,1506,533,2.2284196547144752,88.12549800796813,3356.0,1506,0.0,2.2337239583333335,35.39,金星总督,金星总督
Urban Decomposers,825,276,2.224242424242424,91.06545454545454,1835.0,825,0.0,2.2339181286549707,33.45,都市分解者,都市分解者
Birds,730,250,2.223287671232877,89.88356164383562,1623.0,730,2.6780821917808217,2.2342105263157896,34.25,鸟,鸟
Asteroid Resources,857,283,2.2252042007001167,86.9708284714119,1907.0,857,0.0,2.234498308906426,33.02,小行星资源,小行星资源
Molecular Printing,1655,559,2.230211480362538,87.62356495468278,3691.0,1655,0.0,2.2350148367952523,33.78,分子打印,分子打印
Fish,818,271,2.226161369193154,89.30073349633251,1821.0,818,2.5684596577017116,2.2358490566037736,33.13,鱼,鱼
Methane From Titan,580,185,2.2241379310344827,91.6655172413793,1290.0,580,0.0,2.237704918032787,31.9,来自泰坦的甲烷,来自泰坦的甲烷
Terraforming Robots,626,216,2.2252396166134187,93.1964856230032,1393.0,626,2.7252396166134187,2.2378048780487805,34.5,改造机器人,改造机器人
Nuclear Zone,134,50,2.1791044776119404,85.50746268656717,292.0,134,0.0,2.2378048780487805,37.31,核爆辐射区,核爆辐射区
Nitrophilic Moss,554,192,2.223826714801444,85.50902527075812,1232.0,554,0.0,2.238013698630137,34.66,嗜中性苔藓,嗜中性苔藓
Cultural Metropolis,680,232,2.226470588235294,87.98529411764706,1514.0,680,0.0,2.2380281690140844,34.12,多元化都市,多元化都市
Industrial Center:ares,1352,454,2.2322485207100593,86.8905325443787,3018.0,1352,0.0,2.2380607814761215,33.58,Industrial Center:ares,Industrial Center:ares
Air-Scrapping Expedition,901,297,2.2308546059933407,88.24750277469478,2010.0,901,0.0,2.23952738990333,32.96,金星改造远征队,金星改造远征队
Sulphur-Eating Bacteria,1996,683,2.2364729458917836,86.2565130260521,4464.0,1996,0.5020040080160321,2.2403751233958538,34.22,硫磺吞噬菌,硫磺吞噬菌
Ecological Survey,1139,369,2.2335381913959615,89.16066725197541,2544.0,1139,0.0,2.240376390076989,32.4,生态调查,生态调查
Symbiotic Fungus,880,293,2.2329545454545454,86.2159090909091,1965.0,880,0.0,2.241758241758242,33.3,共生真菌,共生真菌
Astra Mechanica,1666,566,2.2376950780312126,87.11704681872749,3728.0,1666,0.0,2.2423349056603774,33.97,星械会,星械会
Solar Logistics,807,279,2.2342007434944238,91.12887236679059,1803.0,807,0.0,2.2437275985663083,34.57,太阳能物流,太阳能物流
Colonial Envoys,372,126,2.2231182795698925,87.44623655913979,827.0,372,0.0,2.243781094527363,33.87,殖民特使,殖民特使
Desperate Measures,269,93,2.2156133828996283,79.42379182156134,596.0,269,0.0,2.2441471571906355,34.57,绝望措施,绝望措施
Towing A Comet,953,310,2.236096537250787,84.09024134312696,2131.0,953,0.0,2.244150559511699,32.53,牵引彗星,牵引彗星
Kelp Farming,1133,378,2.237422771403354,86.99205648720212,2535.0,1133,0.0,2.244196044711952,33.36,养殖海藻,养殖海藻
Urbanized Area,689,229,2.2336719883889695,91.05805515239477,1539.0,689,0.0,2.244784422809458,33.24,城市化区域,城市化区域
Plant Smuggling,1132,385,2.2385159010600706,86.71378091872792,2534.0,1132,0.0,2.2452667814113596,34.01,植物走私集团,植物走私集团
Tardigrades,894,291,2.237136465324385,82.74384787472036,2000.0,894,5.7114093959731544,2.2456709956709955,32.55,缓步微生物,缓步微生物
Artificial Lake,478,168,2.2301255230125525,89.26569037656904,1066.0,478,0.0,2.2460629921259843,35.15,人工湖,人工湖
Energy Market,1562,519,2.2445582586427655,87.11203585147247,3506.0,1562,0.0,2.2493718592964824,33.23,能源市场,能源市场
Expedition to the Surface - Venus,1325,448,2.2437735849056604,87.8022641509434,2973.0,1325,0.0,2.249446494464945,33.81,金星表面探险,金星表面探险
Caretaker Contract,194,67,2.211340206185567,93.3298969072165,429.0,194,0.0,2.25,34.54,监护合约,监护合约
WG Project,1022,344,2.2436399217221137,86.94716242661448,2293.0,1022,0.0,2.2509505703422055,33.66,WG 项目,WG 项目
Stratospheric Birds,1170,383,2.2452991452991453,91.01282051282051,2627.0,1170,5.5256410256410255,2.2516666666666665,32.74,平流层的鸟类,平流层的鸟类
Microgravity Nutrition,653,219,2.2404287901990814,89.99540581929556,1463.0,653,0.0,2.2518301610541727,33.54,微重力营养学,微重力营养学
Water Import From Europa,1240,410,2.245967741935484,91.57661290322581,2785.0,1240,0.0,2.251968503937008,33.06,从欧罗巴(木卫二)注入水源,从欧罗巴(木卫二)注入水源
Public Celebrations,444,154,2.2364864864864864,86.88513513513513,993.0,444,0.0,2.2531645569620253,34.68,公开庆典,公开庆典
Tosche Station (IV),428,135,2.235981308411215,87.30140186915888,957.0,428,0.0,2.2532751091703056,31.54,Tosche Station (IV),Tosche Station (IV)
Grass,961,302,2.2455775234131115,84.40686784599376,2158.0,961,0.0,2.253279515640767,31.43,草,草
Soil Factory,449,147,2.2383073496659245,91.85523385300668,1005.0,449,0.0,2.2546972860125263,32.74,土壤工厂,土壤工厂
Teslaract,311,106,2.2315112540192925,90.63987138263666,694.0,311,0.0,2.2551319648093844,34.08,泰斯拉立方体,泰斯拉立方体
Vote Of No Confidence,234,84,2.2264957264957266,84.88888888888889,521.0,234,0.0,2.257575757575758,35.9,不信任票,不信任票
Martian Monuments,222,76,2.225225225225225,92.97747747747748,494.0,222,0.0,2.257936507936508,34.23,火星纪念碑,火星纪念碑
Vermin,182,63,2.21978021978022,85.35164835164835,404.0,182,7.642857142857143,2.259433962264151,34.62,害兽,害兽
Decomposers,1708,542,2.2558548009367683,86.84953161592506,3853.0,1708,11.309718969555036,2.2600690448791716,31.73,分解者,分解者
Venus Trade Hub,1386,463,2.2554112554112553,88.55194805194805,3126.0,1386,0.0,2.260593220338983,33.41,金星贸易中心,金星贸易中心
Cloud City (V),1164,397,2.2551546391752577,86.96134020618557,2625.0,1164,0.0,2.2613065326633164,34.11,Cloud City (V),Cloud City (V)
Anthozoa,580,186,2.25,88.6448275862069,1305.0,580,2.7431034482758623,2.262295081967213,32.07,珊瑚动物,珊瑚动物
Special Permit,484,162,2.2479338842975207,85.54132231404958,1088.0,484,0.0,2.262645914396887,33.47,特别许可,特别许可
Hospitals,1291,411,2.2571649883811,88.68164213787762,2914.0,1291,4.426800929512006,2.2626797880393643,31.84,医院,医院
GMO Contract,1578,515,2.258555133079848,85.9721166032953,3564.0,1578,0.0,2.263059701492537,32.64,转基因生物合约,转基因生物合约
Secret Labs,1351,453,2.2590673575129534,88.35159141376758,3052.0,1351,0.0,2.264301230992035,33.53,秘密实验室,秘密实验室
Sabotage,688,208,2.254360465116279,85.48837209302326,1551.0,688,0.0,2.264623955431755,30.23,蓄意破坏,蓄意破坏
Titan Air-scrapping,404,131,2.2475247524752477,94.61386138613861,908.0,404,0.5,2.2649769585253456,32.43,处理泰坦空气,处理泰坦空气
Permafrost Extraction,449,144,2.249443207126949,86.22048997772829,1010.0,449,0.0,2.2651356993736953,32.07,冻土精炼,冻土精炼
Mining Area:ares,1280,429,2.26015625,86.41796875,2893.0,1280,0.0,2.265648854961832,33.52,Mining Area:ares,Mining Area:ares
Protected Habitats,712,229,2.2570224719101124,86.38904494382022,1607.0,712,0.0,2.266846361185984,32.16,受保护的栖息地,受保护的栖息地
Huygens Observatory,1365,445,2.2637362637362637,87.37362637362638,3090.0,1365,0.0,2.2688172043010755,32.6,惠更斯天文台,惠更斯天文台
Jovian Lanterns,729,242,2.2606310013717423,91.81481481481481,1648.0,729,9.112482853223593,2.270092226613966,33.2,木星灯,木星灯
Forced Precipitation,702,216,2.2606837606837606,87.37464387464388,1587.0,702,0.443019943019943,2.2704918032786887,30.77,强制降水,强制降水
Moon Tether,1031,335,2.265761396702231,90.62366634335596,2336.0,1031,0.0,2.2723845428840717,32.49,地月连结,地月连结
New Holland,450,141,2.2577777777777777,87.76444444444445,1016.0,450,0.0,2.2729166666666667,31.33,新荷兰,新荷兰
Protected Growth,318,109,2.251572327044025,79.76100628930817,716.0,318,0.0,2.2729885057471266,34.28,受保护的生长,受保护的生长
Terraforming Control Station,1663,540,2.269993986770896,87.20264582080577,3775.0,1663,0.0,2.2740696987595985,32.47,改造控制站,改造控制站
Imported Hydrogen,1562,513,2.270806658130602,86.46606914212548,3547.0,1562,0.0,2.2751256281407035,32.84,外部注入氢气,外部注入氢气
L1 Trade Terminal,976,322,2.2684426229508197,90.95389344262296,2214.0,976,0.0,2.275347912524851,32.99,L1 贸易终端,L1 贸易终端
Electric Sheep,663,216,2.2654600301659125,92.20060331825037,1502.0,663,4.722473604826546,2.2756132756132756,32.58,电子羊,电子羊
Extremophiles,1842,592,2.271986970684039,86.13626492942454,4185.0,1842,4.836047774158524,2.2756410256410255,32.14,极端微生物,极端微生物
Data Leak,445,141,2.2606741573033706,88.8067415730337,1006.0,445,0.0,2.2757894736842106,31.69,数据泄露,数据泄露
Jovian Envoys,731,239,2.2667578659370724,89.70177838577291,1657.0,731,0.0,2.275952693823916,32.69,木星来使,木星来使
Pollinators,422,139,2.2606635071090047,91.37203791469194,954.0,422,4.597156398104265,2.2765486725663715,32.94,授粉者,授粉者
Hydrothermal Vent Archaea,1358,430,2.271723122238586,86.61782032400589,3085.0,1358,10.591310751104565,2.276657060518732,31.66,深海热泉细菌,深海热泉细菌
Red Ships,1636,541,2.2732273838630808,86.02506112469437,3719.0,1636,0.0,2.277310924369748,33.07,红色舰队,红色舰队
Pride of the Earth Arkship,539,175,2.2653061224489797,94.00556586270872,1221.0,539,4.684601113172541,2.2776801405975395,32.47,地球方舟的骄傲,地球方舟的骄傲
Red Spot Observatory,1669,565,2.2738166566806473,88.73457159976033,3795.0,1669,0.5200718993409227,2.27781047675103,33.85,红斑实验室,红斑实验室
Algae,859,269,2.270081490104773,86.47613504074505,1950.0,859,0.0,2.277840269966254,31.32,海藻,海藻
Clone Troopers (II),322,103,2.2577639751552794,90.36645962732919,727.0,322,1.9472049689440993,2.278409090909091,31.99,Clone Troopers (II),Clone Troopers (II)
Bioengineering Enclosure,609,200,2.2676518883415433,91.42528735632185,1381.0,609,0.6995073891625616,2.2785602503912363,32.84,生物工程组件,生物工程组件
Cloud Tourism,1370,436,2.2737226277372264,89.292700729927,3115.0,1370,5.5715328467153284,2.2785714285714285,31.82,云端旅游,云端旅游
Ice Cap Melting,257,80,2.252918287937743,86.89105058365759,579.0,257,0.0,2.278745644599303,31.13,冰川融化,冰川融化
Interplanetary Alliance,1663,548,2.274804570054119,88.29464822609741,3783.0,1663,0.0,2.2787950383933846,32.95,星际联邦,星际联邦
Space Port,942,316,2.2717622080679405,90.1443736730361,2140.0,942,0.0,2.27880658436214,33.55,太空港,太空港
Solar Farm,1123,369,2.27426536064114,84.81389136242208,2554.0,1123,0.0,2.280138768430182,32.86,太阳能农场,太阳能农场
Sponsoring Nation,609,194,2.270935960591133,91.6896551724138,1383.0,609,0.0,2.2816901408450705,31.86,主办国,主办国
Specialized Settlement,1090,357,2.276146788990826,86.49174311926606,2481.0,1090,0.0,2.282142857142857,32.75,专业定居点,专业定居点
Thermophiles,1011,320,2.2759643916913945,88.24233432245302,2301.0,1011,0.9703264094955489,2.282420749279539,31.65,嗜热菌,嗜热菌
Interplanetary Transport,1067,349,2.2774133083411434,89.51640112464855,2430.0,1067,0.0,2.283500455788514,32.71,星际运输,星际运输
Landfill,125,44,2.232,83.88,279.0,125,0.0,2.2838709677419353,35.2,垃圾填埋场,垃圾填埋场
Airliners,627,200,2.274322169059011,89.73365231259969,1426.0,627,0.0,2.284627092846271,31.9,航空公司,航空公司
Media Archives,1623,537,2.2809611829944547,86.60320394331485,3702.0,1623,0.0,2.2849364791288567,33.09,多媒体档案库,多媒体档案库
Geological Expedition,1079,358,2.278962001853568,89.8563484708063,2459.0,1079,0.0,2.284941388638413,33.18,地质探险,地质探险
Giant Ice Asteroid,888,274,2.2781531531531534,81.88626126126127,2023.0,888,0.0,2.2854030501089326,30.86,巨冰行星,巨冰行星
Penguins,1273,401,2.2804399057344855,87.92930086410055,2903.0,1273,3.3974862529457974,2.2854950115118955,31.5,企鹅,企鹅
Domed Crater,618,190,2.2766990291262137,84.73624595469256,1407.0,618,0.0,2.287037037037037,30.74,圆顶火山口,圆顶火山口
Respiration Enhance,993,338,2.280966767371601,88.10976837865056,2265.0,993,0.0,2.2873900293255134,34.04,呼吸作用增强,呼吸作用增强
Fleet Recycling,1036,338,2.281853281853282,88.4034749034749,2364.0,1036,0.0,2.2879924953095685,32.63,飞船回收,飞船回收
Tropical Resort,449,137,2.2739420935412027,88.728285077951,1021.0,449,0.0,2.288100208768267,30.51,热带度假胜地,热带度假胜地
Neutralizer Factory,1299,435,2.2832948421862973,88.7197844495766,2966.0,1299,0.0,2.288186606471031,33.49,中和剂工厂,中和剂工厂
Earth Office,1698,558,2.2850412249705534,87.02414605418139,3880.0,1698,0.0,2.2887731481481484,32.86,地球办公室,地球办公室
Ambient,115,38,2.234782608695652,78.12173913043478,257.0,115,0.0,2.2896551724137932,33.04,,
Venusian Insects,1796,604,2.2861915367483294,87.62193763919822,4106.0,1796,9.042873051224944,2.2897042716319826,33.63,金星昆虫,金星昆虫
Wildlife Dome,1316,392,2.2857142857142856,83.60030395136778,3008.0,1316,0.0,2.290490341753343,29.79,野生生物穹顶,野生生物穹顶
PolderTECH Dutch,128,41,2.2421875,39.296875,287.0,128,0.0,2.2911392405063293,32.03,荷兰圩田科技,荷兰圩田科技
Research Outpost,1778,571,2.2879640044994374,85.99831271091114,4068.0,1778,0.0,2.291482300884956,32.11,科研前哨站,科研前哨站
Jupiter Floating Station,1232,392,2.2865259740259742,89.53652597402598,2817.0,1232,1.8993506493506493,2.2916006339144217,31.82,木星浮动站,木星浮动站
Viral Enhancers,1911,617,2.2888540031397175,85.82417582417582,4374.0,1911,0.0,2.2921174652241114,32.29,病毒增强,病毒增强
Cupola City,752,239,2.285904255319149,85.98005319148936,1719.0,752,0.0,2.2941176470588234,31.78,穹顶舱城市,穹顶舱城市
Arctic Algae,891,273,2.287317620650954,83.19753086419753,2038.0,891,0.0,2.2942453854505973,30.64,北极的藻类植物,北极的藻类植物
Political Alliance,479,157,2.2818371607515657,87.49686847599165,1093.0,479,0.0,2.294695481335953,32.78,政治结盟,政治结盟
Media Group,1673,548,2.2910938433950987,85.10101613867305,3833.0,1673,0.0,2.294773928361715,32.76,媒体团队,媒体团队
Luna Governor,1259,424,2.289912629070691,86.9626687847498,2883.0,1259,0.0,2.2948021722265324,33.68,月球政府,月球政府
Directed Heat Usage,1183,379,2.289940828402367,86.97717666948436,2709.0,1183,0.0,2.2951360263808738,32.04,热能定向利用,热能定向利用
Solarpedia,241,89,2.2697095435684647,92.96680497925311,547.0,241,1.7676348547717842,2.2952029520295203,36.93,太阳系百科全书,太阳系百科全书
Conscription,1539,490,2.2917478882391165,86.32163742690058,3527.0,1539,0.0,2.295729764181007,31.84,征兵,征兵
Great Dam:ares,1231,370,2.2908204711616573,84.67099918765231,2820.0,1231,0.0,2.295796986518636,30.06,Great Dam:ares,Great Dam:ares
Aerial Mappers,1534,498,2.292046936114733,87.21903520208605,3516.0,1534,0.5651890482398957,2.2960358056265986,32.46,航空制图器,航空制图器
Big Asteroid,1280,393,2.29140625,84.45546875,2933.0,1280,0.0,2.2961832061068703,30.7,大型小行星,大型小行星
Dyson Screens,1153,354,2.2914137033824806,86.96790980052039,2642.0,1153,0.0,2.2967032967032965,30.7,戴森屏,戴森屏
Land Claim,880,265,2.289772727272727,88.77727272727273,2015.0,880,0.0,2.2967032967032965,30.11,宣称领土,宣称领土
Butterfly Effect,435,136,2.282758620689655,89.9287356321839,993.0,435,0.0,2.296774193548387,31.26,蝴蝶效应,蝴蝶效应
Interstellar Colony Ship,942,316,2.290870488322718,90.85774946921444,2158.0,942,0.0,2.2973251028806585,33.55,星际殖民飞船,星际殖民飞船
Lava Flows:ares,702,223,2.2891737891737893,80.63247863247864,1607.0,702,0.0,2.297814207650273,31.77,Lava Flows:ares,Lava Flows:ares
Floater Leasing,388,125,2.283505154639175,89.15721649484536,886.0,388,0.0,2.299043062200957,32.22,漂浮物租贷,漂浮物租贷
Stratospheric Expedition,1811,583,2.297073440088349,87.19050248481501,4160.0,1811,0.0,2.300380228136882,32.19,平流层远征,平流层远征
Venus University,1609,514,2.2970789310130515,87.82038533250466,3696.0,1609,0.0,2.300793166564979,31.95,金星大学,金星大学
Wetlands,405,123,2.28641975308642,83.60740740740741,926.0,405,0.0,2.301149425287356,30.37,湿地,湿地
Space Port Colony,1287,386,2.2968142968142966,89.62082362082361,2956.0,1287,0.0,2.301442672741078,29.99,太空港殖民地,太空港殖民地
Luxury Foods,968,306,2.2954545454545454,89.41115702479338,2222.0,968,0.0,2.3016032064128256,31.61,奢靡大餐,奢靡大餐
Trade Embargo (I),149,53,2.261744966442953,89.1006711409396,337.0,149,0.0,2.3016759776536313,35.57,Trade Embargo (I),Trade Embargo (I)
Rare-Earth Elements,762,247,2.293963254593176,87.14435695538057,1748.0,762,0.0,2.301767676767677,32.41,稀土元素,稀土元素
Pets,1487,463,2.2979152656355075,87.79085406859448,3417.0,1487,9.227975790181574,2.301911667765326,31.14,宠物,宠物
Lichen,662,215,2.293051359516616,87.46374622356495,1518.0,662,0.0,2.302023121387283,32.48,青苔,青苔
Sulphur Exports,920,299,2.2956521739130435,87.72608695652174,2112.0,920,0.0,2.3021052631578947,32.5,硫磺出口贸易,硫磺出口贸易
Asteroid Rights,1546,487,2.298835705045278,85.65265200517464,3554.0,1546,0.36610608020698576,2.3026649746192893,31.5,小行星权力,小行星权力
GHG Import From Venus,374,128,2.2887700534759357,89.61229946524064,856.0,374,0.0,2.3044554455445545,34.22,从金星导入温室气体,从金星导入温室气体
Floating Habs,1456,461,2.301510989010989,87.54052197802197,3351.0,1456,6.480082417582418,2.3055181695827724,31.66,漂浮舱,漂浮舱
Project Inspection,1507,455,2.3019243530192437,87.26410086264102,3469.0,1507,0.0,2.305790500975927,30.19,项目检测,项目检测
Fall of Sunrise,1408,432,2.3025568181818183,84.21448863636364,3242.0,1408,0.0,2.3066759388038944,30.68,拂晓陨落,拂晓陨落
Warp Drive,1465,481,2.3030716723549487,89.2901023890785,3374.0,1465,0.0,2.3070234113712376,32.83,曲率引擎,曲率引擎
Dawn City,1227,387,2.302363488182559,89.40994295028524,2825.0,1227,0.0,2.307080350039777,31.54,拂晓之城,拂晓之城
GHG Producing Bacteria,829,253,2.3003618817852836,84.37032569360676,1907.0,829,1.172496984318456,2.3073341094295694,30.52,温室气体生产细菌,温室气体生产细菌
Saturn Surfing,1609,513,2.305158483530143,87.95773772529522,3709.0,1609,3.7277812305779987,2.3087248322147653,31.88,土星冲浪,土星冲浪
Sister Planet Support,1388,458,2.3047550432276656,86.94740634005764,3199.0,1388,0.0,2.308885754583921,33.0,姊妹星球支持,姊妹星球支持
Cloud Vortex Outpost,267,81,2.2883895131086143,82.02247191011236,611.0,267,0.3445692883895131,2.3097643097643097,30.34,云涡前哨站,云涡前哨站
Moss,638,193,2.300940438871473,87.47335423197492,1468.0,638,0.0,2.309880239520958,30.25,苔藓,苔藓
Summit Logistics,1260,410,2.3055555555555554,86.5531746031746,2905.0,1260,0.0,2.310077519379845,32.54,峰会后勤,峰会后勤
Topsoil Contract,1904,591,2.307247899159664,83.82563025210084,4393.0,1904,0.0,2.31023784901758,31.04,表土合约,表土合约
Noctis Farming,1397,423,2.306370794559771,86.23550465282749,3222.0,1397,0.0,2.3104414856341977,30.28,诺提斯农耕,诺提斯农耕
Starcore Mining,1745,583,2.3088825214899713,87.07106017191977,4029.0,1745,0.0,2.312112676056338,33.41,星核开采,星核开采
Zeppelins,353,119,2.2974504249291785,90.56373937677054,811.0,353,0.0,2.31331592689295,33.71,齐柏林飞艇,齐柏林飞艇
Orbital Reflectors,605,191,2.304132231404959,85.79504132231405,1394.0,605,0.0,2.3133858267716536,31.57,轨道反射镜,轨道反射镜
Expedition Vehicles,802,264,2.306733167082294,90.51745635910224,1850.0,802,0.0,2.313701923076923,32.92,远征车,远征车
Noctis City,1023,314,2.3088954056695994,86.69794721407625,2362.0,1023,0.0,2.314339981006648,30.69,诺提斯城,诺提斯城
Soylent Seedling Systems,132,33,2.272727272727273,40.04545454545455,300.0,132,1.25,2.314814814814815,25.0,索伦特幼苗系统,索伦特幼苗系统
Planetary Alliance,1090,336,2.310091743119266,84.00825688073394,2518.0,1090,0.0,2.3151785714285715,30.83,行星联盟,行星联盟
Fueled Generators,1054,348,2.310246679316888,87.22485768500948,2435.0,1054,0.0,2.3154981549815496,33.02,燃料发动机,燃料发动机
Insulation,239,74,2.292887029288703,89.17154811715481,548.0,239,0.0,2.315985130111524,30.96,绝缘,绝缘
Magnetic Field Dome,511,160,2.305283757338552,90.37377690802349,1178.0,511,0.0,2.3160813308687613,31.31,磁力区域圆顶,磁力区域圆顶
Whales,340,112,2.3,94.82352941176471,782.0,340,3.652941176470588,2.3162162162162163,32.94,鲸鱼,鲸鱼
Kickstarter,985,296,2.3106598984771574,87.63350253807107,2276.0,985,0.0,2.316256157635468,30.05,KS众筹,KS众筹
Ringcom,213,68,2.291079812206573,83.29577464788733,488.0,213,0.0,2.316872427983539,31.92,Ringcom,Ringcom
Darkside Incubation Plant,178,59,2.2865168539325844,86.56179775280899,407.0,178,10.320224719101123,2.3173076923076925,33.15,暗面孵化设施,暗面孵化设施
Refugee Camps,638,209,2.3087774294670846,85.99686520376176,1473.0,638,2.4905956112852663,2.317365269461078,32.76,难民营,难民营
Hermetic Order of Mars,518,166,2.306949806949807,85.44980694980696,1195.0,518,0.0,2.3175182481751824,32.05,火星秘教,火星秘教
Comet,908,272,2.3116740088105727,81.85903083700441,2099.0,908,0.0,2.3176972281449895,29.96,彗星,彗星
Ice Asteroid,935,293,2.312299465240642,84.59786096256684,2162.0,935,0.0,2.3181347150259066,31.34,结冰行星,结冰行星
Communication Center,633,215,2.309636650868878,88.18009478672985,1462.0,633,0.9699842022116903,2.3182503770739067,33.97,通讯中心,通讯中心
Io Sulphur Research,1517,508,2.3150955833882665,88.55174686882005,3512.0,1517,0.0,2.318681318681319,33.49,木卫一的硫磺研究,木卫一的硫磺研究
Plantation,1438,441,2.3150208623087623,86.39568845618915,3329.0,1438,0.0,2.318801089918256,30.67,种植园,种植园
Last Resort Ingenuity,459,146,2.30718954248366,86.43572984749456,1059.0,459,0.0,2.3190184049079754,31.81,即兴才能,即兴才能
Olympus Conference,1916,613,2.316283924843424,87.07567849686848,4438.0,1916,0.5026096033402923,2.3191161356628984,31.99,奥林巴斯峰会,奥林巴斯峰会
Carbonate Processing,305,97,2.301639344262295,85.8295081967213,702.0,305,0.0,2.319402985074627,31.8,碳酸盐处理,碳酸盐处理
Ants,1223,381,2.3172526573998367,86.56336876533115,2834.0,1223,9.262469337694194,2.3216280925778134,31.15,蚂蚁,蚂蚁
Voltaic Metallurgy,654,222,2.3134556574923546,89.47094801223241,1513.0,654,0.0,2.3216374269005846,33.94,伏打冶金,伏打冶金
Immigration Shuttles,616,194,2.313311688311688,89.96428571428571,1425.0,616,0.0,2.321981424148607,31.49,移民航天机,移民航天机
Giant Solar Shade,888,289,2.3164414414414414,86.37837837837837,2057.0,888,0.0,2.3224400871459694,32.55,巨型日光遮蔽器,巨型日光遮蔽器
Beam From A Thorium Asteroid,379,100,2.308707124010554,88.37467018469657,875.0,379,0.0,2.3227383863080684,26.39,钍行星射线,钍行星射线
Air Raid,905,276,2.3171270718232044,86.57016574585636,2097.0,905,0.0,2.322994652406417,30.5,空袭,空袭
Equatorial Magnetizer,220,75,2.3,87.33181818181818,506.0,220,0.0,2.324,34.09,赤道导磁体,赤道导磁体
Homeostasis Bureau,939,275,2.318423855165069,82.09265175718849,2177.0,939,0.0,2.324045407636739,29.29,稳态管理局,稳态管理局
Market Manipulation,951,291,2.3186119873817033,83.80336487907466,2205.0,951,0.0,2.324159021406728,30.6,操控市场,操控市场
Aerial Lenses,152,46,2.289473684210526,79.14473684210526,348.0,152,0.0,2.3241758241758244,30.26,对空透镜,对空透镜
Solar Probe,1651,533,2.3210175651120535,86.9327680193822,3832.0,1651,0.0,2.324211778703153,32.28,太阳探测器,太阳探测器
Mohole Area:ares,486,138,2.314814814814815,78.86008230452676,1125.0,486,0.0,2.3255813953488373,28.4,Mohole Area:ares,Mohole Area:ares
Titan Floating Launch-pad,1035,314,2.320772946859903,86.95072463768116,2402.0,1035,0.9120772946859903,2.3258215962441313,30.34,泰坦漂浮物起飞平台,泰坦漂浮物起飞平台
New Venice,1182,375,2.3214890016920475,86.65059221658207,2744.0,1182,0.0,2.325907590759076,31.73,新威尼斯,新威尼斯
Dust Storm,616,190,2.3181818181818183,80.89772727272727,1428.0,616,0.0,2.3266253869969042,30.84,沙尘暴,沙尘暴
Cow,1368,417,2.323099415204678,85.50292397660819,3178.0,1368,3.2478070175438596,2.32689556509299,30.48,奶牛,奶牛
Solarnet,1372,429,2.323615160349854,87.55830903790087,3188.0,1372,0.0,2.327389443651926,31.27,太阳系网络,太阳系网络
Productive Outpost,1193,367,2.3235540653813915,87.09807208717518,2772.0,1193,0.0,2.327882256745707,30.76,生产前哨站,生产前哨站
Energy Supply,1091,334,2.323556370302475,84.85334555453713,2535.0,1091,0.0,2.328278322925959,30.61,电力补给,电力补给
Banned Delegate,262,82,2.3091603053435112,84.4885496183206,605.0,262,0.0,2.328767123287671,31.3,违法代表,违法代表
Local Shading,1299,400,2.324865280985373,85.35950731331793,3020.0,1299,0.9230177059276367,2.3288186606471033,30.79,局部遮蔽,局部遮蔽
Mining Rights,119,42,2.2857142857142856,88.41176470588235,272.0,119,0.0,2.3288590604026846,35.29,采矿权,采矿权
St. Joseph of Cupertino Mission,495,164,2.319191919191919,89.0969696969697,1148.0,495,0.0,2.3295238095238093,33.13,库比蒂诺圣约瑟夫传教团,库比蒂诺圣约瑟夫传教团
Sky Docks,1660,534,2.3265060240963855,86.83433734939759,3862.0,1660,0.0,2.3295857988165682,32.17,太空码头,太空码头
Trade Advance,585,168,2.3213675213675216,82.68205128205128,1358.0,585,0.0,2.330081300813008,28.72,Trade Advance,Trade Advance
Mars Hot Spring,1096,338,2.3257299270072993,83.62408759124088,2549.0,1096,0.0,2.330373001776199,30.84,火星温泉,火星温泉
Jovian Expedition,1349,420,2.327650111193477,87.4477390659748,3140.0,1349,0.0,2.331399564902103,31.13,木星远征,木星远征
Restricted Area:ares,1553,493,2.330328396651642,85.34191886670959,3619.0,1553,0.0,2.3335439039797854,31.75,Restricted Area:ares,Restricted Area:ares
Survey Mission,962,294,2.3295218295218296,80.24428274428274,2241.0,962,0.0,2.3346774193548385,30.56,探索任务,探索任务
Orbital Laboratories,1055,312,2.3308056872037914,85.07298578199052,2459.0,1055,0.0,2.335483870967742,29.57,轨道实验室,轨道实验室
Cassini Station,730,210,2.328767123287671,89.18493150684931,1700.0,730,0.0,2.335526315789474,28.77,卡西尼太空站,卡西尼太空站
Field-Capped City,1227,349,2.3317033414832924,85.89405052974735,2861.0,1227,0.0,2.335719968178202,28.44,磁场穹顶城市,磁场穹顶城市
Carbon Nanosystems,1732,528,2.3331408775981526,86.02020785219399,4041.0,1732,0.5889145496535797,2.3359818388195235,30.48,碳纳米系统,碳纳米系统
Protected Valley,1107,319,2.332429990966576,84.21409214092141,2582.0,1107,0.0,2.3368513632365877,28.82,受保护的山脉,受保护的山脉
Hired Raiders,1331,397,2.3335837716003005,85.92261457550714,3106.0,1331,0.0,2.337252020573108,29.83,雇佣掠夺者,雇佣掠夺者
Ceres Spaceport,930,284,2.332258064516129,88.75913978494624,2169.0,930,0.0,2.3375,30.54,谷神星太空港,谷神星太空港
Trantor,1591,502,2.3356379635449405,86.25644248900063,3716.0,1591,0.0,2.338679827267119,31.55,川陀,川陀
Unexpected Application,1497,440,2.336005344021376,86.07147628590515,3497.0,1497,0.0,2.3392272429600522,29.39,意外应用,意外应用
Nitrite Reducing Bacteria,612,183,2.331699346405229,85.4281045751634,1427.0,612,1.1094771241830066,2.339563862928349,29.9,亚硝酸盐还原菌,亚硝酸盐还原菌
Waste Incinerator,1507,454,2.3364299933643,84.80358327803583,3521.0,1507,0.0,2.339622641509434,30.13,垃圾焚烧站,垃圾焚烧站
Spin-off Department,1456,463,2.3365384615384617,86.3853021978022,3402.0,1456,0.0,2.3398384925975773,31.8,副产品部门,副产品部门
Friends in High Places,114,40,2.2982456140350878,66.08771929824562,262.0,114,0.0,2.3402777777777777,35.09,高层人脉,高层人脉
Sponsored Academies,1774,540,2.3376550169109356,86.33089064261556,4147.0,1774,0.0,2.3403547671840355,30.44,学术赞助,学术赞助
Asteroid,1314,414,2.337138508371385,84.41704718417047,3071.0,1314,0.0,2.3407738095238093,31.51,小行星,小行星
Mining Rights:ares,1413,428,2.337579617834395,84.93842887473461,3303.0,1413,0.0,2.3409563409563408,30.29,Mining Rights:ares,Mining Rights:ares
Quantum Extractor,1335,436,2.337827715355805,87.85093632958801,3121.0,1335,0.0,2.3413919413919415,32.66,量子提取,量子提取
CrediCor,204,52,2.3186274509803924,53.318627450980394,473.0,204,0.0,2.341880341880342,25.49,CrediCor,CrediCor
Peroxide Power,929,288,2.3369214208826694,86.17115177610334,2171.0,929,0.0,2.3420229405630866,31.0,过氧化氢能源,过氧化氢能源
PR Office,1101,336,2.337874659400545,85.52861035422343,2574.0,1101,0.0,2.3421750663129974,30.52,公关办公室,公关办公室
Rover Construction,1738,514,2.3394706559263523,85.39067894131185,4066.0,1738,0.0,2.3421945701357467,29.57,漫游者建设,漫游者建设
Black Polar Dust,335,97,2.328358208955224,80.61791044776119,780.0,335,0.0,2.3424657534246576,28.96,黑色的极地尘埃,黑色的极地尘埃
Snow Algae,294,88,2.326530612244898,85.35714285714286,684.0,294,0.0,2.3425925925925926,29.93,雪藻,雪藻
Nitrogen from Titan,997,301,2.338014042126379,89.1394182547643,2331.0,997,0.0,2.3427458617332033,30.19,土卫六氮气,土卫六氮气
EcoTec,107,29,2.2990654205607477,73.16822429906541,246.0,107,0.0,2.343065693430657,27.1,EcoTec,EcoTec
Atalanta Planitia Lab,1934,596,2.341261633919338,87.5124095139607,4528.0,1934,0.0,2.3436863543788187,30.82,亚特兰大实验室,亚特兰大实验室
Venus Waystation,1881,595,2.3413078149920254,85.87985114300903,4404.0,1881,0.0,2.3437990580847723,31.63,金星中转站,金星中转站
Think Tank,490,150,2.3346938775510204,89.73469387755102,1144.0,490,0.6326530612244898,2.3442307692307693,30.61,智库,智库
Predators,530,156,2.3358490566037737,91.31698113207547,1238.0,530,3.0547169811320756,2.344642857142857,29.43,捕食者,捕食者
Underground City,585,173,2.336752136752137,86.7897435897436,1367.0,585,0.0,2.3447154471544716,29.57,地下城,地下城
Energy Station,1159,350,2.340811044003451,84.05176876617774,2713.0,1159,0.0,2.3448275862068964,30.2,能源站,能源站
Optimal Aerobraking,1360,428,2.3419117647058822,84.57941176470588,3185.0,1360,0.0,2.3453237410071943,31.47,最优的空气动力制动,最优的空气动力制动
Rego Plastics,1356,394,2.342182890855457,86.00811209439529,3176.0,1356,0.0,2.3455988455988455,29.06,表土塑料,表土塑料
Solar Storm,732,213,2.3401639344262297,83.48633879781421,1713.0,732,0.0,2.3464566929133857,29.1,太阳风暴,太阳风暴
Io Mining Industries,1032,317,2.3420542635658914,90.1172480620155,2417.0,1032,0.0,2.3465160075329567,30.72,木卫一矿业,木卫一矿业
Floater Technology,876,266,2.3413242009132422,88.40525114155251,2051.0,876,0.0,2.3465783664459163,30.37,漂浮物科技,漂浮物科技
Event Analysts,852,263,2.341549295774648,85.98239436619718,1995.0,852,0.0,2.3469387755102042,30.87,事件分析,事件分析
Deimos Down:promo,117,38,2.3076923076923075,81.1025641025641,270.0,117,0.0,2.3469387755102042,32.48,Deimos Down:promo,Deimos Down:promo
Solar Wind Power,1713,524,2.344424985405721,86.04319906596614,4016.0,1713,0.0,2.347102696500287,30.59,太阳风,太阳风
High Temp. Superconductors,782,238,2.3414322250639388,84.36317135549872,1831.0,782,0.0,2.3472906403940885,30.43,超导体改进,超导体改进
Psychrophiles,1036,316,2.3436293436293436,83.99034749034749,2428.0,1036,1.1544401544401544,2.348030018761726,30.5,嗜冷性细菌,嗜冷性细菌
Virus,840,257,2.342857142857143,84.64285714285714,1968.0,840,0.0,2.3482758620689657,30.6,病毒,病毒
Commercial District:ares,897,261,2.3444816053511706,86.09476031215162,2103.0,897,0.0,2.349514563106796,29.1,Commercial District:ares,Commercial District:ares
Space Debris Cleaning Operation,1647,503,2.347905282331512,83.96903460837888,3867.0,1647,0.0,2.3506261180679786,30.54,太空垃圾清理,太空垃圾清理
Floyd Continuum,1738,536,2.348101265822785,84.75373993095512,4081.0,1738,0.0,2.3506787330316743,30.84,弗洛伊德连续体,弗洛伊德连续体
Release of Inert Gases,523,157,2.3422562141491396,89.31548757170172,1225.0,523,0.0,2.3508137432188065,30.02,释放惰性气体,释放惰性气体
United Nations Mission One,172,52,2.3255813953488373,50.5406976744186,400.0,172,0.0,2.3514851485148514,30.23,United Nations Mission One,United Nations Mission One
Terraforming Contract,708,221,2.346045197740113,85.14689265536722,1661.0,708,0.0,2.3523035230352303,31.21,改造合同,改造合同
Minority Refuge,1569,462,2.349904397705545,84.29636711281071,3687.0,1569,0.0,2.352720450281426,29.45,少数民族难民,少数民族难民
Cutting Edge Technology,1784,537,2.350896860986547,85.51457399103138,4194.0,1784,0.0,2.3533627342888646,30.1,前沿科技,前沿科技
Power Infrastructure,725,218,2.3475862068965516,87.34896551724138,1702.0,725,0.0,2.35364238410596,30.07,电力基础设置,电力基础设置
Corona Extractor,965,289,2.349222797927461,87.17927461139897,2267.0,965,0.0,2.3537688442211055,29.95,日冕提取器,日冕提取器
Cartel,1017,340,2.3500491642084564,87.34218289085545,2390.0,1017,0.0,2.3543457497612224,33.43,同业联盟,同业联盟
Wave Power,1031,303,2.3511154219204657,85.86614936954413,2424.0,1031,0.0,2.355325164938737,29.39,潮汐能源,潮汐能源
Rad-chem Factory,1053,319,2.3513770180436846,85.89838556505224,2476.0,1053,0.0,2.355493998153278,30.29,辐射化学工厂,辐射化学工厂
Border Checkpoint,1193,372,2.352891869237217,84.83738474434199,2807.0,1193,0.0,2.356500408830744,31.18,边境检查站,边境检查站
Indentured Workers,1535,465,2.3537459283387623,83.82084690553746,3613.0,1535,0.0,2.356549520766773,30.29,合同工,合同工
Lobby Halls,999,308,2.3523523523523524,84.88588588588588,2350.0,999,0.0,2.3566569484936832,30.83,议会大厅,议会大厅
Public Sponsored Grant,1052,329,2.3536121673003803,85.95152091254752,2476.0,1052,0.0,2.357670979667283,31.27,公共补贴,公共补贴
Mohole Lake,584,159,2.3510273972602738,80.63356164383562,1373.0,584,0.0,2.3583061889250816,27.23,莫霍湖,莫霍湖
Subterranean Reservoir,868,262,2.3536866359447006,82.20506912442396,2043.0,868,0.0,2.3585746102449887,30.18,地下水库,地下水库
Energy Tapping,603,181,2.351575456053068,84.84742951907131,1418.0,603,0.0,2.358609794628752,30.02,能量开发,能量开发
Water to Venus,1082,335,2.355822550831793,85.82809611829944,2549.0,1082,0.0,2.3597122302158273,30.96,输送水源到金星,输送水源到金星
Space Monster Park,1545,507,2.3572815533980584,86.81747572815534,3642.0,1545,1.1527508090614886,2.36,32.82,太空怪兽乐园,太空怪兽乐园
Immigrant City,1353,398,2.3569844789356984,86.31855136733185,3189.0,1353,0.0,2.3600867678958783,29.42,移民城市,移民城市
Supported Research,1412,421,2.3576487252124645,84.86543909348443,3329.0,1412,0.0,2.3606102635228847,29.82,受扶持的研究,受扶持的研究
Lava Tube Settlement,771,223,2.3553826199740597,87.49935149156939,1816.0,771,0.0,2.3607990012484397,28.92,熔岩城,熔岩城
Jovian Defense Department,1177,351,2.3576890399320307,87.88105352591334,2775.0,1177,4.978759558198811,2.36122618061309,29.82,木星防空署,木星防空署
Venus First,970,301,2.3577319587628867,82.3381443298969,2287.0,970,0.0,2.362,31.03,金星优先,金星优先
Research Colony,1652,498,2.3595641646489103,86.1725181598063,3898.0,1652,0.0,2.3620689655172415,30.15,研究殖民地,研究殖民地
Jovian Embassy,1406,425,2.359174964438122,87.99786628733997,3317.0,1406,0.0,2.362116991643454,30.23,木星大使馆,木星大使馆
Interplanetary Colony Ship,1574,461,2.3595933926302415,84.66772554002542,3714.0,1574,0.0,2.362219451371571,29.29,星际殖民船,星际殖民船
Invention Contest,1778,561,2.359955005624297,84.65748031496064,4196.0,1778,0.0,2.362278761061947,31.55,发明竞争,发明竞争
Dusk Laser Mining,1549,466,2.3602324080051647,85.49903163331182,3656.0,1549,0.0,2.3628879037365422,30.08,黄昏激光矿业,黄昏激光矿业
Aerobraked Ammonia Asteroid,127,34,2.3307086614173227,90.51968503937007,296.0,127,0.0,2.3630573248407645,26.77,氮气小行星,氮气小行星
Lunar Mining,942,309,2.358811040339703,87.81210191082802,2222.0,942,0.0,2.3631687242798356,32.8,月球挖掘,月球挖掘
Corridors of Power,248,76,2.346774193548387,83.00806451612904,582.0,248,0.0,2.3633093525179856,30.65,权力走廊,权力走廊
Mercurian Alloys,1558,473,2.360718870346598,85.66431322207958,3678.0,1558,0.0,2.3633501259445846,30.36,水星合金,水星合金
Pioneer Settlement,1253,362,2.36073423782921,83.22027134876296,2958.0,1253,0.0,2.363990646921278,28.89,定居点,定居点
Breathing Filters,1155,353,2.361038961038961,88.47099567099568,2727.0,1155,0.0,2.3645569620253166,30.56,呼吸过滤器,呼吸过滤器
Business Contacts,1732,551,2.3625866050808315,84.5513856812933,4092.0,1732,0.0,2.364926220204313,31.81,商业合同,商业合同
Orbital Cleanup,1721,522,2.3625798954096457,86.53515398024405,4066.0,1721,0.0,2.3649343232438604,30.33,轨道清洁,轨道清洁
Rust Eating Bacteria,339,91,2.353982300884956,82.98230088495575,798.0,339,8.766961651917404,2.3658536585365852,26.84,锈蚀细菌,锈蚀细菌
Research,1749,534,2.3636363636363638,85.81761006289308,4134.0,1749,0.0,2.3659359190556493,30.53,研究,研究
Return to Abandoned Technology,1405,416,2.3637010676156582,86.16512455516015,3321.0,1405,0.0,2.3665505226480836,29.61,废稿回收,废稿回收
Flooding,811,238,2.3625154130702835,82.38471023427867,1916.0,811,0.0,2.367419738406659,29.35,洪水,洪水
Miranda Resort,1535,478,2.365472312703583,86.55635179153094,3631.0,1535,0.0,2.368051118210863,31.14,米兰达度假村,米兰达度假村
Sister Planet Sponsors,1308,408,2.3654434250764527,86.49617737003058,3094.0,1308,0.0,2.368460388639761,31.19,姊妹星球赞助,姊妹星球赞助
Martian Repository,719,226,2.3630041724617525,90.62865090403338,1699.0,719,10.03894297635605,2.3684913217623498,31.43,火星仓库,火星仓库
High Circles,523,156,2.361376673040153,80.47227533460803,1235.0,523,0.0,2.368896925858951,29.83,高层圈子,高层圈子
Martian Dust Processing Plant,498,148,2.36144578313253,87.33333333333333,1176.0,498,0.0,2.3693181818181817,29.72,粉尘加工厂,粉尘加工厂
Asteroid Deflection System,762,237,2.3648293963254594,85.94488188976378,1802.0,762,1.2874015748031495,2.369949494949495,31.1,小行星防卫系统,小行星防卫系统
Bio Printing Facility,459,126,2.3616557734204795,87.45533769063181,1084.0,459,0.0,2.3701431492842535,27.45,生物打印设备,生物打印设备
Import of Advanced GHG,877,261,2.3660205245153936,84.30672748004561,2075.0,877,0.0,2.37045203969129,29.76,输入高级温室气体,输入高级温室气体
Mars University,1825,568,2.3687671232876713,84.69589041095891,4323.0,1825,0.0,2.37088948787062,31.12,火星大学,火星大学
Livestock,452,135,2.3628318584070795,91.65044247787611,1068.0,452,3.6238938053097347,2.371369294605809,29.87,畜牧,畜牧
Battery Factory,635,201,2.3653543307086613,89.06771653543306,1502.0,635,0.0,2.3714285714285714,31.65,电池工厂,电池工厂
Trading Colony,1127,339,2.368234250221828,85.58473824312334,2669.0,1127,0.0,2.3716508210890233,30.08,交易殖民地,交易殖民地
Power Supply Consortium,594,186,2.3653198653198655,88.65993265993266,1405.0,594,0.0,2.371794871794872,31.31,电力供应共同体,电力供应共同体
Prefabrication of Human Habitats,420,120,2.3642857142857143,87.52857142857142,993.0,420,0.0,2.3733333333333335,28.57,房屋预制,房屋预制
Corroder Suits,1147,331,2.3705318221447254,85.70706190061028,2719.0,1147,0.0,2.3738317757009346,28.86,防护服,防护服
Corporate Stronghold,593,163,2.367622259696459,82.39629005059022,1404.0,593,0.0,2.373996789727127,27.49,公司据点,公司据点
ArchaeBacteria,619,161,2.368336025848142,82.63489499192245,1466.0,619,0.0,2.37442218798151,26.01,古细菌类,古细菌类
Dirigibles,1286,375,2.3716951788491447,85.7846034214619,3050.0,1286,0.8530326594090202,2.3746200607902734,29.16,悬浮艇,悬浮艇
Corporate Archives,556,173,2.368705035971223,82.91906474820144,1317.0,556,0.0,2.3754266211604094,31.12,公司档案馆,公司档案馆
Vitor,223,65,2.3587443946188342,80.05829596412556,526.0,223,0.0,2.375494071146245,29.15,Vitor,Vitor
Recruitment,571,171,2.369527145359019,85.14535901926445,1353.0,571,0.0,2.3760399334442597,29.95,雇佣,雇佣
Jet Stream Microscrappers,427,132,2.36768149882904,83.14519906323186,1011.0,427,0.7868852459016393,2.37636761487965,30.91,急流采集器,急流采集器
Luna Metropolis,1266,379,2.373617693522907,87.48736176935229,3005.0,1266,0.0,2.376543209876543,29.94,月神都会,月神都会
Nobel Labs,1094,320,2.373857404021938,87.71755027422303,2597.0,1094,0.0,2.377224199288256,29.25,诺贝尔劳动奖,诺贝尔劳动奖
星际碎屑,623,190,2.3723916532905296,85.79293739967898,1478.0,623,7.332263242375602,2.378254211332312,30.5,星际碎屑,星际碎屑
Sub-Crust Measurements,1600,494,2.37625,85.761875,3802.0,1600,0.0,2.378527607361963,30.88,测量地壳,测量地壳
Great Aquifer,856,231,2.375,70.0105140186916,2033.0,856,0.0,2.379232505643341,26.99,大型含水层,大型含水层
Microbiology Patents,1040,299,2.3759615384615387,83.97788461538461,2471.0,1040,0.0,2.3794392523364487,28.75,微生物学专利,微生物学专利
Parliament Hall,338,96,2.3698224852071004,85.9171597633136,801.0,338,0.0,2.380434782608696,28.4,议会大厅,议会大厅
Hydrogen Processing Plant,419,118,2.372315035799523,86.31980906921241,994.0,419,0.0,2.3808463251670378,28.16,氢气处理厂,氢气处理厂
Energy Saving,222,71,2.364864864864865,91.04054054054055,525.0,222,0.0,2.380952380952381,31.98,节能减排,节能减排
Deuterium Export,1285,394,2.3782101167315175,85.42801556420234,3056.0,1285,0.8303501945525292,2.3809885931558936,30.66,输出氘,输出氘
Botanical Experience,970,267,2.377319587628866,85.11752577319588,2306.0,970,0.9927835051546392,2.381,27.53,植物专业知识,植物专业知识
Extreme-Cold Fungus,581,163,2.3752151462994835,81.93459552495698,1380.0,581,0.0,2.381342062193126,28.06,极寒真菌,极寒真菌
Mineral Deposit,1519,445,2.3791968400263332,84.70572745227123,3614.0,1519,0.0,2.381536475145255,29.3,矿床,矿床
Medical Lab,1159,340,2.3787748058671268,87.14322691975842,2757.0,1159,0.0,2.381833473507149,29.34,医疗实验室,医疗实验室
Martian Zoo,1082,328,2.378927911275416,86.40480591497227,2574.0,1082,4.914972273567468,2.3821942446043165,30.31,火星动物园,火星动物园
Geological Survey,872,266,2.378440366972477,83.91055045871559,2074.0,872,0.0,2.382483370288248,30.5,地质调查,地质调查
Agro-Drones,137,42,2.3576642335766422,90.43065693430657,323.0,137,0.0,2.3832335329341316,30.66,农业无人机,农业无人机
Standard Technology,1175,345,2.3804255319148937,83.17617021276595,2797.0,1175,0.0,2.383402489626556,29.36,标准技术,标准技术
Convoy From Europa,1312,391,2.3810975609756095,83.58689024390245,3124.0,1312,0.0,2.3837555886736213,29.8,木卫二护航队,木卫二护航队
Shuttles,1413,420,2.381457891012031,85.94338287331918,3365.0,1413,0.0,2.3839223839223838,29.72, 穿梭机,穿梭机
Omnicourt,1036,316,2.3812741312741315,88.28281853281854,2467.0,1036,0.0,2.3846153846153846,30.5,通用法庭,通用法庭
Spire,209,63,2.3684210526315788,77.32535885167464,495.0,209,3.0047846889952154,2.3849372384937237,30.14,Spire,Spire
Power Plant:Pathfinders,590,174,2.3796610169491523,82.5135593220339,1404.0,590,0.0,2.3854838709677417,29.49,Power Plant:Pathfinders,Power Plant:Pathfinders
Nuclear Zone:ares,1141,317,2.382997370727432,80.77212971078002,2719.0,1141,0.0,2.3859948761742102,27.78,Nuclear Zone:ares,Nuclear Zone:ares
Comet for Venus,908,283,2.3854625550660793,85.4636563876652,2166.0,908,0.0,2.3891257995735606,31.17,飞向金星的彗星,飞向金星的彗星
Ishtar Mining,1260,381,2.3865079365079365,86.90079365079364,3007.0,1260,0.0,2.3891472868217054,30.24,伊什塔尔矿业,伊什塔尔矿业
Lightning Harvest,1116,323,2.3862007168458783,86.5725806451613,2663.0,1116,0.0,2.3891797556719023,28.94,捕获雷电,捕获雷电
Colonial Representation,591,160,2.3840947546531304,87.30456852791878,1409.0,591,0.0,2.389694041867955,27.07,殖民代表权,殖民代表权
Investment Loan,1851,533,2.3889789303079416,83.81955699621827,4422.0,1851,0.0,2.390749601275917,28.8,投资性贷款,投资性贷款
Ozone Generators,149,49,2.3691275167785233,94.24161073825503,353.0,149,0.0,2.3910614525139664,32.89,臭氧生成器,臭氧生成器
Hydrogen Bombardment,535,147,2.385046728971963,81.55514018691589,1276.0,535,0.0,2.3911504424778762,27.48,氢弹攻击,氢弹攻击
Advanced Power Grid,685,200,2.386861313868613,85.74452554744525,1635.0,685,0.0,2.3916083916083917,29.2,电网改进,电网改进
Mars Nomads,404,125,2.383663366336634,84.40346534653466,963.0,404,0.0,2.391705069124424,30.94,火星游牧者,火星游牧者
Floater Prototypes,1236,364,2.3907766990291264,85.92394822006473,2955.0,1236,0.0,2.3933649289099526,29.45,造云原型机,造云原型机
Advanced Alloys,1640,480,2.3920731707317073,85.18353658536586,3923.0,1640,0.0,2.394011976047904,29.27,优化合金,优化合金
Gene Repair,1327,395,2.39336850037679,87.54860587792012,3176.0,1327,0.0,2.395725865880619,29.77,基因修复,基因修复
Stratopolis,407,120,2.388206388206388,89.24324324324324,972.0,407,4.255528255528255,2.3958810068649887,29.48,凌云之城,凌云之城
Quantum Communications,982,292,2.3930753564154785,88.73828920570264,2350.0,982,0.0,2.3962450592885376,29.74,量子通信,量子通信
Ice Moon Colony,1009,271,2.393458870168484,85.17641228939544,2415.0,1009,0.0,2.3965351299326274,26.86,冰月殖民地,冰月殖民地
Strategic Base Planning,827,236,2.392986698911729,78.13905683192262,1979.0,827,0.0,2.396732788798133,28.54,战略基础规划,战略基础规划
Business Network,1396,409,2.394699140401146,84.12750716332378,3343.0,1396,0.0,2.396914446002805,29.3,商业网络,商业网络
Processor Factory,169,47,2.378698224852071,89.53254437869822,402.0,169,3.698224852071006,2.3969849246231156,27.81,处理器工厂,处理器工厂
Extractor Balloons,291,79,2.388316151202749,81.07560137457045,695.0,291,1.4810996563573884,2.398753894080997,27.15,热气球提取器,热气球提取器
Natural Preserve:ares,930,255,2.3967741935483873,83.6258064516129,2229.0,930,0.0,2.4,27.42,Natural Preserve:ares,Natural Preserve:ares
Lunar Observation Post,770,220,2.396103896103896,87.54415584415584,1845.0,770,3.1636363636363636,2.4,28.57,月球观测站,月球观测站
Community Worker,1299,382,2.3979984603541187,86.45419553502694,3115.0,1299,0.0,2.400300978179082,29.41,社区工作者,社区工作者
Stanford Torus,1273,377,2.3982717989002356,87.0510604870385,3053.0,1273,0.0,2.4006139677666924,29.62,斯坦福环面,斯坦福环面
Heavy Taxation,1173,345,2.3981244671781754,84.54987212276215,2813.0,1173,0.0,2.400665004156276,29.41,重税,重税
CO² Reducers,801,214,2.397003745318352,79.15480649188514,1920.0,801,0.0,2.4007220216606497,26.72,CO₂减排器,CO₂减排器
Sponsored Mohole,221,62,2.3891402714932126,80.9366515837104,528.0,221,0.0,2.402390438247012,28.05,莫霍计划赞助,莫霍计划赞助
EM Drive,543,159,2.3977900552486187,87.10497237569061,1302.0,543,0.0,2.4031413612565444,29.28,无工质推进飞船,无工质推进飞船
Mining Colony,959,264,2.400417101147028,85.0354535974974,2302.0,959,0.0,2.403437815975733,27.53,采矿殖民地,采矿殖民地
Space Relay,1482,441,2.401484480431849,85.95681511470985,3559.0,1482,0.0,2.4034391534391535,29.76,太空中继站,太空中继站
16 Psyche,1033,301,2.4007744433688285,86.63891577928364,2480.0,1033,0.0,2.4035747883349012,29.14,灵神星16,灵神星16
Lunar Steel,852,236,2.4002347417840375,86.34037558685446,2045.0,852,0.0,2.4036281179138324,27.7,月钢,月钢
Public Baths,890,268,2.401123595505618,82.77865168539326,2137.0,890,0.0,2.4043478260869566,30.11,公共浴场,公共浴场
Research Coordination,1303,404,2.402916346891788,83.56945510360705,3131.0,1303,0.0,2.4051012753188297,31.01,研究环境,研究环境
Valuable Gases:Pathfinders,555,155,2.4,81.27747747747748,1332.0,555,0.0,2.405128205128205,27.93,贵重气体：探路者,贵重气体：探路者
Windmills,1190,329,2.403361344537815,84.22605042016806,2860.0,1190,0.0,2.4057377049180326,27.65,风力发电,风力发电
Phobos Space Haven,840,235,2.4023809523809523,87.61785714285715,2018.0,840,0.0,2.405747126436782,27.98,福波斯(火卫一)空间港,福波斯(火卫一)空间港
Directed Impactors,226,57,2.393805309734513,88.38938053097345,541.0,226,0.1415929203539823,2.40625,25.22,定向冲撞器,定向冲撞器
Ceres Tech Market,1638,450,2.4053724053724053,84.71550671550672,3940.0,1638,0.0,2.407074340527578,27.47,谷神星科技市场,谷神星科技市场
Small Asteroid,1050,305,2.4047619047619047,83.32761904761905,2525.0,1050,0.0,2.4074074074074074,29.05,小型小行星,小型小行星
Technology Demonstration,1817,527,2.406714364336819,83.86846450192625,4373.0,1817,0.0,2.4082295614510016,29.0,科学论证,科学论证
Space Mirrors,586,170,2.4044368600682593,83.82252559726962,1409.0,586,0.0,2.409090909090909,29.01,太空镜,太空镜
Early Expedition,715,197,2.406993006993007,83.35664335664336,1721.0,715,0.0,2.410738255033557,27.55,早期探险,早期探险
Adapted Lichen,403,119,2.404466501240695,85.32009925558313,969.0,403,0.0,2.4110854503464205,29.53,自适应地衣,自适应地衣
Martian Rails,351,104,2.4045584045584047,89.99430199430199,844.0,351,0.0,2.4120734908136483,29.63,火星高铁,火星高铁
Executive Order,513,152,2.4074074074074074,77.97270955165692,1235.0,513,0.0,2.4125230202578267,29.63,Executive Order,Executive Order
Darkside Observatory,319,93,2.404388714733542,87.23510971786834,767.0,319,0.0,2.4126074498567336,29.15,暗面天文台,暗面天文台
Cryptocurrency,592,176,2.4087837837837838,80.5304054054054,1426.0,592,0.27702702702702703,2.4131832797427655,29.73,加密货币,加密货币
Mining Expedition,521,148,2.4088291746641075,81.70441458733205,1255.0,521,0.0,2.413793103448276,28.41,矿业探险,矿业探险
Labor Trafficking,296,86,2.4054054054054053,81.49662162162163,712.0,296,0.0,2.414110429447853,29.05,劳动力贩卖,劳动力贩卖
Imported GHG,1229,345,2.4125305126118795,82.82180634662328,2965.0,1229,0.0,2.414614773629865,28.07,引入温室气体,引入温室气体
Great Escarpment Consortium,235,67,2.404255319148936,89.14468085106382,565.0,235,0.0,2.4150943396226414,28.51,巨大断崖,巨大断崖
Thiolava Vents,372,100,2.4086021505376345,82.40591397849462,896.0,372,9.731182795698924,2.415422885572139,26.88,硫熔岩喷口,硫熔岩喷口
Archimedes Hydroponics Station,114,31,2.3947368421052633,92.26315789473684,273.0,114,0.0,2.4166666666666665,27.19,阿基米德水培站,阿基米德水培站
Rotator Impacts,162,44,2.4012345679012346,80.6358024691358,389.0,162,0.08641975308641975,2.4166666666666665,27.16,回旋冲撞,回旋冲撞
Ansible,1186,352,2.415682967959528,87.91989881956155,2865.0,1186,0.0,2.4177631578947367,29.68,安塞波,安塞波
Vesta Shipyard,1457,409,2.417295813315031,85.88126286890872,3522.0,1457,0.0,2.4189643577673166,28.07,维斯塔造船厂,维斯塔造船厂
Water Splitting Plant,101,31,2.396039603960396,84.11881188118812,242.0,101,0.0,2.4198473282442747,30.69,海水分解装置,海水分解装置
Callisto Penal Mines,931,261,2.417830290010741,86.51664876476906,2251.0,931,0.0,2.420395421436004,28.03,木卫四开采法,木卫四开采法
Dust Seals,527,151,2.4193548387096775,83.34345351043643,1275.0,527,0.0,2.423698384201077,28.65,垃圾密封,垃圾密封
Atmospheric Enhancers,767,220,2.4211212516297262,76.31942633637549,1857.0,767,0.0,2.424090338770389,28.68,大气增强器,大气增强器
Hi-Tech Lab,932,261,2.421673819742489,87.59763948497854,2257.0,932,0.0,2.424116424116424,28.0,高科技实验室,高科技实验室
Toll Station,1253,345,2.422984836392658,84.09736632083,3036.0,1253,0.0,2.4247856586126266,27.53,收费站,收费站
Interplanetary Trade,597,177,2.422110552763819,84.1390284757119,1446.0,597,0.0,2.425837320574163,29.65,星际贸易,星际贸易
Mining Quota,761,219,2.4231274638633375,87.7976346911958,1844.0,761,0.0,2.4260429835651074,28.78,采矿配额,采矿配额
Great Dam:promo,106,29,2.4056603773584904,86.94339622641509,255.0,106,0.0,2.426470588235294,27.36,Great Dam:promo,Great Dam:promo
Marketing Experts,1093,305,2.42451967063129,83.84537968892955,2650.0,1093,0.0,2.4265360641139804,27.9,营销专家,营销专家
Power Plant,1186,343,2.4258010118043845,82.70236087689713,2877.0,1186,0.0,2.4276315789473686,28.92,发电厂,发电厂
Solar Power,1045,285,2.425837320574163,82.86411483253589,2535.0,1045,0.0,2.427906976744186,27.27,太阳能,太阳能
Power Grid,161,46,2.4161490683229814,86.93167701863354,389.0,161,0.0,2.4293193717277486,28.57,电网,电网
Space Station,1748,474,2.429633867276888,83.43020594965675,4247.0,1748,0.0,2.4308211473565806,27.12,空间站,空间站
Trans-Neptune Probe,1705,453,2.43108504398827,85.13607038123168,4145.0,1705,0.0,2.4322766570605188,26.57,海王星探测器,海王星探测器
Rim Freighters,1145,321,2.4305676855895197,84.78951965065502,2783.0,1145,0.0,2.432340425531915,28.03,里姆货船,里姆货船
Cloud Seeding,233,62,2.424892703862661,88.78540772532189,565.0,233,0.0,2.4334600760456273,26.61,人工降雨,人工降雨
Lakefront Resorts,110,26,2.418181818181818,71.81818181818181,266.0,110,0.0,2.4357142857142855,23.64,湖畔度假区,湖畔度假区
Hyperspace Drive Prototype,1098,292,2.4344262295081966,85.77140255009107,2673.0,1098,0.0,2.4361702127659575,26.59,超空间驱动原型,超空间驱动原型
Colonizer Training Camp,980,270,2.4357142857142855,83.58571428571429,2387.0,980,0.0,2.4376237623762376,27.55,开拓者训练营,开拓者训练营
Deep Well Heating,1016,266,2.436023622047244,81.68208661417323,2475.0,1016,0.0,2.4378585086042066,26.18,深井加热,深井加热
Small Comet,690,187,2.436231884057971,79.94927536231884,1681.0,690,0.0,2.438888888888889,27.1,小彗星,小彗星
Nuclear Power,831,232,2.436823104693141,84.28279181708784,2025.0,831,0.0,2.4390243902439024,27.92,核能,核能
Atmo Collectors,614,168,2.436482084690554,83.06677524429968,1496.0,614,0.7149837133550488,2.43944099378882,27.36,大气收藏家,大气收藏家
Biomass Combustors,343,96,2.434402332361516,82.89795918367346,835.0,343,0.0,2.4396782841823055,27.99,生物量燃烧,生物量燃烧
Solar Reflectors,136,37,2.426470588235294,84.27941176470588,330.0,136,0.0,2.4397590361445785,27.21,太阳反射器,太阳反射器
Security Fleet,242,73,2.4338842975206614,91.8305785123967,589.0,242,2.5289256198347108,2.4411764705882355,30.17,安保舰队,安保舰队
Supermarkets,736,204,2.438858695652174,84.90625,1795.0,736,0.0,2.441253263707572,27.72,超市,超市
Law Suit,734,184,2.4400544959128063,84.89373297002724,1791.0,734,0.0,2.4424083769633507,25.07,诉讼,诉讼
Development Center,1172,310,2.4411262798634814,85.75767918088737,2861.0,1172,0.0,2.442595673876872,26.45,发展中心,发展中心
Tectonic Stress Power,781,215,2.440460947503201,86.46350832266326,1906.0,781,0.0,2.442663378545006,27.53,构造应力能源,构造应力能源
Rad-Suits,965,273,2.4414507772020726,85.01865284974093,2356.0,965,0.0,2.44321608040201,28.29,镭射服,镭射服
Industrial Microbes,911,240,2.442371020856202,81.83863885839736,2225.0,911,0.0,2.4442082890541976,26.34,工业微生物,工业微生物
Research Grant:Pathfinders,1309,328,2.4430863254392667,79.53323147440794,3198.0,1309,0.0,2.4443614637789395,25.06,研发资助：探路者,研发资助：探路者
Asteroid Mining Consortium,845,245,2.442603550295858,87.32426035502958,2064.0,845,0.0,2.4445714285714284,28.99,行星采矿财团,行星采矿财团
Giant Space Mirror,747,217,2.4431057563587686,85.12182061579652,1825.0,747,0.0,2.4453024453024454,29.05,巨型太空镜,巨型太空镜
Nobel Prize,860,238,2.444186046511628,82.28255813953488,2102.0,860,0.0,2.446067415730337,27.67,诺贝尔奖,诺贝尔奖
Titan Shuttles,1233,330,2.446066504460665,84.16139497161394,3016.0,1233,0.8248175182481752,2.447347585114806,26.76,泰坦穿梭机,泰坦穿梭机
Fusion Power,732,211,2.44672131147541,87.09972677595628,1791.0,732,0.0,2.4488188976377954,28.83,聚变能源,聚变能源
Satellites,1098,314,2.45264116575592,85.13752276867031,2693.0,1098,0.0,2.4539007092198584,28.6,卫星,卫星
Adaptation Technology,680,195,2.4529411764705884,84.85441176470589,1668.0,680,0.0,2.454929577464789,28.68,适应性技术,适应性技术
Lunar Beam,557,150,2.454219030520646,83.46858168761221,1367.0,557,0.0,2.4565587734241907,26.93,月球射线,月球射线
Venus Orbital Survey,1357,380,2.456153279292557,85.57774502579218,3333.0,1357,0.0,2.457101658255227,28.0,金星轨道勘测,金星轨道勘测
Research & Development Hub,326,90,2.4539877300613497,86.50613496932516,800.0,326,7.343558282208589,2.457865168539326,27.61,研发中心,研发中心
Galilean Waystation,1005,269,2.462686567164179,85.36517412935324,2475.0,1005,0.0,2.463768115942029,26.77,伽利略中转站,伽利略中转站
Polaris,151,39,2.456953642384106,66.23841059602648,371.0,151,0.0,2.4640883977900554,25.83,北极星,北极星
Outdoor Sports,756,206,2.462962962962963,86.51190476190476,1862.0,756,0.0,2.464376590330789,27.25,户外运动,户外运动
Community Services,406,117,2.4655172413793105,84.80295566502463,1001.0,406,0.0,2.467889908256881,28.82,社区服务,社区服务
Aurorai,126,36,2.4603174603174605,36.166666666666664,310.0,126,1.1507936507936507,2.467948717948718,28.57,Aurorai,Aurorai
AI Central,1329,376,2.468021068472536,85.51166290443943,3280.0,1329,0.0,2.4687270051508463,28.29,人工智能核心,人工智能核心
Regolith Eaters,584,138,2.4674657534246576,81.04109589041096,1441.0,584,1.4777397260273972,2.469055374592834,23.63,风化层蚕食者,风化层蚕食者
Robotic Workforce,792,224,2.4696969696969697,85.97853535353535,1956.0,792,0.0,2.4708029197080292,28.28,机器人大军,机器人大军
Designed Microorganisms,537,134,2.46927374301676,80.85661080074487,1326.0,537,0.0,2.4708994708994707,24.95,创造微生物,创造微生物
Tool with the First Order (VIII),1037,283,2.4705882352941178,81.93924783027965,2562.0,1037,0.0,2.471415182755389,27.29,Tool with the First Order (VIII),Tool with the First Order (VIII)
Advertising,1080,314,2.471296296296296,84.15648148148148,2669.0,1080,0.0,2.472072072072072,29.07,广告业,广告业
Cryo-Sleep,1213,331,2.471558120362737,83.36191261335532,2998.0,1213,0.0,2.4722445695897024,27.29,低温睡眠,低温睡眠
项目重整,549,158,2.471766848816029,85.28233151183971,1357.0,549,0.0,2.4732297063903284,28.78,项目重整,项目重整
Solar Cosmic Rays,270,71,2.4703703703703703,81.43703703703704,667.0,270,0.0,2.473333333333333,26.3,太阳射线,太阳射线
Asteroid Mining,933,258,2.4737406216505895,86.05251875669882,2308.0,933,0.0,2.474558670820353,27.65,小行星采矿,小行星采矿
Charity Donation,1362,372,2.474302496328928,83.38325991189427,3370.0,1362,0.0,2.4748563218390807,27.31,慈善捐款,慈善捐款
Building Industries,528,142,2.4734848484848486,84.83522727272727,1306.0,528,0.0,2.474910394265233,26.89,建筑行业,建筑行业
Meltworks,462,115,2.4740259740259742,88.01731601731602,1143.0,462,0.0,2.475609756097561,24.89,熔融工厂,熔融工厂
Oumuamua Type Object Survey,1237,342,2.4761519805982215,84.78092158447858,3063.0,1237,0.0,2.476716653512234,27.65,奥陌陌天体调查,奥陌陌天体调查
Space Hotels,958,274,2.4759916492693113,85.02087682672234,2372.0,958,0.0,2.4767206477732793,28.6,太空酒店,太空酒店
Trade Envoys,688,180,2.4767441860465116,84.15697674418605,1704.0,688,0.0,2.477715877437326,26.16,贸易特使,贸易特使
Steelworks,106,35,2.4716981132075473,89.60377358490567,262.0,106,0.0,2.4779411764705883,33.02,钢铁厂,钢铁厂
GHG Factories,181,49,2.4751381215469612,80.33701657458563,448.0,181,0.0,2.4786729857819907,27.07,温室气体工厂,温室气体工厂
Electro Catapult,722,191,2.4778393351800556,83.50831024930748,1789.0,722,0.0,2.478723404255319,26.45,电磁弹射器,电磁弹射器
Economic Espionage,308,79,2.477272727272727,85.34415584415585,763.0,308,1.8831168831168832,2.4792899408284024,25.65,经济间谍活动,经济间谍活动
Lagrange Observatory,1802,465,2.479467258601554,81.67813540510544,4468.0,1802,0.0,2.4798034934497815,25.8,拉格朗日观察点,拉格朗日观察点
Artificial Photosynthesis,766,213,2.4817232375979112,83.70104438642298,1901.0,766,0.0,2.4824120603015074,27.81,人造光合作用,人造光合作用
Spin-Inducing Asteroid,560,155,2.482142857142857,80.41785714285714,1390.0,560,0.0,2.483050847457627,27.68,自旋牵引陨石,自旋牵引陨石
Martian Fencing,1589,416,2.485210824417873,82.16991818753934,3949.0,1589,0.0,2.4854848672019765,26.18,火星击剑,火星击剑
Board of Directors,892,250,2.4854260089686098,80.31502242152466,2217.0,892,0.7006726457399103,2.4859002169197395,28.03,董事会,董事会
Supercapacitors,929,235,2.485468245425188,82.745963401507,2309.0,929,0.0,2.4859228362878,25.3,超级电容,超级电容
Food Factory,369,84,2.4850948509485096,86.3739837398374,917.0,369,0.0,2.4862155388471177,22.76,食品工厂,食品工厂
Venus L1 Shade,142,39,2.4859154929577465,80.19014084507042,353.0,142,0.0,2.488372093023256,27.46,金星 L1 遮阳板,金星 L1 遮阳板
Polar Industries,217,47,2.488479262672811,66.82488479262673,540.0,217,0.0,2.4898785425101213,21.66,极地工业,极地工业
Museum of Early Colonisation,433,110,2.489607390300231,85.79214780600462,1078.0,433,0.0,2.490280777537797,25.4,殖民博物馆,殖民博物馆
Aquifer Pumping,129,30,2.488372093023256,83.2015503875969,321.0,129,0.0,2.490566037735849,23.26,含水层抽水,含水层抽水
Geothermal Power,846,208,2.49290780141844,81.95981087470449,2109.0,846,0.0,2.493150684931507,24.59,地热能,地热能
Martian Survey,900,224,2.493333333333333,81.78777777777778,2244.0,900,0.0,2.4935483870967743,24.89,火星勘察,火星勘察
Poseidon,158,41,2.4936708860759493,75.84177215189874,394.0,158,0.0,2.49468085106383,25.95,Poseidon,Poseidon
Space Elevator,997,247,2.497492477432297,85.35406218655967,2490.0,997,0.0,2.4975657254138266,24.77,太空电梯,太空电梯
Mine,857,213,2.498249708284714,82.89031505250875,2141.0,857,0.0,2.4983089064261557,24.85,采矿,采矿
Micro-Mills,387,98,2.498708010335917,81.86821705426357,967.0,387,0.0,2.498800959232614,25.32,小型风车,小型风车
Manutech,104,30,2.5,78.14423076923077,260.0,104,0.0,2.5,28.85,Manutech,Manutech
Search For Life,1008,262,2.5009920634920637,82.38194444444444,2521.0,1008,0.31646825396825395,2.5009633911368017,25.99,寻找生命,寻找生命
Physics Complex,439,117,2.503416856492027,87.85649202733485,1099.0,439,1.7198177676537585,2.50319829424307,26.65,物理研究所,物理研究所
Lunar Exports,889,229,2.5061867266591675,84.14510686164229,2228.0,889,0.0,2.5059847660500543,25.76,月球出口,月球出口
Eccentric Sponsor,626,156,2.5063897763578273,77.23801916932908,1569.0,626,0.0,2.5060975609756095,24.92,奇特的赞助者,奇特的赞助者
Cyberia Systems,307,75,2.50814332247557,85.57003257328991,770.0,307,0.0,2.507418397626113,24.43,赛博利亚系统,赛博利亚系统
Martian Media Center,355,93,2.5098591549295777,80.85352112676057,891.0,355,0.0,2.5090909090909093,26.2,火星媒体中心,火星媒体中心
Bribed Committee,770,208,2.5142857142857142,82.52597402597402,1936.0,770,0.0,2.51375,27.01,贿赂委员会,贿赂委员会
Vital Colony,1170,287,2.5153846153846153,76.14615384615385,2943.0,1170,0.0,2.515,24.53,重点殖民地,重点殖民地
Casinos,491,126,2.5173116089613035,84.31364562118127,1236.0,491,0.0,2.5163147792706333,25.66,赌场,赌场
Private Security,264,74,2.518939393939394,85.81818181818181,665.0,264,0.0,2.5170068027210886,28.03,私人安保服务,私人安保服务
Rich Deposits,418,116,2.5191387559808613,79.94258373205741,1053.0,418,0.0,2.517857142857143,27.75,丰富矿藏,丰富矿藏
House Printing,882,213,2.520408163265306,84.39115646258503,2223.0,882,0.0,2.5197368421052633,24.15,房屋印刷,房屋印刷
Earth Elevator,591,148,2.524534686971235,85.61421319796955,1492.0,591,0.0,2.5233494363929148,25.04,地球太空梯,地球太空梯
Potatoes,837,215,2.5244922341696534,81.24850657108722,2113.0,837,0.0,2.5236447520184546,25.69,土豆,土豆
Inventors' Guild,1155,314,2.5246753246753246,84.43549783549784,2916.0,1155,0.0,2.5240506329113925,27.19,发明家公会,发明家公会
Economic Help,244,63,2.528688524590164,88.86475409836065,617.0,244,0.0,2.5255474452554743,25.82,经济援助,经济援助
Heat Trappers,234,52,2.52991452991453,81.65384615384616,592.0,234,0.0,2.5265151515151514,22.22,热力捕获者,热力捕获者
Battery Shipment,447,115,2.530201342281879,76.13646532438479,1131.0,447,0.0,2.5283018867924527,25.73,电池运输,电池运输
Rey ... Skywalker?! (IX),289,66,2.5328719723183393,80.62629757785467,732.0,289,0.0,2.529780564263323,22.84,Rey ... Skywalker?! (IX),Rey ... Skywalker?! (IX)
Self-replicating Robots,270,69,2.533333333333333,85.74074074074075,684.0,270,0.0,2.53,25.56,自我复制机器人,自我复制机器人
Crew Training,632,146,2.5316455696202533,79.44303797468355,1600.0,632,0.0,2.5302114803625377,23.1,机组人员培训,机组人员培训
Void,163,39,2.539877300613497,47.95705521472393,414.0,163,0.0,2.533678756476684,23.93,Void,Void
Strip Mine,365,90,2.5424657534246577,79.31506849315069,928.0,365,0.0,2.539240506329114,24.66,露天矿场,露天矿场
Sponsors,1053,288,2.5489078822412155,81.56125356125357,2684.0,1053,0.0,2.5475530932594643,27.35,赞助商,赞助商
Heliostat Mirror Array,355,89,2.5605633802816903,81.30140845070423,909.0,355,0.0,2.555844155844156,25.07,日镜阵列,日镜阵列
Personal Agenda,351,84,2.561253561253561,75.55555555555556,899.0,351,0.0,2.5564304461942258,23.93,个人议程,个人议程
Small Open Pit Mine,701,170,2.559201141226819,79.3166904422254,1794.0,701,0.0,2.556771545827633,24.25,小采矿坑,小采矿坑
Titanium Mine,945,243,2.5597883597883597,82.73650793650793,2419.0,945,0.0,2.557948717948718,25.71,钛合金矿脉,钛合金矿脉
Focused Organization,463,118,2.5658747300215983,78.67602591792657,1188.0,463,0.0,2.561866125760649,25.49,专注组织,专注组织
The New Space Race,180,43,2.5833333333333335,82.11666666666666,465.0,180,0.0,2.5714285714285716,23.89,新的太空竞赛,新的太空竞赛
Old Mining Colony,776,174,2.577319587628866,79.3917525773196,2000.0,776,0.0,2.574441687344913,22.42,旧采矿殖民地,旧采矿殖民地
Design Company,315,79,2.5841269841269843,75.47936507936508,814.0,315,0.0,2.5768115942028986,25.08,公司设计,公司设计
Acquired Company,777,193,2.5804375804375805,82.45045045045045,2005.0,777,0.0,2.577447335811648,24.84,并购公司,并购公司
Copernicus Solar Arrays,427,95,2.585480093676815,80.10070257611241,1104.0,427,0.0,2.5798687089715537,22.25,哥白尼太阳能电池,哥白尼太阳能电池
Flat Mars Theory,269,65,2.591078066914498,80.74721189591078,697.0,269,0.0,2.5819397993311037,24.16,火星平面理论,火星平面理论
Deep Space Operations,312,74,2.5961538461538463,73.73397435897436,810.0,312,0.0,2.587719298245614,23.72,深空操作,深空操作
Recession,169,43,2.6094674556213016,77.42603550295858,441.0,169,0.0,2.592964824120603,25.44,经济衰退,经济衰退
Aerospace Mission,231,59,2.606060606060606,78.35930735930737,602.0,231,0.0,2.5938697318007664,25.54,航天任务,航天任务
Labour Union,124,26,2.620967741935484,35.153225806451616,325.0,124,0.0,2.5974025974025974,20.97,Labour Union,Labour Union
Colony Trade Hub,409,93,2.6185819070904643,78.26161369193154,1071.0,409,0.0,2.6104783599088837,22.74,殖民地贸易中心,殖民地贸易中心
Metals Company,140,29,2.6357142857142857,74.22857142857143,369.0,140,0.0,2.611764705882353,20.71,金属公司,金属公司
Point Luna,263,66,2.6273764258555135,73.42585551330798,691.0,263,0.0,2.614334470989761,25.1,Point Luna,Point Luna
Applied Science,176,41,2.6363636363636362,82.01704545454545,464.0,176,0.8465909090909091,2.616504854368932,23.3,应用科学,应用科学
Giant Solar Collector,280,58,2.65,76.93214285714286,742.0,280,0.0,2.6354838709677417,20.71,巨型太阳能收集器,巨型太阳能收集器
Fuel Factory,749,162,2.6448598130841123,80.12817089452604,1981.0,749,0.0,2.639281129653402,21.63,油脂工厂,油脂工厂
雩喵科学探测器,205,45,2.6634146341463416,74.64390243902439,546.0,205,2.5170731707317073,2.6425531914893616,21.95,雩喵科学探测器,雩喵科学探测器
Hackers,113,20,2.690265486725664,84.95575221238938,304.0,113,0.0,2.6503496503496504,17.7,黑客,黑客
Accumulated Knowledge,239,51,2.6778242677824267,77.18410041841004,640.0,239,0.0,2.657992565055762,21.34,积累知识,积累知识
Neptunian Power Consultants,385,72,2.703896103896104,80.81558441558441,1041.0,385,6.150649350649351,2.689156626506024,18.7,海王星能源顾问,海王星能源顾问
Floating Trade Hub,210,41,2.719047619047619,77.31428571428572,571.0,210,0.3904761904761905,2.691666666666667,19.52,漂浮贸易站,漂浮贸易站
Biolab,137,25,2.7518248175182483,78.5912408759124,377.0,137,0.0,2.7065868263473054,18.25,生物实验室,生物实验室
Midas,280,67,2.742857142857143,56.542857142857144,768.0,280,0.0,2.7193548387096773,23.93,Midas,Midas
Prism,149,32,2.8053691275167787,75.85234899328859,418.0,149,1.0,2.7541899441340782,21.48,棱镜光谱研究室,棱镜光谱研究室
Prospecting,251,48,2.7928286852589643,69.55776892430279,701.0,251,0.0,2.7615658362989324,19.12,勘探,勘探
