card_name,play_count,game_count,wins,avg_position,avg_score,total_weighted,count_weighted,avg_resources,weighted_avg_score,win_rate,cn_name,cn_name_plot
16 Psyche,1033,1033,301,2.4007744433688285,86.63891577928364,2480.0,1033,0.0,2.401725790987536,29.14,灵神星16,灵神星16
AI Central,1329,1329,376,2.468021068472536,85.51166290443943,3280.0,1329,0.0,2.4682598954443615,28.29,人工智能核心,人工智能核心
AI Controlled Mine Network,15,15,5,2.2666666666666666,106.13333333333334,34.0,15,0.0,2.36,33.33,AI控制采矿网络,AI控制采矿网络
Acidizing,1,1,0,2.0,106.0,2.0,1,0.0,2.4545454545454546,0.0,酸化处理,酸化处理
Acquired Company,777,777,193,2.5804375804375805,82.45045045045045,2005.0,777,0.0,2.579415501905972,24.84,并购公司,并购公司
Adaptation Technology,680,680,195,2.4529411764705884,84.85441176470589,1668.0,680,0.0,2.453623188405797,28.68,适应性技术,适应性技术
Adapted Lichen,403,403,119,2.404466501240695,85.32009925558313,969.0,403,0.0,2.406779661016949,29.53,自适应地衣,自适应地衣
Advanced Alloys,1640,1640,480,2.3920731707317073,85.18353658536586,3923.0,1640,0.0,2.3927272727272726,29.27,优化合金,优化合金
Advanced Ecosystems,1321,1321,449,2.2127176381529146,90.11430734292203,2923.0,1321,0.0,2.2148760330578514,33.99,先进的生态系统,先进的生态系统
Advanced Power Grid,685,685,200,2.386861313868613,85.74452554744525,1635.0,685,0.0,2.3884892086330933,29.2,电网改进,电网改进
Advertising,1080,1080,314,2.471296296296296,84.15648148148148,2669.0,1080,0.0,2.471559633027523,29.07,广告业,广告业
Aerial Lenses,152,152,46,2.289473684210526,79.14473684210526,348.0,152,0.0,2.302469135802469,30.26,对空透镜,对空透镜
Aerial Mappers,1534,1534,498,2.292046936114733,87.21903520208605,3516.0,1534,0.5651890482398957,2.29339378238342,32.46,航空制图器,航空制图器
Aerobraked Ammonia Asteroid,127,127,34,2.3307086614173227,90.51968503937007,296.0,127,0.0,2.343065693430657,26.77,氮气小行星,氮气小行星
Aerosport Tournament,621,621,237,2.101449275362319,95.29790660225443,1305.0,621,0.0,2.1077654516640254,38.16,航空运动锦标赛,航空运动锦标赛
Agro-Drones,137,137,42,2.3576642335766422,90.43065693430657,323.0,137,0.0,2.36734693877551,30.66,农业无人机,农业无人机
Air Raid,905,905,276,2.3171270718232044,86.57016574585636,2097.0,905,0.0,2.3191256830601095,30.5,空袭,空袭
Air-Scrapping Expedition,901,901,297,2.2308546059933407,88.24750277469478,2010.0,901,0.0,2.2338090010976948,32.96,金星改造远征队,金星改造远征队
Airliners,627,627,200,2.274322169059011,89.73365231259969,1426.0,627,0.0,2.2778649921507066,31.9,航空公司,航空公司
Algae,859,859,269,2.270081490104773,86.47613504074505,1950.0,859,0.0,2.272727272727273,31.32,海藻,海藻
Algae Bioreactors,8,8,6,1.5,117.875,12.0,8,0.0,2.0555555555555554,75.0,藻类生物反应器,藻类生物反应器
An Offer You Can't Refuse,95,95,35,2.1578947368421053,85.21052631578948,205.0,95,0.0,2.1904761904761907,36.84,一个无法拒绝的条件,一个无法拒绝的条件
Ansible,1186,1186,352,2.415682967959528,87.91989881956155,2865.0,1186,0.0,2.4163879598662206,29.68,安塞波,安塞波
Anthozoa,580,580,186,2.25,88.6448275862069,1305.0,580,2.7431034482758623,2.2542372881355934,32.07,珊瑚动物,珊瑚动物
Anti-Gravity Technology,1384,1384,523,2.1661849710982657,93.43280346820809,2998.0,1384,0.0,2.16857962697274,37.79,反重力科技,反重力科技
Anti-trust Crackdown,3,3,2,1.6666666666666667,109.33333333333333,5.0,3,0.0,2.3076923076923075,66.67,反垄断打击,反垄断打击
AntiGravity Experiment,1248,1248,446,2.1963141025641026,92.49599358974359,2741.0,1248,0.0,2.1987281399046106,35.74,反重力先行试验,反重力先行试验
Ants,1223,1223,381,2.3172526573998367,86.56336876533115,2834.0,1223,9.262469337694194,2.318734793187348,31.15,蚂蚁,蚂蚁
Aqueduct Systems,1192,1192,421,2.2181208053691277,89.44379194630872,2644.0,1192,0.0,2.220465890183028,35.32,导水系统,导水系统
Aquifer Pumping,129,129,30,2.488372093023256,83.2015503875969,321.0,129,0.0,2.4892086330935252,23.26,含水层抽水,含水层抽水
ArchaeBacteria,619,619,161,2.368336025848142,82.63489499192245,1466.0,619,0.0,2.370429252782194,26.01,古细菌类,古细菌类
Archimedes Hydroponics Station,114,114,31,2.3947368421052633,92.26315789473684,273.0,114,0.0,2.403225806451613,27.19,阿基米德水培站,阿基米德水培站
Arctic Algae,891,891,273,2.287317620650954,83.19753086419753,2038.0,891,0.0,2.2896781354051052,30.64,北极的藻类植物,北极的藻类植物
Aristarchus Road Network,11,11,3,2.5454545454545454,95.36363636363636,28.0,11,0.0,2.5238095238095237,27.27,阿里斯塔克斯街道网络,阿里斯塔克斯街道网络
Artesian Aquifer,8,8,5,1.75,106.375,14.0,8,0.0,2.1666666666666665,62.5,自流含水层,自流含水层
Artificial Lake,478,478,168,2.2301255230125525,89.26569037656904,1066.0,478,0.0,2.235655737704918,35.15,人工湖,人工湖
Artificial Photosynthesis,766,766,213,2.4817232375979112,83.70104438642298,1901.0,766,0.0,2.481958762886598,27.81,人造光合作用,人造光合作用
Asteroid,1314,1314,414,2.337138508371385,84.41704718417047,3071.0,1314,0.0,2.338368580060423,31.51,小行星,小行星
Asteroid Deflection System,762,762,237,2.3648293963254594,85.94488188976378,1802.0,762,1.2874015748031495,2.366580310880829,31.1,小行星防卫系统,小行星防卫系统
Asteroid Hollowing,84,84,17,2.7857142857142856,79.82142857142857,234.0,84,3.607142857142857,2.75531914893617,20.24,行星挖掘,行星挖掘
Asteroid Mining,933,933,258,2.4737406216505895,86.05251875669882,2308.0,933,0.0,2.4740190880169672,27.65,小行星采矿,小行星采矿
Asteroid Mining Consortium,845,845,245,2.442603550295858,87.32426035502958,2064.0,845,0.0,2.4432748538011695,28.99,行星采矿财团,行星采矿财团
Asteroid Resources,857,857,283,2.2252042007001167,86.9708284714119,1907.0,857,0.0,2.2283737024221453,33.02,小行星资源,小行星资源
Asteroid Rights,1546,1546,487,2.298835705045278,85.65265200517464,3554.0,1546,0.36610608020698576,2.30012853470437,31.5,小行星权力,小行星权力
Astra Mechanica,1666,1666,566,2.2376950780312126,87.11704681872749,3728.0,1666,0.0,2.2392601431980905,33.97,星械会,星械会
Atalanta Planitia Lab,1934,1934,596,2.341261633919338,87.5124095139607,4528.0,1934,0.0,2.3420781893004117,30.82,亚特兰大实验室,亚特兰大实验室
Atmo Collectors,614,614,168,2.436482084690554,83.06677524429968,1496.0,614,0.7149837133550488,2.4375,27.36,大气收藏家,大气收藏家
Atmoscoop,1420,1420,492,2.1894366197183097,89.30492957746479,3109.0,1420,0.0,2.1916083916083915,34.65,大气束缚场,大气束缚场
Bactoviral Research,1354,1354,481,2.1868537666174297,91.39217134416543,2961.0,1354,0.0,2.189149560117302,35.52,细菌病毒研究,细菌病毒研究
Banned Delegate,262,262,82,2.3091603053435112,84.4885496183206,605.0,262,0.0,2.3161764705882355,31.3,违法代表,违法代表
Battery Factory,635,635,201,2.3653543307086613,89.06771653543306,1502.0,635,0.0,2.3674418604651164,31.65,电池工厂,电池工厂
Beam From A Thorium Asteroid,379,379,100,2.308707124010554,88.37467018469657,875.0,379,0.0,2.3136246786632393,26.39,钍行星射线,钍行星射线
Behemoth Excavator,13,13,3,2.769230769230769,86.53846153846153,36.0,13,0.0,2.652173913043478,23.08,巨兽挖掘机,巨兽挖掘机
Behold The Emperor! (III),73,73,27,2.1780821917808217,90.43835616438356,159.0,73,0.0,2.216867469879518,36.99,Behold The Emperor! (III),Behold The Emperor! (III)
Big Asteroid,1280,1280,393,2.29140625,84.45546875,2933.0,1280,0.0,2.2930232558139534,30.7,大型小行星,大型小行星
Bio Printing Facility,459,459,126,2.3616557734204795,87.45533769063181,1084.0,459,0.0,2.3646055437100215,27.45,生物打印设备,生物打印设备
Bio-Fertilizer Facility,1518,1518,511,2.218050065876153,86.38076416337286,3367.0,1518,0.0,2.2198952879581153,33.66,肥料工厂,肥料工厂
Biobatteries,97,97,33,2.2783505154639174,84.50515463917526,221.0,97,0.0,2.2990654205607477,34.02,生物电池,生物电池
Bioengineering Enclosure,609,609,200,2.2676518883415433,91.42528735632185,1381.0,609,0.6995073891625616,2.27140549273021,32.84,生物工程组件,生物工程组件
Biomass Combustors,343,343,96,2.434402332361516,82.89795918367346,835.0,343,0.0,2.4362606232294617,27.99,生物量燃烧,生物量燃烧
Birds,730,730,250,2.223287671232877,89.88356164383562,1623.0,730,2.6780821917808217,2.227027027027027,34.25,鸟,鸟
Black Polar Dust,335,335,97,2.328358208955224,80.61791044776119,780.0,335,0.0,2.3333333333333335,28.96,黑色的极地尘埃,黑色的极地尘埃
Border Checkpoint,1193,1193,372,2.352891869237217,84.83738474434199,2807.0,1193,0.0,2.3541147132169575,31.18,边境检查站,边境检查站
Botanical Experience,970,970,267,2.377319587628866,85.11752577319588,2306.0,970,0.9927835051546392,2.3785714285714286,27.53,植物专业知识,植物专业知识
Breathing Filters,1155,1155,353,2.361038961038961,88.47099567099568,2727.0,1155,0.0,2.362231759656652,30.56,呼吸过滤器,呼吸过滤器
Breeding Farms,578,578,200,2.2197231833910034,91.50519031141869,1283.0,578,0.0,2.2244897959183674,34.6,养殖农场,养殖农场
Bribed Committee,770,770,208,2.5142857142857142,82.52597402597402,1936.0,770,0.0,2.514102564102564,27.01,贿赂委员会,贿赂委员会
Building Industries,528,528,142,2.4734848484848486,84.83522727272727,1306.0,528,0.0,2.473977695167286,26.89,建筑行业,建筑行业
Bushes,872,872,309,2.1857798165137616,87.5756880733945,1906.0,872,0.0,2.189342403628118,35.44,花丛,花丛
Business Contacts,1732,1732,551,2.3625866050808315,84.5513856812933,4092.0,1732,0.0,2.3633754305396097,31.81,商业合同,商业合同
Business Network,1396,1396,409,2.394699140401146,84.12750716332378,3343.0,1396,0.0,2.395448079658606,29.3,商业网络,商业网络
Butterfly Effect,435,435,136,2.282758620689655,89.9287356321839,993.0,435,0.0,2.2876404494382023,31.26,蝴蝶效应,蝴蝶效应
CEO's Favorite Project,1233,1233,393,2.291970802919708,87.76317923763179,2826.0,1233,0.0,2.2936444086886563,31.87,CEO最喜欢的项目,CEO最喜欢的项目
Callisto Penal Mines,931,931,261,2.417830290010741,86.51664876476906,2251.0,931,0.0,2.418703506907545,28.03,木卫四开采法,木卫四开采法
Capital,76,76,25,2.1842105263157894,92.34210526315789,166.0,76,0.0,2.2209302325581395,32.89,首都,首都
Capital:ares,825,825,285,2.1818181818181817,89.12727272727273,1800.0,825,0.0,2.18562874251497,34.55,Capital:ares,Capital:ares
Carbon Nanosystems,1732,1732,528,2.3331408775981526,86.02020785219399,4041.0,1732,0.5889145496535797,2.3340987370838118,30.48,碳纳米系统,碳纳米系统
Carbonate Processing,305,305,97,2.301639344262295,85.8295081967213,702.0,305,0.0,2.3079365079365077,31.8,碳酸盐处理,碳酸盐处理
Caretaker Contract,194,194,67,2.211340206185567,93.3298969072165,429.0,194,0.0,2.2254901960784315,34.54,监护合约,监护合约
Cartel,1017,1017,340,2.3500491642084564,87.34218289085545,2390.0,1017,0.0,2.3515092502434274,33.43,同业联盟,同业联盟
Casino,4,4,2,2.25,79.25,9.0,4,0.0,2.4285714285714284,50.0,赌场,赌场
Casinos,491,491,126,2.5173116089613035,84.31364562118127,1236.0,491,0.0,2.5169660678642716,25.66,赌场,赌场
Cassini Station,730,730,210,2.328767123287671,89.18493150684931,1700.0,730,0.0,2.331081081081081,28.77,卡西尼太空站,卡西尼太空站
Cave City,10,10,4,1.9,93.8,19.0,10,0.0,2.2,40.0,洞穴城市,洞穴城市
Ceres Spaceport,930,930,284,2.332258064516129,88.75913978494624,2169.0,930,0.0,2.3340425531914892,30.54,谷神星太空港,谷神星太空港
Ceres Tech Market,1638,1638,450,2.4053724053724053,84.71550671550672,3940.0,1638,0.0,2.4059466019417477,27.47,谷神星科技市场,谷神星科技市场
Charity Donation,1362,1362,372,2.474302496328928,83.38325991189427,3370.0,1362,0.0,2.4744897959183674,27.31,慈善捐款,慈善捐款
Chemical Factory,8,8,2,2.25,92.5,18.0,8,0.0,2.388888888888889,25.0,化工厂,化工厂
City Park,386,386,148,2.064766839378238,98.89896373056995,797.0,386,0.0,2.0757575757575757,38.34,City Park,City Park
City Parks,423,423,171,2.00709219858156,91.49172576832152,849.0,423,0.0,2.0184757505773674,40.43,城市公园,城市公园
Class-action Lawsuit,2,2,2,1.0,177.5,2.0,2,0.0,2.25,100.0,集体诉讼,集体诉讼
Clone Technology,933,933,343,2.1414790996784565,91.43622722400858,1998.0,933,0.0,2.1452810180275717,36.76,克隆科技,克隆科技
Clone Troopers (II),322,322,103,2.2577639751552794,90.36645962732919,727.0,322,1.9472049689440993,2.2650602409638556,31.99,Clone Troopers (II),Clone Troopers (II)
Cloud City (V),1164,1164,397,2.2551546391752577,86.96134020618557,2625.0,1164,0.0,2.2572402044293014,34.11,Cloud City (V),Cloud City (V)
Cloud Seeding,233,233,62,2.424892703862661,88.78540772532189,565.0,233,0.0,2.42798353909465,26.61,人工降雨,人工降雨
Cloud Tourism,1370,1370,436,2.2737226277372264,89.292700729927,3115.0,1370,5.5715328467153284,2.2753623188405796,31.82,云端旅游,云端旅游
Colonial Envoys,372,372,126,2.2231182795698925,87.44623655913979,827.0,372,0.0,2.230366492146597,33.87,殖民特使,殖民特使
Colonial Representation,591,591,160,2.3840947546531304,87.30456852791878,1409.0,591,0.0,2.3860232945091515,27.07,殖民代表权,殖民代表权
Colonist Shuttles,3,3,1,3.0,-70.0,9.0,3,0.0,2.6153846153846154,33.33,殖民者穿梭机,殖民者穿梭机
Colonizer Training Camp,980,980,270,2.4357142857142855,83.58571428571429,2387.0,980,0.0,2.4363636363636365,27.55,开拓者训练营,开拓者训练营
Comet,908,908,272,2.3116740088105727,81.85903083700441,2099.0,908,0.0,2.3137254901960786,29.96,彗星,彗星
Comet Aiming,71,71,16,2.647887323943662,85.01408450704226,188.0,71,0.23943661971830985,2.6296296296296298,22.54,彗星瞄准,彗星瞄准
Comet for Venus,908,908,283,2.3854625550660793,85.4636563876652,2166.0,908,0.0,2.386710239651416,31.17,飞向金星的彗星,飞向金星的彗星
Commercial District,86,86,29,2.2790697674418605,90.40697674418605,196.0,86,0.0,2.3020833333333335,33.72,商业区,商业区
Commercial District:ares,897,897,261,2.3444816053511706,86.09476031215162,2103.0,897,0.0,2.34619625137817,29.1,Commercial District:ares,Commercial District:ares
Communication Center,633,633,215,2.309636650868878,88.18009478672985,1462.0,633,0.9699842022116903,2.312597200622084,33.97,通讯中心,通讯中心
Community Services,406,406,117,2.4655172413793105,84.80295566502463,1001.0,406,0.0,2.4663461538461537,28.82,社区服务,社区服务
Community Worker,1299,1299,382,2.3979984603541187,86.45419553502694,3115.0,1299,0.0,2.39877769289534,29.41,社区工作者,社区工作者
Concession Rights,7,7,4,2.142857142857143,88.57142857142857,15.0,7,0.0,2.3529411764705883,57.14,特许权,特许权
Conscription,1539,1539,490,2.2917478882391165,86.32163742690058,3527.0,1539,0.0,2.2930923176242737,31.84,征兵,征兵
Controlled Bloom,1343,1343,461,2.220402084884587,87.11317944899479,2982.0,1343,0.0,2.222468588322247,34.33,爆破控制,爆破控制
Convoy From Europa,1312,1312,391,2.3810975609756095,83.58689024390245,3124.0,1312,0.0,2.381996974281392,29.8,木卫二护航队,木卫二护航队
Coordinated Raid,71,71,23,2.4225352112676055,88.45070422535211,172.0,71,0.0,2.432098765432099,32.39,协调一致的空袭,协调一致的空袭
Copernicus Solar Arrays,427,427,95,2.585480093676815,80.10070257611241,1104.0,427,0.0,2.583524027459954,22.25,哥白尼太阳能电池,哥白尼太阳能电池
Copernicus Tower,7,7,1,2.4285714285714284,108.14285714285714,17.0,7,0.2857142857142857,2.4705882352941178,14.29,哥白尼塔,哥白尼塔
Corona Extractor,965,965,289,2.349222797927461,87.17927461139897,2267.0,965,0.0,2.350769230769231,29.95,日冕提取器,日冕提取器
Corporate Blackmail,3,3,1,2.3333333333333335,98.33333333333333,7.0,3,0.0,2.4615384615384617,33.33,企业敲诈,企业敲诈
Corporate Stronghold,593,593,163,2.367622259696459,82.39629005059022,1404.0,593,0.0,2.369817578772803,27.49,公司据点,公司据点
Corporate Theft,3,3,0,3.0,60.333333333333336,9.0,3,0.0,2.6153846153846154,0.0,企业盗窃,企业盗窃
Corroder Suits,1147,1147,331,2.3705318221447254,85.70706190061028,2719.0,1147,0.0,2.3716508210890233,28.86,防护服,防护服
Cosmic Radiation,6,6,1,2.5,97.0,15.0,6,0.0,2.5,16.67,宇宙射线,宇宙射线
Cow,1368,1368,417,2.323099415204678,85.50292397660819,3178.0,1368,3.2478070175438596,2.3243831640058055,30.48,奶牛,奶牛
Crash Site Cleanup,950,950,319,2.2136842105263157,89.11263157894737,2103.0,950,0.0,2.216666666666667,33.58,陨石坑清洁,陨石坑清洁
Crashlanding,157,157,58,2.089171974522293,91.89171974522293,328.0,157,0.0,2.1137724550898205,36.94,紧急迫降,紧急迫降
Crater Survey,9,9,4,1.8888888888888888,44.666666666666664,17.0,9,0.0,2.210526315789474,44.44,陨石坑调查,陨石坑调查
Cryo-Sleep,1213,1213,331,2.471558120362737,83.36191261335532,2998.0,1213,0.0,2.471790678659035,27.29,低温睡眠,低温睡眠
Cryptocurrency,592,592,176,2.4087837837837838,80.5304054054054,1426.0,592,0.27702702702702703,2.410299003322259,29.73,加密货币,加密货币
Cultivation of Venus,936,936,314,2.1891025641025643,90.75854700854701,2049.0,936,0.0,2.192389006342495,33.55,金星育种,金星育种
Cultural Metropolis,680,680,232,2.226470588235294,87.98529411764706,1514.0,680,0.0,2.2304347826086954,34.12,多元化都市,多元化都市
Cupola City,752,752,239,2.285904255319149,85.98005319148936,1719.0,752,0.0,2.288713910761155,31.78,穹顶舱城市,穹顶舱城市
Cut-throat Budgeting,8,8,3,2.25,87.25,18.0,8,0.0,2.388888888888889,37.5,残酷预算,残酷预算
Cutting Edge Technology,1784,1784,537,2.350896860986547,85.51457399103138,4194.0,1784,0.0,2.351727982162765,30.1,前沿科技,前沿科技
Cyanobacteria,1214,1214,416,2.2084019769357495,88.62602965403624,2681.0,1214,0.0,2.2107843137254903,34.27,蓝藻菌,蓝藻菌
Cyberia Systems,307,307,75,2.50814332247557,85.57003257328991,770.0,307,0.0,2.5078864353312302,24.43,赛博利亚系统,赛博利亚系统
Darkside Incubation Plant,178,178,59,2.2865168539325844,86.56179775280899,407.0,178,10.320224719101123,2.297872340425532,33.15,暗面孵化设施,暗面孵化设施
Darkside Meteor Bombardment,21,21,4,2.5714285714285716,102.80952380952381,54.0,21,0.0,2.5483870967741935,19.05,暗面流星雨轰击,暗面流星雨轰击
Darkside Mining Syndicate,15,15,3,2.1333333333333333,110.06666666666666,32.0,15,0.0,2.28,20.0,暗面矿业联盟,暗面矿业联盟
Darkside Observatory,319,319,93,2.404388714733542,87.23510971786834,767.0,319,0.0,2.407294832826748,29.15,暗面天文台,暗面天文台
Darkside Smugglers' Union,18,18,6,2.2777777777777777,119.27777777777777,41.0,18,0.0,2.357142857142857,33.33,Darkside Smugglers' Union,Darkside Smugglers' Union
Data Leak,445,445,141,2.2606741573033706,88.8067415730337,1006.0,445,0.0,2.265934065934066,31.69,数据泄露,数据泄露
Dawn City,1227,1227,387,2.302363488182559,89.40994295028524,2825.0,1227,0.0,2.3039611964430073,31.54,拂晓之城,拂晓之城
Declaration of Independence,47,47,23,1.8085106382978724,111.72340425531915,85.0,47,0.0,1.9298245614035088,48.94,独立宣言,独立宣言
Decomposers,1708,1708,542,2.2558548009367683,86.84953161592506,3853.0,1708,11.309718969555036,2.2572759022118745,31.73,分解者,分解者
Deep Foundations,2,2,1,2.5,117.0,5.0,2,0.0,2.5,50.0,深层地基,深层地基
Deep Lunar Mining,16,16,5,2.375,100.75,38.0,16,0.0,2.423076923076923,31.25,月球深度挖掘,月球深度挖掘
Deep Well Heating,1016,1016,266,2.436023622047244,81.68208661417323,2475.0,1016,0.0,2.4366471734892787,26.18,深井加热,深井加热
Deepmining,13,13,2,2.4615384615384617,85.38461538461539,32.0,13,0.0,2.4782608695652173,15.38,深层采矿,深层采矿
Deepnuking,11,11,5,2.0,87.0,22.0,11,0.0,2.238095238095238,45.45,深层核爆,深层核爆
Deimos Down,1,1,0,2.0,89.0,2.0,1,0.0,2.4545454545454546,0.0,火卫二陨落,火卫二陨落
Deimos Down:ares,1163,1163,406,2.1943250214961307,83.98194325021497,2552.0,1163,0.0,2.1969309462915603,34.91,Deimos Down:ares,Deimos Down:ares
Deimos Down:promo,117,117,38,2.3076923076923075,81.1025641025641,270.0,117,0.0,2.322834645669291,32.48,Deimos Down:promo,Deimos Down:promo
Designed Microorganisms,537,537,134,2.46927374301676,80.85661080074487,1326.0,537,0.0,2.469835466179159,24.95,创造微生物,创造微生物
Designed Organisms,1116,1116,412,2.118279569892473,92.69802867383513,2364.0,1116,0.0,2.121669626998224,36.92,生物体设计,生物体设计
Desperate Measures,269,269,93,2.2156133828996283,79.42379182156134,596.0,269,0.0,2.225806451612903,34.57,绝望措施,绝望措施
Detective TV Series,4,4,0,3.0,-41.0,12.0,4,0.0,2.642857142857143,0.0,侦探电视系列剧,侦探电视系列剧
Deuterium Export,1285,1285,394,2.3782101167315175,85.42801556420234,3056.0,1285,0.8303501945525292,2.379150579150579,30.66,输出氘,输出氘
Development Center,1172,1172,310,2.4411262798634814,85.75767918088737,2861.0,1172,0.0,2.4416243654822334,26.45,发展中心,发展中心
Diaspora Movement,1105,1105,393,2.1882352941176473,89.89954751131222,2418.0,1105,0.0,2.1910313901345293,35.57,大流散运动,大流散运动
Directed Heat Usage,1183,1183,379,2.289940828402367,86.97717666948436,2709.0,1183,0.0,2.291701592623638,32.04,热能定向利用,热能定向利用
Directed Impactors,226,226,57,2.393805309734513,88.38938053097345,541.0,226,0.1415929203539823,2.3983050847457625,25.22,定向冲撞器,定向冲撞器
Dirigibles,1286,1286,375,2.3716951788491447,85.7846034214619,3050.0,1286,0.8530326594090202,2.372685185185185,29.16,悬浮艇,悬浮艇
Diversity Support,438,438,181,2.0342465753424657,97.82648401826484,891.0,438,0.0,2.044642857142857,41.32,多样性扶持,多样性扶持
Domed Crater,618,618,190,2.2766990291262137,84.73624595469256,1407.0,618,0.0,2.2802547770700636,30.74,圆顶火山口,圆顶火山口
Dusk Laser Mining,1549,1549,466,2.3602324080051647,85.49903163331182,3656.0,1549,0.0,2.3611289288005133,30.08,黄昏激光矿业,黄昏激光矿业
Dust Seals,527,527,151,2.4193548387096775,83.34345351043643,1275.0,527,0.0,2.4208566108007448,28.65,垃圾密封,垃圾密封
Dust Storm,616,616,190,2.3181818181818183,80.89772727272727,1428.0,616,0.0,2.3210862619808306,30.84,沙尘暴,沙尘暴
Dyson Screens,1153,1153,354,2.2914137033824806,86.96790980052039,2642.0,1153,0.0,2.293207222699914,30.7,戴森屏,戴森屏
EM Drive,543,543,159,2.3977900552486187,87.10497237569061,1302.0,543,0.0,2.399638336347197,29.28,无工质推进飞船,无工质推进飞船
Early Expedition,715,715,197,2.406993006993007,83.35664335664336,1721.0,715,0.0,2.4082758620689657,27.55,早期探险,早期探险
Earth Catapult,1621,1621,600,2.1967921036397287,89.76064157927206,3561.0,1621,0.0,2.198651134273452,37.01,地球发射站,地球发射站
Earth Elevator,591,591,148,2.524534686971235,85.61421319796955,1492.0,591,0.0,2.524126455906822,25.04,地球太空梯,地球太空梯
Earth Embassy,5,5,1,2.6,98.0,13.0,5,0.0,2.533333333333333,20.0,地球大使馆,地球大使馆
Earth Office,1698,1698,558,2.2850412249705534,87.02414605418139,3880.0,1698,0.0,2.2862997658079625,32.86,地球办公室,地球办公室
Earthquake Machine,9,9,2,2.7777777777777777,78.22222222222223,25.0,9,0.0,2.6315789473684212,22.22,地震机器,地震机器
Ecological Survey,1139,1139,369,2.2335381913959615,89.16066725197541,2544.0,1139,0.0,2.2358572671888597,32.4,生态调查,生态调查
Ecological Zone,99,99,45,1.97979797979798,92.5959595959596,196.0,99,6.838383838383838,2.0275229357798166,45.45,生态保护区,生态保护区
Ecological Zone:ares,1444,1444,521,2.153047091412742,89.35110803324099,3109.0,1444,7.8310249307479225,2.155433287482806,36.08,Ecological Zone:ares,Ecological Zone:ares
Ecology Research,714,714,266,2.092436974789916,94.55882352941177,1494.0,714,0.0,2.0980662983425415,37.25,生态学研究,生态学研究
Economic Espionage,308,308,79,2.477272727272727,85.34415584415585,763.0,308,1.8831168831168832,2.4779874213836477,25.65,经济间谍活动,经济间谍活动
Economic Help,244,244,63,2.528688524590164,88.86475409836065,617.0,244,0.0,2.52755905511811,25.82,经济援助,经济援助
Electric Sheep,663,663,216,2.2654600301659125,92.20060331825037,1502.0,663,4.722473604826546,2.2689450222882614,32.58,电子羊,电子羊
Electro Catapult,722,722,191,2.4778393351800556,83.50831024930748,1789.0,722,0.0,2.478142076502732,26.45,电磁弹射器,电磁弹射器
Energy Market,1562,1562,519,2.2445582586427655,87.11203585147247,3506.0,1562,0.0,2.24618320610687,33.23,能源市场,能源市场
Energy Saving,222,222,71,2.364864864864865,91.04054054054055,525.0,222,0.0,2.3706896551724137,31.98,节能减排,节能减排
Energy Station,1159,1159,350,2.340811044003451,84.05176876617774,2713.0,1159,0.0,2.3421727972626174,30.2,能源站,能源站
Energy Supply,1091,1091,334,2.323556370302475,84.85334555453713,2535.0,1091,0.0,2.3251589464123525,30.61,电力补给,电力补给
Energy Tapping,603,603,181,2.351575456053068,84.84742951907131,1418.0,603,0.0,2.3539967373572592,30.02,能量开发,能量开发
Envoys From Venus,1025,1025,366,2.1970731707317075,88.63121951219512,2252.0,1025,0.0,2.2,35.71,金星来使,金星来使
Eos Chasma National Park,1156,1156,407,2.163494809688581,89.68858131487889,2501.0,1156,0.0,2.1663807890222984,35.21,Eos 峡谷国家公园,Eos 峡谷国家公园
Equatorial Magnetizer,220,220,75,2.3,87.33181818181818,506.0,220,0.0,2.3086956521739133,34.09,赤道导磁体,赤道导磁体
Event Analysts,852,852,263,2.341549295774648,85.98239436619718,1995.0,852,0.0,2.34338747099768,30.87,事件分析,事件分析
Excavator Leasing,14,14,4,2.2142857142857144,85.35714285714286,31.0,14,0.0,2.3333333333333335,28.57,挖掘机租赁,挖掘机租赁
Expedition Vehicles,802,802,264,2.306733167082294,90.51745635910224,1850.0,802,0.0,2.3091133004926108,32.92,远征车,远征车
Expedition to the Surface - Venus,1325,1325,448,2.2437735849056604,87.8022641509434,2973.0,1325,0.0,2.245692883895131,33.81,金星表面探险,金星表面探险
Exploitation Of Venus,15,15,4,2.3333333333333335,95.2,35.0,15,0.0,2.4,26.67,金星开发,金星开发
Export Convoy,90,90,32,2.2666666666666666,66.83333333333333,204.0,90,0.0,2.29,35.56,出口船队,出口船队
Extractor Balloons,291,291,79,2.388316151202749,81.07560137457045,695.0,291,1.4810996563573884,2.39202657807309,27.15,热气球提取器,热气球提取器
Extreme-Cold Fungus,581,581,163,2.3752151462994835,81.93459552495698,1380.0,581,0.0,2.3773265651438242,28.06,极寒真菌,极寒真菌
Extremophiles,1842,1842,592,2.271986970684039,86.13626492942454,4185.0,1842,4.836047774158524,2.273218142548596,32.14,极端微生物,极端微生物
Fall of Sunrise,1408,1408,432,2.3025568181818183,84.21448863636364,3242.0,1408,0.0,2.3039492242595205,30.68,拂晓陨落,拂晓陨落
Farming,769,769,255,2.1690507152145644,89.86605981794538,1668.0,769,0.0,2.173299101412067,33.16,农业,农业
Field-Capped City,1227,1227,349,2.3317033414832924,85.89405052974735,2861.0,1227,0.0,2.3330638641875505,28.44,磁场穹顶城市,磁场穹顶城市
Fish,818,818,271,2.226161369193154,89.30073349633251,1821.0,818,2.5684596577017116,2.2294685990338166,33.13,鱼,鱼
Flat Mars Theory,269,269,65,2.591078066914498,80.74721189591078,697.0,269,0.0,2.587813620071685,24.16,火星平面理论,火星平面理论
Fleet Recycling,1036,1036,338,2.281853281853282,88.4034749034749,2364.0,1036,0.0,2.283938814531549,32.63,飞船回收,飞船回收
Floater Leasing,388,388,125,2.283505154639175,89.15721649484536,886.0,388,0.0,2.2889447236180906,32.22,漂浮物租贷,漂浮物租贷
Floater Prototypes,1236,1236,364,2.3907766990291264,85.92394822006473,2955.0,1236,0.0,2.391653290529695,29.45,造云原型机,造云原型机
Floater Technology,876,876,266,2.3413242009132422,88.40525114155251,2051.0,876,0.0,2.3431151241534987,30.37,漂浮物科技,漂浮物科技
Floater-Urbanism,820,820,297,2.203658536585366,90.8719512195122,1807.0,820,3.542682926829268,2.207228915662651,36.22,施韦伯城市规划,施韦伯城市规划
Floating Habs,1456,1456,461,2.301510989010989,87.54052197802197,3351.0,1456,6.480082417582418,2.3028649386084585,31.66,漂浮舱,漂浮舱
Floating Refinery,1511,1511,560,2.170086035737922,89.07412309728656,3279.0,1511,2.098610191925877,2.1722550953320185,37.06,漂浮精炼厂,漂浮精炼厂
Flooding,811,811,238,2.3625154130702835,82.38471023427867,1916.0,811,0.0,2.364190012180268,29.35,洪水,洪水
Floyd Continuum,1738,1738,536,2.348101265822785,84.75373993095512,4081.0,1738,0.0,2.348970251716247,30.84,弗洛伊德连续体,弗洛伊德连续体
Food Factory,369,369,84,2.4850948509485096,86.3739837398374,917.0,369,0.0,2.4854881266490767,22.76,食品工厂,食品工厂
Forced Precipitation,702,702,216,2.2606837606837606,87.37464387464388,1587.0,702,0.443019943019943,2.264044943820225,30.77,强制降水,强制降水
Forest Moon (VI),292,292,107,2.1027397260273974,90.90753424657534,614.0,292,0.0,2.115894039735099,36.64,Forest Moon (VI),Forest Moon (VI)
Forest Tunnels,7,7,2,2.2857142857142856,5.571428571428571,16.0,7,0.0,2.411764705882353,28.57,森林隧道,森林隧道
Freyja Biodomes,947,947,335,2.1319957761351636,94.38753959873284,2019.0,947,0.0,2.135841170323929,35.37,弗雷雅生态馆,弗雷雅生态馆
Friends in High Places,114,114,40,2.2982456140350878,66.08771929824562,262.0,114,0.0,2.314516129032258,35.09,高层人脉,高层人脉
Frontier Town,1031,1031,365,2.161008729388943,87.59068865179438,2228.0,1031,0.0,2.164265129682997,35.4,边疆小镇,边疆小镇
Fuel Factory,749,749,162,2.6448598130841123,80.12817089452604,1981.0,749,0.0,2.642951251646904,21.63,油脂工厂,油脂工厂
Fueled Generators,1054,1054,348,2.310246679316888,87.22485768500948,2435.0,1054,0.0,2.31203007518797,33.02,燃料发动机,燃料发动机
Fusion Power,732,732,211,2.44672131147541,87.09972677595628,1791.0,732,0.0,2.4474393530997305,28.83,聚变能源,聚变能源
GHG Factories,181,181,49,2.4751381215469612,80.33701657458563,448.0,181,0.0,2.4764397905759163,27.07,温室气体工厂,温室气体工厂
GHG Import From Venus,374,374,128,2.2887700534759357,89.61229946524064,856.0,374,0.0,2.2942708333333335,34.22,从金星导入温室气体,从金星导入温室气体
GHG Producing Bacteria,829,829,253,2.3003618817852836,84.37032569360676,1907.0,829,1.172496984318456,2.302741358760429,30.52,温室气体生产细菌,温室气体生产细菌
GHG Shipment,364,364,158,2.0384615384615383,88.82417582417582,742.0,364,0.0,2.050802139037433,43.41,温室气体运输,温室气体运输
GMO Contract,1578,1578,515,2.258555133079848,85.9721166032953,3564.0,1578,0.0,2.2600755667506296,32.64,转基因生物合约,转基因生物合约
Gaia City,9,9,2,2.6666666666666665,85.22222222222223,24.0,9,0.0,2.5789473684210527,22.22,盖亚城市,盖亚城市
Galilean Waystation,1005,1005,269,2.462686567164179,85.36517412935324,2475.0,1005,0.0,2.4630541871921183,26.77,伽利略中转站,伽利略中转站
Ganymede Colony,1431,1431,488,2.2138364779874213,90.71767994409504,3168.0,1431,0.0,2.215822345593338,34.1,木卫三殖民地,木卫三殖民地
Gas Trust,2,2,1,1.5,-182.5,3.0,2,0.0,2.3333333333333335,50.0,燃气托拉斯,燃气托拉斯
Gene Repair,1327,1327,395,2.39336850037679,87.54860587792012,3176.0,1327,0.0,2.3941660433807033,29.77,基因修复,基因修复
Geodesic Tents,16,16,7,2.25,111.5625,36.0,16,0.0,2.3461538461538463,43.75,地球仪形帐篷,地球仪形帐篷
Geological Expedition,1079,1079,358,2.278962001853568,89.8563484708063,2459.0,1079,0.0,2.28099173553719,33.18,地质探险,地质探险
Geological Survey,872,872,266,2.378440366972477,83.91055045871559,2074.0,872,0.0,2.379818594104308,30.5,地质调查,地质调查
Geological Survey:underworld,11,11,4,2.3636363636363638,88.0,26.0,11,0.0,2.4285714285714284,36.36,地质调查,地质调查
Geologist Team,10,10,5,2.2,86.7,22.0,10,0.0,2.35,50.0,地质学家团队,地质学家团队
Geoscan Satellite,11,11,4,2.090909090909091,42.45454545454545,23.0,11,0.0,2.2857142857142856,36.36,地质扫描卫星,地质扫描卫星
Geothermal Network,4,4,2,2.0,112.25,8.0,4,0.0,2.357142857142857,50.0,地热网络,地热网络
Geothermal Power,846,846,208,2.49290780141844,81.95981087470449,2109.0,846,0.0,2.4929906542056073,24.59,地热能,地热能
Giant Ice Asteroid,888,888,274,2.2781531531531534,81.88626126126127,2023.0,888,0.0,2.2806236080178173,30.86,巨冰行星,巨冰行星
Giant Solar Shade,888,888,289,2.3164414414414414,86.37837837837837,2057.0,888,0.0,2.318485523385301,32.55,巨型日光遮蔽器,巨型日光遮蔽器
Giant Space Mirror,747,747,217,2.4431057563587686,85.12182061579652,1825.0,747,0.0,2.4438573315719947,29.05,巨型太空镜,巨型太空镜
Global Audit,21,21,6,2.2857142857142856,62.19047619047619,48.0,21,0.0,2.3548387096774195,28.57,全球审计,全球审计
Grand Luna Academy,13,13,4,2.3846153846153846,111.84615384615384,31.0,13,0.0,2.4347826086956523,30.77,大月球学院,大月球学院
Grass,961,961,302,2.2455775234131115,84.40686784599376,2158.0,961,0.0,2.248197734294542,31.43,草,草
Great Dam,2,2,0,4.0,67.5,8.0,2,0.0,2.75,0.0,大坝,大坝
Great Dam:ares,1231,1231,370,2.2908204711616573,84.67099918765231,2820.0,1231,0.0,2.2925060435132956,30.06,Great Dam:ares,Great Dam:ares
Great Dam:promo,106,106,29,2.4056603773584904,86.94339622641509,255.0,106,0.0,2.413793103448276,27.36,Great Dam:promo,Great Dam:promo
Great Escarpment Consortium,235,235,67,2.404255319148936,89.14468085106382,565.0,235,0.0,2.4081632653061225,28.51,巨大断崖,巨大断崖
Greenhouses,1691,1691,586,2.1827321111768185,87.95505617977528,3691.0,1691,0.0,2.1845972957084068,34.65,温室,温室
Grey Market Exploitation,8,8,3,2.0,29.375,16.0,8,0.0,2.2777777777777777,37.5,灰市剥削,灰市剥削
Guerilla Ecologists,7,7,1,2.2857142857142856,86.57142857142857,16.0,7,0.0,2.411764705882353,14.29,游击生态学家,游击生态学家
Gyropolis,737,737,253,2.203527815468114,92.6010854816825,1624.0,737,0.0,2.2074966532797857,34.33,旋转都会,旋转都会
HE3 Fusion Plant,11,11,4,2.0,3.8181818181818183,22.0,11,0.0,2.238095238095238,36.36,HE3聚变能发电站,HE3聚变能发电站
HE3 Lobbyists,9,9,1,3.0,90.0,27.0,9,0.0,2.736842105263158,11.11,HE3游说者,HE3游说者
HE3 Production Quotas,3,3,1,2.6666666666666665,81.33333333333333,8.0,3,0.0,2.5384615384615383,33.33,HE3产能配额,HE3产能配额
HE3 Refinery,21,21,8,2.1904761904761907,85.71428571428571,46.0,21,0.0,2.2903225806451615,38.1,HE3精炼厂,HE3精炼厂
Habitat 14,16,16,5,2.3125,110.0625,37.0,16,0.0,2.3846153846153846,31.25,第14号栖息地,第14号栖息地
Hackers,113,113,20,2.690265486725664,84.95575221238938,304.0,113,0.0,2.6747967479674797,17.7,黑客,黑客
Hackers:u,6,6,1,3.1666666666666665,78.5,19.0,6,0.0,2.75,16.67,黑客组织,黑客组织
Harvest,1311,1311,454,2.154843630816171,88.80549199084668,2825.0,1311,0.0,2.157456472369417,34.63,丰收,丰收
Hay Maker,761,761,252,2.202365308804205,82.77792378449409,1676.0,761,0.0,2.2062256809338523,33.11,炎拳,炎拳
Heat Trappers,234,234,52,2.52991452991453,81.65384615384616,592.0,234,0.0,2.528688524590164,22.22,热力捕获者,热力捕获者
Heather,851,851,274,2.199764982373678,87.25616921269095,1872.0,851,0.0,2.203252032520325,32.2,帚石楠,帚石楠
Heavy Duty Rovers,7,7,1,2.4285714285714284,117.71428571428571,17.0,7,0.0,2.4705882352941178,14.29,重型漫游车,重型漫游车
Heavy Taxation,1173,1173,345,2.3981244671781754,84.54987212276215,2813.0,1173,0.0,2.3989856297548604,29.41,重税,重税
Heliostat Mirror Array,355,355,89,2.5605633802816903,81.30140845070423,909.0,355,0.0,2.558904109589041,25.07,日镜阵列,日镜阵列
Herbivores,528,528,193,2.1420454545454546,88.875,1131.0,528,5.568181818181818,2.1486988847583643,36.55,食草动物,食草动物
Hermetic Order of Mars,518,518,166,2.306949806949807,85.44980694980696,1195.0,518,0.0,2.3106060606060606,32.05,火星秘教,火星秘教
Hi-Tech Lab,932,932,261,2.421673819742489,87.59763948497854,2257.0,932,0.0,2.4225053078556265,28.0,高科技实验室,高科技实验室
High Temp. Superconductors,782,782,238,2.3414322250639388,84.36317135549872,1831.0,782,0.0,2.3434343434343434,30.43,超导体改进,超导体改进
Hired Raiders,1331,1331,397,2.3335837716003005,85.92261457550714,3106.0,1331,0.0,2.3348247576435495,29.83,雇佣掠夺者,雇佣掠夺者
Hired Raiders:u,13,13,5,2.076923076923077,48.92307692307692,27.0,13,0.0,2.260869565217391,38.46,雇佣袭击者,雇佣袭击者
Homeostasis Bureau,939,939,275,2.318423855165069,82.09265175718849,2177.0,939,0.0,2.320337197049526,29.29,稳态管理局,稳态管理局
Hospitals,1291,1291,411,2.2571649883811,88.68164213787762,2914.0,1291,4.426800929512006,2.259031514219831,31.84,医院,医院
Hostile Takeover,1,1,1,1.0,122.0,1.0,1,0.0,2.3636363636363638,100.0,Hostile Takeover,Hostile Takeover
House Printing,882,882,213,2.520408163265306,84.39115646258503,2223.0,882,0.0,2.5201793721973096,24.15,房屋印刷,房屋印刷
Huygens Observatory,1365,1364,445,2.2637362637362637,87.37362637362638,3090.0,1365,0.0,2.2654545454545456,32.6,惠更斯天文台,惠更斯天文台
Hydrogen Processing Plant,419,419,118,2.372315035799523,86.31980906921241,994.0,419,0.0,2.375291375291375,28.16,氢气处理厂,氢气处理厂
Hydrogen to Venus,900,900,329,2.18,90.19888888888889,1962.0,900,0.0,2.1835164835164833,36.56,输送氢气到金星,输送氢气到金星
Hydrothermal Vent Archaea,1358,1358,430,2.271723122238586,86.61782032400589,3085.0,1358,10.591310751104565,2.2733918128654973,31.66,深海热泉细菌,深海热泉细菌
Hypersensitive Silicon Chip Factory,3,3,1,2.3333333333333335,91.0,7.0,3,0.0,2.4615384615384617,33.33,超敏感硅芯片工厂,超敏感硅芯片工厂
Hyperspace Drive Prototype,1098,1098,292,2.4344262295081966,85.77140255009107,2673.0,1098,0.0,2.435018050541516,26.59,超空间驱动原型,超空间驱动原型
Ice Asteroid,935,935,293,2.312299465240642,84.59786096256684,2162.0,935,0.0,2.3142857142857145,31.34,结冰行星,结冰行星
Ice Cap Melting,257,257,80,2.252918287937743,86.89105058365759,579.0,257,0.0,2.262172284644195,31.13,冰川融化,冰川融化
Ice Moon Colony,1009,1009,271,2.393458870168484,85.17641228939544,2415.0,1009,0.0,2.39450441609421,26.86,冰月殖民地,冰月殖民地
Icy Impactors,96,96,18,2.6354166666666665,83.25,253.0,96,0.5520833333333334,2.6226415094339623,18.75,冰体撞击器,冰体撞击器
Immigrant City,1353,1353,398,2.3569844789356984,86.31855136733185,3189.0,1353,0.0,2.3580337490829053,29.42,移民城市,移民城市
Immigration Shuttles,616,616,194,2.313311688311688,89.96428571428571,1425.0,616,0.0,2.31629392971246,31.49,移民航天机,移民航天机
Impactor Swarm,755,755,257,2.214569536423841,89.45562913907285,1672.0,755,0.0,2.2183006535947714,34.04,冲击虫群,冲击虫群
Import of Advanced GHG,877,877,261,2.3660205245153936,84.30672748004561,2075.0,877,0.0,2.367531003382187,29.76,输入高级温室气体,输入高级温室气体
Imported GHG,1229,1229,345,2.4125305126118795,82.82180634662328,2965.0,1229,0.0,2.413236481033091,28.07,引入温室气体,引入温室气体
Imported Heavy Machinery,18,18,3,2.8333333333333335,9.444444444444445,51.0,18,0.0,2.7142857142857144,16.67,进口重型机械,进口重型机械
Imported Hydrogen,1562,1562,513,2.270806658130602,86.46606914212548,3547.0,1562,0.0,2.272264631043257,32.84,外部注入氢气,外部注入氢气
Imported Nitrogen,1374,1374,515,2.1404657933042213,90.69359534206696,2941.0,1374,0.0,2.143063583815029,37.48,引入氮气,引入氮气
Imported Nutrients,1469,1469,499,2.208304969366916,87.96119809394146,3244.0,1469,0.0,2.2102772143340093,33.97,营养物输入,营养物输入
Improved Moon Concrete,4,4,1,2.25,83.25,9.0,4,0.0,2.4285714285714284,25.0,改良月球混凝土,改良月球混凝土
Indentured Workers,1535,1535,465,2.3537459283387623,83.82084690553746,3613.0,1535,0.0,2.354692556634304,30.29,合同工,合同工
Induced Tremor,8,8,5,1.375,99.5,11.0,8,0.0,2.0,62.5,诱发震颤,诱发震颤
Industrial Center,63,63,23,2.253968253968254,89.41269841269842,142.0,63,0.0,2.287671232876712,36.51,工业中心,工业中心
Industrial Center:ares,1352,1352,454,2.2322485207100593,86.8905325443787,3018.0,1352,0.0,2.2342143906020557,33.58,Industrial Center:ares,Industrial Center:ares
Industrial Microbes,911,911,240,2.442371020856202,81.83863885839736,2225.0,911,0.0,2.44299674267101,26.34,工业微生物,工业微生物
Infrastructure Overload,2,2,2,1.0,101.5,2.0,2,0.0,2.25,100.0,基础设施过载,基础设施过载
Insects,853,853,299,2.0961313012895664,90.86283704572098,1788.0,853,0.0,2.100811123986095,35.05,昆虫,昆虫
Insulation,239,239,74,2.292887029288703,89.17154811715481,548.0,239,0.0,2.3012048192771086,30.96,绝缘,绝缘
Interplanetary Alliance,1663,1663,548,2.274804570054119,88.29464822609741,3783.0,1663,0.0,2.276150627615063,32.95,星际联邦,星际联邦
Interplanetary Colony Ship,1574,1574,461,2.3595933926302415,84.66772554002542,3714.0,1574,0.0,2.360479797979798,29.29,星际殖民船,星际殖民船
Interplanetary Trade,597,597,177,2.422110552763819,84.1390284757119,1446.0,597,0.0,2.4233937397034597,29.65,星际贸易,星际贸易
Interplanetary Transport,1067,1067,349,2.2774133083411434,89.51640112464855,2430.0,1067,0.0,2.279480037140204,32.71,星际运输,星际运输
Interstellar Colony Ship,942,942,316,2.290870488322718,90.85774946921444,2158.0,942,0.0,2.293067226890756,33.55,星际殖民飞船,星际殖民飞船
Invention Contest,1778,1778,561,2.359955005624297,84.65748031496064,4196.0,1778,0.0,2.360738255033557,31.55,发明竞争,发明竞争
Inventors' Guild,1155,1155,314,2.5246753246753246,84.43549783549784,2916.0,1155,0.0,2.5244635193133047,27.19,发明家公会,发明家公会
Investigative Journalism,8,8,4,1.75,107.375,14.0,8,0.75,2.1666666666666665,50.0,调查性新闻,调查性新闻
Investment Loan,1851,1851,533,2.3889789303079416,83.81955699621827,4422.0,1851,0.0,2.3895754970445995,28.8,投资性贷款,投资性贷款
Io Mining Industries,1032,1032,317,2.3420542635658914,90.1172480620155,2417.0,1032,0.0,2.343570057581574,30.72,木卫一矿业,木卫一矿业
Io Sulphur Research,1517,1517,508,2.3150955833882665,88.55174686882005,3512.0,1517,0.0,2.3163064833005893,33.49,木卫一的硫磺研究,木卫一的硫磺研究
Iron Extraction Center,4,4,2,2.25,111.5,9.0,4,0.0,2.4285714285714284,50.0,冶铁中心,冶铁中心
Ironworks,99,99,32,2.3838383838383836,84.83838383838383,236.0,99,0.0,2.3944954128440368,32.32,炼铁厂,炼铁厂
Ishtar Expedition,1691,1691,600,2.1981076286221173,89.13187463039621,3717.0,1691,0.0,2.1998824221046442,35.48,伊什塔尔远征,伊什塔尔远征
Ishtar Mining,1260,1260,381,2.3865079365079365,86.90079365079364,3007.0,1260,0.0,2.3874015748031496,30.24,伊什塔尔矿业,伊什塔尔矿业
Jet Stream Microscrappers,427,427,132,2.36768149882904,83.14519906323186,1011.0,427,0.7868852459016393,2.3707093821510297,30.91,急流采集器,急流采集器
Jovian Defense Department,1177,1177,351,2.3576890399320307,87.88105352591334,2775.0,1177,4.978759558198811,2.358887952822241,29.82,木星防空署,木星防空署
Jovian Embassy,1406,1405,425,2.359174964438122,87.99786628733997,3317.0,1406,0.0,2.360169491525424,30.23,木星大使馆,木星大使馆
Jovian Envoys,731,731,239,2.2667578659370724,89.70177838577291,1657.0,731,0.0,2.2699055330634277,32.69,木星来使,木星来使
Jovian Expedition,1349,1349,420,2.327650111193477,87.4477390659748,3140.0,1349,0.0,2.328918322295806,31.13,木星远征,木星远征
Jovian Lanterns,729,729,242,2.2606310013717423,91.81481481481481,1648.0,729,9.112482853223593,2.263870094722598,33.2,木星灯,木星灯
Jupiter Floating Station,1232,1232,392,2.2865259740259742,89.53652597402598,2817.0,1232,1.8993506493506493,2.288244766505636,31.82,木星浮动站,木星浮动站
Kaguya Tech,1319,1319,473,2.1705837755875663,89.3699772554966,2863.0,1319,0.0,2.1730624529721596,35.86,辉夜科技,辉夜科技
Kelp Farming,1133,1133,378,2.237422771403354,86.99205648720212,2535.0,1133,0.0,2.2397200349956257,33.36,养殖海藻,养殖海藻
Kickstarter,985,985,296,2.3106598984771574,87.63350253807107,2276.0,985,0.0,2.312562814070352,30.05,KS众筹,KS众筹
L.T.F. Headquarters,8,8,2,2.875,87.875,23.0,8,0.0,2.6666666666666665,25.0,L.T.F.总部,L.T.F.总部
L.T.F. Privileges,7,7,1,2.4285714285714284,113.85714285714286,17.0,7,0.0,2.4705882352941178,14.29,L.T.F.特权,L.T.F.特权
L1 Trade Terminal,976,976,322,2.2684426229508197,90.95389344262296,2214.0,976,0.0,2.27079107505071,32.99,L1 贸易终端,L1 贸易终端
Labor Trafficking,296,296,86,2.4054054054054053,81.49662162162163,712.0,296,0.0,2.4084967320261437,29.05,劳动力贩卖,劳动力贩卖
Lagrange Observatory,1802,1802,465,2.479467258601554,81.67813540510544,4468.0,1802,0.0,2.4795805739514347,25.8,拉格朗日观察点,拉格朗日观察点
Lake Marineris,390,390,137,2.076923076923077,90.88205128205128,810.0,390,0.0,2.0875,35.13,水手湖,水手湖
Land Claim,880,880,265,2.289772727272727,88.77727272727273,2015.0,880,0.0,2.292134831460674,30.11,宣称领土,宣称领土
Landfill,125,125,44,2.232,83.88,279.0,125,0.0,2.251851851851852,35.2,垃圾填埋场,垃圾填埋场
Large Convoy,1432,1432,471,2.2004189944134076,90.64874301675978,3151.0,1432,0.0,2.20249653259362,32.89,大型护航队,大型护航队
Large Ecological Reserve,904,904,322,2.1537610619469025,89.76991150442478,1947.0,904,0.0,2.1575492341356672,35.62,大型生态保护区,大型生态保护区
Last Resort Ingenuity,459,459,146,2.30718954248366,86.43572984749456,1059.0,459,0.0,2.3113006396588487,31.81,即兴才能,即兴才能
Lava Flows,90,90,32,2.1777777777777776,80.55555555555556,196.0,90,0.0,2.21,35.56,熔岩流,熔岩流
Lava Flows:ares,702,702,223,2.2891737891737893,80.63247863247864,1607.0,702,0.0,2.292134831460674,31.77,Lava Flows:ares,Lava Flows:ares
Lava Tube Settlement,771,771,223,2.3553826199740597,87.49935149156939,1816.0,771,0.0,2.357234314980794,28.92,熔岩城,熔岩城
Law Suit,734,734,184,2.4400544959128063,84.89373297002724,1791.0,734,0.0,2.4408602150537635,25.07,诉讼,诉讼
Lichen,662,662,215,2.293051359516616,87.46374622356495,1518.0,662,0.0,2.2961309523809526,32.48,青苔,青苔
Lightning Harvest,1116,1116,323,2.3862007168458783,86.5725806451613,2663.0,1116,0.0,2.387211367673179,28.94,捕获雷电,捕获雷电
Livestock,452,452,135,2.3628318584070795,91.65044247787611,1068.0,452,3.6238938053097347,2.365800865800866,29.87,畜牧,畜牧
Lobby Halls,999,999,308,2.3523523523523524,84.88588588588588,2350.0,999,0.0,2.3538156590683847,30.83,议会大厅,议会大厅
Lobbying Network,7,7,2,2.5714285714285716,72.28571428571429,18.0,7,0.0,2.5294117647058822,28.57,游说网络,游说网络
Local Heat Trapping,1030,1030,340,2.2058252427184466,87.52427184466019,2272.0,1030,0.0,2.208653846153846,33.01,本地的热量陷阱,本地的热量陷阱
Local Shading,1299,1299,400,2.324865280985373,85.35950731331793,3020.0,1299,0.9230177059276367,2.3262032085561497,30.79,局部遮蔽,局部遮蔽
Luna Archives,12,12,2,2.6666666666666665,99.0,32.0,12,4.833333333333333,2.590909090909091,16.67,月球档案,月球档案
Luna Conference,3,3,0,2.6666666666666665,87.33333333333333,8.0,3,0.0,2.5384615384615383,0.0,月球会议,月球会议
Luna Ecumenopolis,1,1,1,1.0,199.0,1.0,1,0.0,2.3636363636363638,100.0,环月球巨型城市,环月球巨型城市
Luna Governor,1259,1259,424,2.289912629070691,86.9626687847498,2883.0,1259,0.0,2.2915681639085896,33.68,月球政府,月球政府
Luna Metropolis,1266,1266,379,2.373617693522907,87.48736176935229,3005.0,1266,0.0,2.3746081504702192,29.94,月神都会,月神都会
Luna Mining Hub,4,4,2,2.25,80.0,9.0,4,0.0,2.4285714285714284,50.0,月球矿山枢纽,月球矿山枢纽
Luna Political Institute,9,9,6,1.5555555555555556,110.0,14.0,9,0.0,2.0526315789473686,66.67,月球政治研究所,月球政治研究所
Luna Project Office,16,16,3,2.5625,102.375,41.0,16,0.0,2.5384615384615383,18.75,月球项目办公室,月球项目办公室
Luna Resort,6,6,2,2.3333333333333335,114.33333333333333,14.0,6,0.0,2.4375,33.33,月球度假区,月球度假区
Luna Senate,10,10,4,1.7,128.1,17.0,10,0.0,2.1,40.0,月球参议院,月球参议院
Luna Staging Station,10,10,2,2.6,57.9,26.0,10,0.0,2.55,20.0,月球中转站,月球中转站
Luna Trade Station,10,10,4,2.3,106.4,23.0,10,0.0,2.4,40.0,月球贸易站,月球贸易站
Luna Train Station,4,4,2,2.5,108.75,10.0,4,0.0,2.5,50.0,月球火车站,月球火车站
Lunar Beam,557,557,150,2.454219030520646,83.46858168761221,1367.0,557,0.0,2.455026455026455,26.93,月球射线,月球射线
Lunar Dust Processing Plant,21,21,4,2.6666666666666665,108.71428571428571,56.0,21,0.0,2.6129032258064515,19.05,月球灰处理厂,月球灰处理厂
Lunar Embassy,1004,1004,361,2.204183266932271,89.7410358565737,2213.0,1004,0.0,2.2071005917159763,35.96,月球大使馆,月球大使馆
Lunar Exports,889,889,229,2.5061867266591675,84.14510686164229,2228.0,889,0.0,2.506117908787542,25.76,月球出口,月球出口
Lunar Industry Complex,8,8,3,2.375,105.875,19.0,8,0.0,2.4444444444444446,37.5,月球工业复合体,月球工业复合体
Lunar Mine Urbanization,12,12,5,2.0833333333333335,68.25,25.0,12,0.0,2.272727272727273,41.67,月球采矿城市化,月球采矿城市化
Lunar Mining,942,942,309,2.358811040339703,87.81210191082802,2222.0,942,0.0,2.360294117647059,32.8,月球挖掘,月球挖掘
Lunar Observation Post,770,770,220,2.396103896103896,87.54415584415584,1845.0,770,3.1636363636363636,2.3974358974358974,28.57,月球观测站,月球观测站
Lunar Security Stations,4,4,2,2.5,148.0,10.0,4,0.0,2.5,50.0,月球安检站,月球安检站
Lunar Steel,852,852,236,2.4002347417840375,86.34037558685446,2045.0,852,0.0,2.4013921113689096,27.7,月钢,月钢
Lunar Trade Fleet,15,15,0,2.7333333333333334,64.26666666666667,41.0,15,0.0,2.64,0.0,月球船队,月球船队
Luxury Estate,1005,1005,363,2.1731343283582087,91.00597014925373,2184.0,1005,0.0,2.1763546798029556,36.12,豪华别墅,豪华别墅
Luxury Foods,968,968,306,2.2954545454545454,89.41115702479338,2222.0,968,0.0,2.2975460122699385,31.61,奢靡大餐,奢靡大餐
Magnetic Field Dome,511,511,160,2.305283757338552,90.37377690802349,1178.0,511,0.0,2.309021113243762,31.31,磁力区域圆顶,磁力区域圆顶
Magnetic Field Generators,1,1,0,2.0,63.0,2.0,1,0.0,2.4545454545454546,0.0,磁力发动机,磁力发动机
Magnetic Field Generators:ares,437,437,172,2.116704805491991,94.99313501144165,925.0,437,0.0,2.1252796420581657,39.36,Magnetic Field Generators:ares,Magnetic Field Generators:ares
Magnetic Field Generators:promo,44,44,17,2.2045454545454546,94.3409090909091,97.0,44,0.0,2.259259259259259,38.64,Magnetic Field Generators:promo,Magnetic Field Generators:promo
Magnetic Shield,741,741,267,2.211875843454791,93.56680161943319,1639.0,741,0.0,2.2157123834886816,36.03,磁屏,磁屏
Mangrove,1241,1241,429,2.161966156325544,88.94681708299758,2683.0,1241,0.0,2.16466826538769,34.57,红树林,红树林
Mare Imbrium Mine,17,17,5,2.2941176470588234,83.47058823529412,39.0,17,0.0,2.3703703703703702,29.41,雨海矿山,雨海矿山
Mare Nectaris Mine,17,17,4,2.3529411764705883,104.05882352941177,40.0,17,0.0,2.4074074074074074,23.53,酒海矿山,酒海矿山
Mare Nubium Mine,12,12,4,2.3333333333333335,97.16666666666667,28.0,12,0.0,2.409090909090909,33.33,云海矿山,云海矿山
Mare Serenitatis Mine,16,16,5,2.125,106.5625,34.0,16,0.0,2.269230769230769,31.25,澄海矿山,澄海矿山
Market Manipulation,951,951,291,2.3186119873817033,83.80336487907466,2205.0,951,0.0,2.3204994797086367,30.6,操控市场,操控市场
Marketing Experts,1093,1093,305,2.42451967063129,83.84537968892955,2650.0,1093,0.0,2.4252039891205803,27.9,营销专家,营销专家
Mars Hot Spring,1096,1096,338,2.3257299270072993,83.62408759124088,2549.0,1096,0.0,2.3273056057866186,30.84,火星温泉,火星温泉
Mars Nomads,404,404,125,2.383663366336634,84.40346534653466,963.0,404,0.0,2.3864734299516908,30.94,火星游牧者,火星游牧者
Mars University,1825,1825,568,2.3687671232876713,84.69589041095891,4323.0,1825,0.0,2.369482288828338,31.12,火星大学,火星大学
Martian Culture,528,528,188,2.212121212121212,92.88068181818181,1168.0,528,4.625,2.217472118959108,35.61,火星文化,火星文化
Martian Dust Processing Plant,498,498,148,2.36144578313253,87.33333333333333,1176.0,498,0.0,2.3641732283464565,29.72,粉尘加工厂,粉尘加工厂
Martian Embassy,1,1,0,3.0,100.0,3.0,1,0.0,2.5454545454545454,0.0,火星大使馆,火星大使馆
Martian Express,474,474,166,2.1561181434599157,89.72151898734177,1022.0,474,0.34177215189873417,2.1632231404958677,35.02,火星特快,火星特快
Martian Fencing,1589,1589,416,2.485210824417873,82.16991818753934,3949.0,1589,0.0,2.4853033145716075,26.18,火星击剑,火星击剑
Martian Lumber Corp,964,964,340,2.162863070539419,88.55290456431536,2085.0,964,0.0,2.166324435318275,35.27,火星木材公司,火星木材公司
Martian Media Center,355,355,93,2.5098591549295777,80.85352112676057,891.0,355,0.0,2.5095890410958903,26.2,火星媒体中心,火星媒体中心
Martian Monuments,222,222,76,2.225225225225225,92.97747747747748,494.0,222,0.0,2.2370689655172415,34.23,火星纪念碑,火星纪念碑
Martian Nature Wonders,946,946,318,2.211416490486258,90.223044397463,2092.0,946,0.0,2.2144351464435146,33.62,火星自然遗产,火星自然遗产
Martian Rails,351,351,104,2.4045584045584047,89.99430199430199,844.0,351,0.0,2.407202216066482,29.63,火星高铁,火星高铁
Martian Repository,719,719,226,2.3630041724617525,90.62865090403338,1699.0,719,10.03894297635605,2.364883401920439,31.43,火星仓库,火星仓库
Martian Survey,900,900,224,2.493333333333333,81.78777777777778,2244.0,900,0.0,2.4934065934065934,24.89,火星勘察,火星勘察
Martian Zoo,1082,1082,328,2.378927911275416,86.40480591497227,2574.0,1082,4.914972273567468,2.38003663003663,30.31,火星动物园,火星动物园
Mass Converter,1417,1417,516,2.211714890613973,90.43895553987296,3134.0,1417,0.0,2.2137351086194816,36.41,质能转换器,质能转换器
Maxwell Base,896,896,326,2.1439732142857144,94.76785714285714,1921.0,896,0.0,2.1479028697571745,36.38,麦克斯韦基地,麦克斯韦基地
Meat Industry,1479,1479,530,2.2170385395537524,90.25557809330628,3279.0,1479,0.0,2.218938885157824,35.84,肉类工业,肉类工业
Media Archives,1623,1623,537,2.2809611829944547,86.60320394331485,3702.0,1623,0.0,2.2823025107164727,33.09,多媒体档案库,多媒体档案库
Media Frenzy,3,3,2,2.0,-60.0,6.0,3,0.0,2.3846153846153846,66.67,媒体狂热,媒体狂热
Media Group,1673,1673,548,2.2910938433950987,85.10101613867305,3833.0,1673,0.0,2.2923351158645278,32.76,媒体团队,媒体团队
Medical Lab,1159,1159,340,2.3787748058671268,87.14322691975842,2757.0,1159,0.0,2.3798118049615056,29.34,医疗实验室,医疗实验室
Meltworks,462,462,115,2.4740259740259742,88.01731601731602,1143.0,462,0.0,2.4745762711864407,24.89,熔融工厂,熔融工厂
Mercenary Squad,3,3,1,2.3333333333333335,-94.66666666666667,7.0,3,0.0,2.4615384615384617,33.33,雇佣兵小队,雇佣兵小队
Mercurian Alloys,1558,1558,473,2.360718870346598,85.66431322207958,3678.0,1558,0.0,2.361607142857143,30.36,水星合金,水星合金
Metallic Asteroid,1479,1479,524,2.1724137931034484,86.16430020283975,3213.0,1479,0.0,2.1746138347884485,35.43,金属陨石,金属陨石
Methane From Titan,580,580,185,2.2241379310344827,91.6655172413793,1290.0,580,0.0,2.2288135593220337,31.9,来自泰坦的甲烷,来自泰坦的甲烷
Micro-Geodesics,12,12,4,2.4166666666666665,82.0,29.0,12,0.0,2.4545454545454546,33.33,微测地学,微测地学
Micro-Mills,387,387,98,2.498708010335917,81.86821705426357,967.0,387,0.0,2.4987405541561714,25.32,小型风车,小型风车
Microbiology Patents,1040,1040,299,2.3759615384615387,83.97788461538461,2471.0,1040,0.0,2.3771428571428572,28.75,微生物学专利,微生物学专利
Microgravimetry,11,11,4,2.0,103.27272727272727,22.0,11,8.818181818181818,2.238095238095238,36.36,微重力测量,微重力测量
Microgravity Nutrition,653,653,219,2.2404287901990814,89.99540581929556,1463.0,653,0.0,2.244343891402715,33.54,微重力营养学,微重力营养学
Microprobing Technology,19,19,4,2.789473684210526,84.78947368421052,53.0,19,0.0,2.689655172413793,21.05,微探测技术,微探测技术
Microsingularity Plant,4,4,3,1.75,127.75,7.0,4,0.0,2.2857142857142856,75.0,微奇点装置,微奇点装置
Mine,857,857,213,2.498249708284714,82.89031505250875,2141.0,857,0.0,2.4982698961937717,24.85,采矿,采矿
Mineral Deposit,1519,1519,445,2.3791968400263332,84.70572745227123,3614.0,1519,0.0,2.379986919555265,29.3,矿床,矿床
Mining Area,75,75,19,2.4,87.85333333333334,180.0,75,0.0,2.411764705882353,25.33,采矿区,采矿区
Mining Area:ares,1280,1280,429,2.26015625,86.41796875,2893.0,1280,0.0,2.262015503875969,33.52,Mining Area:ares,Mining Area:ares
Mining Colony,959,959,264,2.400417101147028,85.0354535974974,2302.0,959,0.0,2.4014447884416925,27.53,采矿殖民地,采矿殖民地
Mining Expedition,521,521,148,2.4088291746641075,81.70441458733205,1255.0,521,0.0,2.4105461393596985,28.41,矿业探险,矿业探险
Mining Market Insider,13,13,2,2.5384615384615383,-28.0,33.0,13,8.307692307692308,2.5217391304347827,15.38,矿业市场内幕,矿业市场内幕
Mining Quota,761,761,219,2.4231274638633375,87.7976346911958,1844.0,761,0.0,2.424124513618677,28.78,采矿配额,采矿配额
Mining Rights,119,119,42,2.2857142857142856,88.41176470588235,272.0,119,0.0,2.302325581395349,35.29,采矿权,采矿权
Mining Rights:ares,1413,1413,428,2.337579617834395,84.93842887473461,3303.0,1413,0.0,2.3387210119465918,30.29,Mining Rights:ares,Mining Rights:ares
Mining Robots Manuf. Center,15,15,6,2.4,102.8,36.0,15,0.0,2.44,40.0,采矿机器人制造中心,采矿机器人制造中心
Minority Refuge,1569,1569,462,2.349904397705545,84.29636711281071,3687.0,1569,0.0,2.35085497150095,29.45,少数民族难民,少数民族难民
Miranda Resort,1535,1535,478,2.365472312703583,86.55635179153094,3631.0,1535,0.0,2.3663430420711973,31.14,米兰达度假村,米兰达度假村
Mohole Area,56,56,15,2.357142857142857,82.16071428571429,132.0,56,0.0,2.378787878787879,26.79,超深钻区域,超深钻区域
Mohole Area:ares,486,486,138,2.314814814814815,78.86008230452676,1125.0,486,0.0,2.318548387096774,28.4,Mohole Area:ares,Mohole Area:ares
Mohole Lake,584,584,159,2.3510273972602738,80.63356164383562,1373.0,584,0.0,2.3535353535353534,27.23,莫霍湖,莫霍湖
Molecular Printing,1655,1655,559,2.230211480362538,87.62356495468278,3691.0,1655,0.0,2.231831831831832,33.78,分子打印,分子打印
Momentum Virium Habitat,6,6,0,3.1666666666666665,76.16666666666667,19.0,6,0.0,2.75,0.0,动能居住舱,动能居住舱
Monopoly,2,2,1,1.5,102.5,3.0,2,0.0,2.3333333333333335,50.0,垄断,垄断
Moon Tether,1031,1031,335,2.265761396702231,90.62366634335596,2336.0,1031,0.0,2.2680115273775217,32.49,地月连结,地月连结
Mooncrate Block Factory,6,6,3,1.8333333333333333,129.5,11.0,6,0.0,2.25,50.0,月球坑采石场,月球坑采石场
Mooncrate Convoys To Mars,4,4,1,2.25,78.5,9.0,4,0.0,2.4285714285714284,25.0,月球运输队前往火星,月球运输队前往火星
Moss,638,638,193,2.300940438871473,87.47335423197492,1468.0,638,0.0,2.3040123456790123,30.25,苔藓,苔藓
Museum of Early Colonisation,433,433,110,2.489607390300231,85.79214780600462,1078.0,433,0.0,2.489841986455982,25.4,殖民博物馆,殖民博物馆
Nanofoundry,520,520,189,2.1538461538461537,94.40192307692308,1120.0,520,0.0,2.160377358490566,36.35,纳米铸造厂,纳米铸造厂
Narrative Spin,13,13,6,1.9230769230769231,96.84615384615384,25.0,13,0.0,2.1739130434782608,46.15,叙事操控,叙事操控
Natural Preserve,77,77,23,2.2337662337662336,88.18181818181819,172.0,77,0.0,2.264367816091954,29.87,自然保护区,自然保护区
Natural Preserve:ares,930,930,255,2.3967741935483873,83.6258064516129,2229.0,930,0.0,2.3978723404255318,27.42,Natural Preserve:ares,Natural Preserve:ares
Neptunian Power Consultants,385,385,72,2.703896103896104,80.81558441558441,1041.0,385,6.150649350649351,2.69873417721519,18.7,海王星能源顾问,海王星能源顾问
Neutralizer Factory,1299,1299,435,2.2832948421862973,88.7197844495766,2966.0,1299,0.0,2.284950343773873,33.49,中和剂工厂,中和剂工厂
Neutrinograph,10,10,3,2.4,87.3,24.0,10,0.0,2.45,30.0,中微子成像,中微子成像
New Colony Planning Initiatives,17,17,3,2.2941176470588234,67.88235294117646,39.0,17,0.0,2.3703703703703702,17.65,New Colony Planning Initiatives,New Colony Planning Initiatives
New Holland,450,450,141,2.2577777777777777,87.76444444444445,1016.0,450,0.0,2.2630434782608697,31.33,新荷兰,新荷兰
New Partner,1141,1141,300,2.5354951796669587,77.81332164767747,2893.0,1141,0.0,2.535186794092094,26.29,新合伙人,新合伙人
New Venice,1182,1182,375,2.3214890016920475,86.65059221658207,2744.0,1182,0.0,2.322986577181208,31.73,新威尼斯,新威尼斯
Nightclubs,9,9,2,2.6666666666666665,94.44444444444444,24.0,9,0.0,2.5789473684210527,22.22,夜总会,夜总会
Nitrite Reducing Bacteria,612,612,183,2.331699346405229,85.4281045751634,1427.0,612,1.1094771241830066,2.334405144694534,29.9,亚硝酸盐还原菌,亚硝酸盐还原菌
Nitrogen from Titan,997,997,301,2.338014042126379,89.1394182547643,2331.0,997,0.0,2.339622641509434,30.19,土卫六氮气,土卫六氮气
Nitrogen-Rich Asteroid,664,664,245,2.1551204819277108,91.54668674698796,1431.0,664,0.0,2.1602373887240356,36.9,富氮小行星,富氮小行星
Nitrophilic Moss,554,554,192,2.223826714801444,85.50902527075812,1232.0,554,0.0,2.228723404255319,34.66,嗜中性苔藓,嗜中性苔藓
Nobel Labs,1094,1094,320,2.373857404021938,87.71755027422303,2597.0,1094,0.0,2.375,29.25,诺贝尔劳动奖,诺贝尔劳动奖
Noctis City,1023,1023,314,2.3088954056695994,86.69794721407625,2362.0,1023,0.0,2.3107454017424978,30.69,诺提斯城,诺提斯城
Noctis Farming,1397,1397,423,2.306370794559771,86.23550465282749,3222.0,1397,0.0,2.3077469793887704,30.28,诺提斯农耕,诺提斯农耕
Nuclear Power,831,831,232,2.436823104693141,84.28279181708784,2025.0,831,0.0,2.4375743162901307,27.92,核能,核能
Nuclear Zone,134,134,50,2.1791044776119404,85.50746268656717,292.0,134,0.0,2.201388888888889,37.31,核爆辐射区,核爆辐射区
Nuclear Zone:ares,1141,1141,317,2.382997370727432,80.77212971078002,2719.0,1141,0.0,2.384013900955691,27.78,Nuclear Zone:ares,Nuclear Zone:ares
Ocean City,1208,1208,398,2.2110927152317883,88.79221854304636,2671.0,1208,0.0,2.213464696223317,32.95,海洋城市,海洋城市
Ocean Farm,993,993,354,2.1953675730110773,87.59718026183283,2180.0,993,0.0,2.1984047856430706,35.65,海洋农场,海洋农场
Ocean Sanctuary,1464,1464,531,2.1598360655737703,89.24658469945355,3162.0,1464,4.975409836065574,2.162143826322931,36.27,海豚,海豚
Off-World City Living,4,4,0,3.25,79.0,13.0,4,0.0,2.7142857142857144,0.0,离地城市生活,离地城市生活
Off-World Tax Haven,5,5,4,1.2,105.6,6.0,5,0.0,2.066666666666667,80.0,外星避税天堂,外星避税天堂
Old World Mafia,6,6,2,2.8333333333333335,78.83333333333333,17.0,6,0.0,2.625,33.33,旧世界黑手党,旧世界黑手党
Olympus Conference,1916,1916,613,2.316283924843424,87.07567849686848,4438.0,1916,0.5026096033402923,2.3172377985462096,31.99,奥林巴斯峰会,奥林巴斯峰会
Omnicourt,1036,1036,316,2.3812741312741315,88.28281853281854,2467.0,1036,0.0,2.382409177820268,30.5,通用法庭,通用法庭
Open City,822,822,288,2.1581508515815084,90.35036496350365,1774.0,822,0.0,2.1622596153846154,35.04,开放的城市,开放的城市
Optimal Aerobraking,1360,1360,428,2.3419117647058822,84.57941176470588,3185.0,1360,0.0,2.343065693430657,31.47,最优的空气动力制动,最优的空气动力制动
Orbital Cleanup,1721,1721,522,2.3625798954096457,86.53515398024405,4066.0,1721,0.0,2.3633737723859043,30.33,轨道清洁,轨道清洁
Orbital Laboratories,1055,1055,312,2.3308056872037914,85.07298578199052,2459.0,1055,0.0,2.332394366197183,29.57,轨道实验室,轨道实验室
Orbital Laser Drill,19,19,5,2.3684210526315788,14.631578947368421,45.0,19,0.0,2.413793103448276,26.32,轨道激光钻,轨道激光钻
Orbital Power Grid,77,77,20,2.4025974025974026,89.0909090909091,185.0,77,0.0,2.413793103448276,25.97,轨道电网,轨道电网
Orbital Reflectors,605,605,191,2.304132231404959,85.79504132231405,1394.0,605,0.0,2.3073170731707315,31.57,轨道反射镜,轨道反射镜
Ore Processor,99,99,24,2.5353535353535355,80.75757575757575,251.0,99,0.0,2.532110091743119,24.24,矿石加工厂,矿石加工厂
Oumuamua Type Object Survey,1237,1237,342,2.4761519805982215,84.78092158447858,3063.0,1237,0.0,2.476343223736969,27.65,奥陌陌天体调查,奥陌陌天体调查
Outdoor Sports,756,756,206,2.462962962962963,86.51190476190476,1862.0,756,0.0,2.4634464751958225,27.25,户外运动,户外运动
Ozone Generators,149,149,49,2.3691275167785233,94.24161073825503,353.0,149,0.0,2.3773584905660377,32.89,臭氧生成器,臭氧生成器
PR Office,1101,1101,336,2.337874659400545,85.52861035422343,2574.0,1101,0.0,2.3393339333933394,30.52,公关办公室,公关办公室
Parliament Hall,338,338,96,2.3698224852071004,85.9171597633136,801.0,338,0.0,2.3735632183908044,28.4,议会大厅,议会大厅
Patent Manipulation,5,5,2,1.8,99.6,9.0,5,0.0,2.2666666666666666,40.0,专利操纵,专利操纵
Penguins,1273,1273,401,2.2804399057344855,87.92930086410055,2903.0,1273,3.3974862529457974,2.2821512081060016,31.5,企鹅,企鹅
Permafrost Extraction,449,449,144,2.249443207126949,86.22048997772829,1010.0,449,0.0,2.2549019607843137,32.07,冻土精炼,冻土精炼
Peroxide Power,929,929,288,2.3369214208826694,86.17115177610334,2171.0,929,0.0,2.3386581469648564,31.0,过氧化氢能源,过氧化氢能源
Personal Spacecruiser,9,9,4,2.111111111111111,89.88888888888889,19.0,9,0.4444444444444444,2.3157894736842106,44.44,个人太空巡洋舰,个人太空巡洋舰
Pets,1487,1487,463,2.2979152656355075,87.79085406859448,3417.0,1487,9.227975790181574,2.2992651970607882,31.14,宠物,宠物
Phobos Space Haven,840,840,235,2.4023809523809523,87.61785714285715,2018.0,840,0.0,2.4035294117647057,27.98,福波斯(火卫一)空间港,福波斯(火卫一)空间港
Physics Complex,439,439,117,2.503416856492027,87.85649202733485,1099.0,439,1.7198177676537585,2.5033407572383073,26.65,物理研究所,物理研究所
Pioneer Settlement,1253,1253,362,2.36073423782921,83.22027134876296,2958.0,1253,0.0,2.3618368962787013,28.89,定居点,定居点
Planetary Rights Buyout,1,1,0,3.0,76.0,3.0,1,0.0,2.5454545454545454,0.0,行星权利收购,行星权利收购
Plant Smuggling,1132,1132,385,2.2385159010600706,86.71378091872792,2534.0,1132,0.0,2.2408056042031523,34.01,植物走私集团,植物走私集团
Plant Tax,7,7,2,3.0,-112.0,21.0,7,0.0,2.7058823529411766,28.57,植物税,植物税
Plantation,1438,1438,441,2.3150208623087623,86.39568845618915,3329.0,1438,0.0,2.3162983425414363,30.67,种植园,种植园
Political Alliance,479,479,157,2.2818371607515657,87.49686847599165,1093.0,479,0.0,2.2862985685071573,32.78,政治结盟,政治结盟
Pollinators,422,422,139,2.2606635071090047,91.37203791469194,954.0,422,4.597156398104265,2.2662037037037037,32.94,授粉者,授粉者
Potatoes,837,837,215,2.5244922341696534,81.24850657108722,2113.0,837,0.0,2.524203069657615,25.69,土豆,土豆
Power Grid,161,161,46,2.4161490683229814,86.93167701863354,389.0,161,0.0,2.4210526315789473,28.57,电网,电网
Power Infrastructure,725,725,218,2.3475862068965516,87.34896551724138,1702.0,725,0.0,2.349659863945578,30.07,电力基础设置,电力基础设置
Power Plant,1186,1186,343,2.4258010118043845,82.70236087689713,2877.0,1186,0.0,2.4264214046822743,28.92,发电厂,发电厂
Power Plant:Pathfinders,590,590,174,2.3796610169491523,82.5135593220339,1404.0,590,0.0,2.381666666666667,29.49,Power Plant:Pathfinders,Power Plant:Pathfinders
Power Supply Consortium,594,594,186,2.3653198653198655,88.65993265993266,1405.0,594,0.0,2.3675496688741724,31.31,电力供应共同体,电力供应共同体
Predators,530,530,156,2.3358490566037737,91.31698113207547,1238.0,530,3.0547169811320756,2.338888888888889,29.43,捕食者,捕食者
Prefabrication of Human Habitats,420,420,120,2.3642857142857143,87.52857142857142,993.0,420,0.0,2.3674418604651164,28.57,房屋预制,房屋预制
Preliminary Darkside,20,20,7,2.5,101.15,50.0,20,0.0,2.5,35.0,暗面初步勘探,暗面初步勘探
Price Wars,10,10,4,2.0,102.4,20.0,10,0.0,2.25,40.0,价格战,价格战
Pride of the Earth Arkship,539,539,175,2.2653061224489797,94.00556586270872,1221.0,539,4.684601113172541,2.2695810564663024,32.47,地球方舟的骄傲,地球方舟的骄傲
Private Investigator,6,6,1,2.6666666666666665,-2.6666666666666665,16.0,6,0.0,2.5625,16.67,私人侦探,私人侦探
Private Military Contractor,7,7,3,2.142857142857143,99.71428571428571,15.0,7,0.8571428571428571,2.3529411764705883,42.86,私人军事承包商,私人军事承包商
Private Resorts,12,12,5,1.9166666666666667,98.08333333333333,23.0,12,0.0,2.1818181818181817,41.67,私人度假村,私人度假村
Private Security,264,264,74,2.518939393939394,85.81818181818181,665.0,264,0.0,2.5182481751824817,28.03,私人安保服务,私人安保服务
Processor Factory,169,169,47,2.378698224852071,89.53254437869822,402.0,169,3.698224852071006,2.3854748603351954,27.81,处理器工厂,处理器工厂
Productive Outpost,1193,1193,367,2.3235540653813915,87.09807208717518,2772.0,1193,0.0,2.3250207813798838,30.76,生产前哨站,生产前哨站
Project Inspection,1507,1507,455,2.3019243530192437,87.26410086264102,3469.0,1507,0.0,2.3032300593276203,30.19,项目检测,项目检测
Protected Growth,318,318,109,2.251572327044025,79.76100628930817,716.0,318,0.0,2.2591463414634148,34.28,受保护的生长,受保护的生长
Protected Habitats,712,712,229,2.2570224719101124,86.38904494382022,1607.0,712,0.0,2.260387811634349,32.16,受保护的栖息地,受保护的栖息地
Protected Valley,1107,1107,319,2.332429990966576,84.21409214092141,2582.0,1107,0.0,2.333930170098478,28.82,受保护的山脉,受保护的山脉
Psychrophiles,1036,1036,316,2.3436293436293436,83.99034749034749,2428.0,1036,1.1544401544401544,2.3451242829827916,30.5,嗜冷性细菌,嗜冷性细菌
Public Baths,890,890,268,2.401123595505618,82.77865168539326,2137.0,890,0.0,2.402222222222222,30.11,公共浴场,公共浴场
Public Celebrations,444,444,154,2.2364864864864864,86.88513513513513,993.0,444,0.0,2.2422907488986783,34.68,公开庆典,公开庆典
Public Spaceline,1158,1158,419,2.1934369602763386,90.38169257340242,2540.0,1158,0.0,2.1960616438356166,36.18,公共太空航线,公共太空航线
Public Sponsored Grant,1052,1052,329,2.3536121673003803,85.95152091254752,2476.0,1052,0.0,2.354990583804143,31.27,公共补贴,公共补贴
Quantum Communications,982,982,292,2.3930753564154785,88.73828920570264,2350.0,982,0.0,2.3941532258064515,29.74,量子通信,量子通信
Quantum Extractor,1335,1335,436,2.337827715355805,87.85093632958801,3121.0,1335,0.0,2.3390334572490707,32.66,量子提取,量子提取
Rad-Suits,965,965,273,2.4414507772020726,85.01865284974093,2356.0,965,0.0,2.442051282051282,28.29,镭射服,镭射服
Rad-chem Factory,1053,1053,319,2.3513770180436846,85.89838556505224,2476.0,1053,0.0,2.3527751646284103,30.29,辐射化学工厂,辐射化学工厂
Rare-Earth Elements,762,762,247,2.293963254593176,87.14435695538057,1748.0,762,0.0,2.2966321243523318,32.41,稀土元素,稀土元素
Reckless Detonation,7,7,1,2.7142857142857144,77.0,19.0,7,0.0,2.588235294117647,14.29,鲁莽引爆,鲁莽引爆
Recruitment,571,571,171,2.369527145359019,85.14535901926445,1353.0,571,0.0,2.3717728055077454,29.95,雇佣,雇佣
Red Appeasement,81,81,19,2.6419753086419755,80.49382716049382,214.0,81,0.0,2.6263736263736264,23.46,红色和解,红色和解
Red City,555,555,200,2.1873873873873872,88.36396396396397,1214.0,555,0.0,2.192920353982301,36.04,红城,红城
Red Ships,1636,1636,541,2.2732273838630808,86.02506112469437,3719.0,1636,0.0,2.27460510328068,33.07,红色舰队,红色舰队
Red Spot Observatory,1669,1669,565,2.2738166566806473,88.73457159976033,3795.0,1669,0.5200718993409227,2.275163787969029,33.85,红斑实验室,红斑实验室
Red Tourism Wave,794,794,285,2.177581863979849,88.48614609571788,1729.0,794,0.0,2.181592039800995,35.89,红色旅游风潮,红色旅游风潮
Refugee Camps,638,638,209,2.3087774294670846,85.99686520376176,1473.0,638,2.4905956112852663,2.3117283950617282,32.76,难民营,难民营
Rego Plastics,1356,1356,394,2.342182890855457,86.00811209439529,3176.0,1356,0.0,2.343338213762811,29.06,表土塑料,表土塑料
Regolith Eaters,584,584,138,2.4674657534246576,81.04109589041096,1441.0,584,1.4777397260273972,2.468013468013468,23.63,风化层蚕食者,风化层蚕食者
Release of Inert Gases,523,523,157,2.3422562141491396,89.31548757170172,1225.0,523,0.0,2.345215759849906,30.02,释放惰性气体,释放惰性气体
Research,1749,1749,534,2.3636363636363638,85.81761006289308,4134.0,1749,0.0,2.3644115974985787,30.53,研究,研究
Research & Development Hub,326,326,90,2.4539877300613497,86.50613496932516,800.0,326,7.343558282208589,2.455357142857143,27.61,研发中心,研发中心
Research Colony,1652,1652,498,2.3595641646489103,86.1725181598063,3898.0,1652,0.0,2.3604091456077017,30.15,研究殖民地,研究殖民地
Research Coordination,1303,1303,404,2.402916346891788,83.56945510360705,3131.0,1303,0.0,2.4036557501904037,31.01,研究环境,研究环境
Research Outpost,1778,1778,571,2.2879640044994374,85.99831271091114,4068.0,1778,0.0,2.289149888143177,32.11,科研前哨站,科研前哨站
Respiration Enhance,993,993,338,2.280966767371601,88.10976837865056,2265.0,993,0.0,2.2831505483549352,34.04,呼吸作用增强,呼吸作用增强
Restricted Area,142,142,53,2.1690140845070425,88.67605633802818,308.0,142,0.0,2.1907894736842106,37.32,管制区,管制区
Restricted Area:ares,1553,1553,493,2.330328396651642,85.34191886670959,3619.0,1553,0.0,2.331413947536788,31.75,Restricted Area:ares,Restricted Area:ares
Return to Abandoned Technology,1405,1405,416,2.3637010676156582,86.16512455516015,3321.0,1405,0.0,2.3646643109540637,29.61,废稿回收,废稿回收
Revolting Colonists,4,4,1,2.25,118.5,9.0,4,0.0,2.4285714285714284,25.0,叛乱殖民者,叛乱殖民者
Rey ... Skywalker?! (IX),289,289,66,2.5328719723183393,80.62629757785467,732.0,289,0.0,2.531772575250836,22.84,Rey ... Skywalker?! (IX),Rey ... Skywalker?! (IX)
Rich Deposits,418,418,116,2.5191387559808613,79.94258373205741,1053.0,418,0.0,2.5186915887850465,27.75,丰富矿藏,丰富矿藏
Rim Freighters,1145,1145,321,2.4305676855895197,84.78951965065502,2783.0,1145,0.0,2.431168831168831,28.03,里姆货船,里姆货船
Road Piracy,11,11,3,2.3636363636363638,107.0909090909091,26.0,11,0.0,2.4285714285714284,27.27,Road Piracy,Road Piracy
Robot Moles,3,3,0,3.0,77.33333333333333,9.0,3,1.6666666666666667,2.6153846153846154,0.0,机器人钻地鼠,机器人钻地鼠
Robot Pollinators,739,739,290,2.0757780784844386,91.28146143437077,1534.0,739,0.0,2.081441922563418,39.24,机器授粉者,机器授粉者
Robotic Workforce,792,792,224,2.4696969696969697,85.97853535353535,1956.0,792,0.0,2.470074812967581,28.28,机器人大军,机器人大军
Rotator Impacts,162,162,44,2.4012345679012346,80.6358024691358,389.0,162,0.08641975308641975,2.4069767441860463,27.16,回旋冲撞,回旋冲撞
Rover Construction,1738,1738,514,2.3394706559263523,85.39067894131185,4066.0,1738,0.0,2.3403890160183067,29.57,漫游者建设,漫游者建设
Rover Drivers Union,4,4,1,2.25,109.75,9.0,4,0.0,2.4285714285714284,25.0,流浪者司机工会,流浪者司机工会
Rust Eating Bacteria,339,339,91,2.353982300884956,82.98230088495575,798.0,339,8.766961651917404,2.358166189111748,26.84,锈蚀细菌,锈蚀细菌
SF Memorial,1555,1555,445,2.401929260450161,85.13890675241157,3735.0,1555,0.0,2.402555910543131,28.62,SF纪念碑,SF纪念碑
Sabotage,688,688,208,2.254360465116279,85.48837209302326,1551.0,688,0.0,2.2578796561604584,30.23,蓄意破坏,蓄意破坏
Satellites,1098,1098,314,2.45264116575592,85.13752276867031,2693.0,1098,0.0,2.453068592057762,28.6,卫星,卫星
Saturn Surfing,1609,1609,513,2.305158483530143,87.95773772529522,3709.0,1609,3.7277812305779987,2.3063619518221126,31.88,土星冲浪,土星冲浪
Scapegoat,15,15,5,2.466666666666667,58.266666666666666,37.0,15,0.0,2.48,33.33,替罪羊,替罪羊
Search For Life,1008,1008,262,2.5009920634920637,82.38194444444444,2521.0,1008,0.31646825396825395,2.5009823182711197,25.99,寻找生命,寻找生命
Search for Life Underground,6,6,2,2.1666666666666665,94.33333333333333,13.0,6,0.3333333333333333,2.375,33.33,地下生命搜寻,地下生命搜寻
Secret Labs,1351,1351,453,2.2590673575129534,88.35159141376758,3052.0,1351,0.0,2.2608376193975017,33.53,秘密实验室,秘密实验室
Security Fleet,242,242,73,2.4338842975206614,91.8305785123967,589.0,242,2.5289256198347108,2.4365079365079363,30.17,安保舰队,安保舰队
Self-replicating Robots,270,270,69,2.533333333333333,85.74074074074075,684.0,270,0.0,2.532142857142857,25.56,自我复制机器人,自我复制机器人
Server Sabotage,11,11,4,2.4545454545454546,80.27272727272727,27.0,11,0.0,2.4761904761904763,36.36,服务器破坏,服务器破坏
Shuttles,1413,1413,420,2.381457891012031,85.94338287331918,3365.0,1413,0.0,2.3822909346451158,29.72, 穿梭机,穿梭机
Sinus Irdium Road Network,9,9,5,1.6666666666666667,141.22222222222223,15.0,9,0.0,2.1052631578947367,55.56,彩虹湾高速路网,彩虹湾高速路网
Sister Planet Sponsors,1308,1308,408,2.3654434250764527,86.49617737003058,3094.0,1308,0.0,2.366464339908953,31.19,姊妹星球赞助,姊妹星球赞助
Sister Planet Support,1388,1388,458,2.3047550432276656,86.94740634005764,3199.0,1388,0.0,2.3061516452074393,33.0,姊妹星球支持,姊妹星球支持
Sky Docks,1660,1660,534,2.3265060240963855,86.83433734939759,3862.0,1660,0.0,2.3275449101796406,32.17,太空码头,太空码头
Small Animals,642,642,217,2.210280373831776,88.28816199376946,1419.0,642,2.9018691588785046,2.214723926380368,33.8,小动物,小动物
Small Asteroid,1050,1050,305,2.4047619047619047,83.32761904761905,2525.0,1050,0.0,2.4056603773584904,29.05,小型小行星,小型小行星
Small Comet,690,690,187,2.436231884057971,79.94927536231884,1681.0,690,0.0,2.4371428571428573,27.1,小彗星,小彗星
Small Duty Rovers,11,11,3,2.909090909090909,93.54545454545455,32.0,11,0.0,2.7142857142857144,27.27,小型履带车。,小型履带车。
Small Open Pit Mine,701,701,170,2.559201141226819,79.3166904422254,1794.0,701,0.0,2.5583684950773558,24.25,小采矿坑,小采矿坑
Snow Algae,294,294,88,2.326530612244898,85.35714285714286,684.0,294,0.0,2.3322368421052633,29.93,雪藻,雪藻
Social Events,211,211,98,1.9099526066350712,104.27014218009478,403.0,211,0.0,1.9366515837104072,46.45,社交活动,社交活动
Soil Detoxification,1019,1019,347,2.2070657507360156,85.89303238469087,2249.0,1019,0.0,2.2099125364431487,34.05,土壤净化,土壤净化
Soil Enrichment,1261,1261,466,2.1245043616177637,88.90087232355273,2679.0,1261,0.0,2.127458693941778,36.95,土壤改良,土壤改良
Soil Export,21,21,7,2.238095238095238,31.285714285714285,47.0,21,0.0,2.3225806451612905,33.33,土壤出口,土壤出口
Soil Factory,449,449,147,2.2383073496659245,91.85523385300668,1005.0,449,0.0,2.24400871459695,32.74,土壤工厂,土壤工厂
Soil Studies,1014,1014,344,2.175542406311637,87.19723865877712,2206.0,1014,0.0,2.1787109375,33.93,土壤研究,土壤研究
Solar Cosmic Rays,270,270,71,2.4703703703703703,81.43703703703704,667.0,270,0.0,2.4714285714285715,26.3,太阳射线,太阳射线
Solar Farm,1123,1123,369,2.27426536064114,84.81389136242208,2554.0,1123,0.0,2.2762577228596648,32.86,太阳能农场,太阳能农场
Solar Logistics,807,807,279,2.2342007434944238,91.12887236679059,1803.0,807,0.0,2.2374541003671973,34.57,太阳能物流,太阳能物流
Solar Panel Foundry,96,96,26,2.5625,85.94791666666667,246.0,96,0.0,2.556603773584906,27.08,太阳能电池铸造厂,太阳能电池铸造厂
Solar Power,1045,1045,285,2.425837320574163,82.86411483253589,2535.0,1045,0.0,2.4265402843601898,27.27,太阳能,太阳能
Solar Probe,1651,1651,533,2.3210175651120535,86.9327680193822,3832.0,1651,0.0,2.3220951234196265,32.28,太阳探测器,太阳探测器
Solar Reflectors,136,136,37,2.426470588235294,84.27941176470588,330.0,136,0.0,2.4315068493150687,27.21,太阳反射器,太阳反射器
Solar Storm,732,732,213,2.3401639344262297,83.48633879781421,1713.0,732,0.0,2.3423180592991915,29.1,太阳风暴,太阳风暴
Solar Wind Power,1713,1713,524,2.344424985405721,86.04319906596614,4016.0,1713,0.0,2.34532791642484,30.59,太阳风,太阳风
Solarnet,1372,1372,429,2.323615160349854,87.55830903790087,3188.0,1372,0.0,2.324891461649783,31.27,太阳系网络,太阳系网络
Solarpedia,241,241,89,2.2697095435684647,92.96680497925311,547.0,241,1.7676348547717842,2.2788844621513946,36.93,太阳系百科全书,太阳系百科全书
Soletta,68,68,12,2.6176470588235294,81.0,178.0,68,0.0,2.6025641025641026,17.65,索莱塔,索莱塔
Space Debris Cleaning Operation,1647,1647,503,2.347905282331512,83.96903460837888,3867.0,1647,0.0,2.3488231744115873,30.54,太空垃圾清理,太空垃圾清理
Space Elevator,997,997,247,2.497492477432297,85.35406218655967,2490.0,997,0.0,2.497517378351539,24.77,太空电梯,太空电梯
Space Hotels,958,958,274,2.4759916492693113,85.02087682672234,2372.0,958,0.0,2.4762396694214877,28.6,太空酒店,太空酒店
Space Mirrors,586,586,170,2.4044368600682593,83.82252559726962,1409.0,586,0.0,2.4060402684563758,29.01,太空镜,太空镜
Space Monster Park,1545,1545,507,2.3572815533980584,86.81747572815534,3642.0,1545,1.1527508090614886,2.3581993569131834,32.82,太空怪兽乐园,太空怪兽乐园
Space Port,942,942,316,2.2717622080679405,90.1443736730361,2140.0,942,0.0,2.274159663865546,33.55,太空港,太空港
Space Port Colony,1287,1287,386,2.2968142968142966,89.62082362082361,2956.0,1287,0.0,2.298380878951426,29.99,太空港殖民地,太空港殖民地
Space Privateers,1,1,0,4.0,59.0,4.0,1,5.0,2.6363636363636362,0.0,太空私掠者,太空私掠者
Space Relay,1482,1482,441,2.401484480431849,85.95681511470985,3559.0,1482,0.0,2.4021447721179623,29.76,太空中继站,太空中继站
Space Station,1748,1748,474,2.429633867276888,83.43020594965675,4247.0,1748,0.0,2.430034129692833,27.12,空间站,空间站
Space Wargames,921,921,325,2.222584147665581,90.74592833876221,2047.0,921,0.2768729641693811,2.225563909774436,35.29,太空战争游戏,太空战争游戏
Special Design,530,530,190,2.169811320754717,91.29245283018868,1150.0,530,0.0,2.175925925925926,35.85,特别构思,特别构思
Special Permit,484,484,162,2.2479338842975207,85.54132231404958,1088.0,484,0.0,2.2530364372469633,33.47,特别许可,特别许可
Specialized Settlement,1090,1090,357,2.276146788990826,86.49174311926606,2481.0,1090,0.0,2.2781818181818183,32.75,专业定居点,专业定居点
Sphere Habitats,9,9,4,2.0,111.88888888888889,18.0,9,0.0,2.263157894736842,44.44,球形栖息地,球形栖息地
Spin-Inducing Asteroid,560,560,155,2.482142857142857,80.41785714285714,1390.0,560,0.0,2.482456140350877,27.68,自旋牵引陨石,自旋牵引陨石
Spin-off Department,1456,1456,463,2.3365384615384617,86.3853021978022,3402.0,1456,0.0,2.3376534788540244,31.8,副产品部门,副产品部门
Sponsored Academies,1774,1774,540,2.3376550169109356,86.33089064261556,4147.0,1774,0.0,2.3385650224215246,30.44,学术赞助,学术赞助
Sponsored Mohole,221,221,62,2.3891402714932126,80.9366515837104,528.0,221,0.0,2.393939393939394,28.05,莫霍计划赞助,莫霍计划赞助
Sponsoring Nation,609,609,194,2.270935960591133,91.6896551724138,1383.0,609,0.0,2.274636510500808,31.86,主办国,主办国
Sponsors,1053,1053,288,2.5489078822412155,81.56125356125357,2684.0,1053,0.0,2.548447789275635,27.35,赞助商,赞助商
St. Joseph of Cupertino Mission,495,495,164,2.319191919191919,89.0969696969697,1148.0,495,0.0,2.3227722772277226,33.13,库比蒂诺圣约瑟夫传教团,库比蒂诺圣约瑟夫传教团
Staged Protests,1,1,0,2.0,106.0,2.0,1,0.0,2.4545454545454546,0.0, staged 抗议,staged 抗议
"Staging Station ""Behemoth""",6,6,1,2.1666666666666665,15.833333333333334,13.0,6,0.0,2.375,16.67,"Staging Station ""Behemoth""","Staging Station ""Behemoth"""
Standard Technology,1175,1175,345,2.3804255319148937,83.17617021276595,2797.0,1175,0.0,2.381434599156118,29.36,标准技术,标准技术
Standard Technology:u,6,6,3,2.3333333333333335,-7.5,14.0,6,0.0,2.4375,50.0,Standard Technology:u,Standard Technology:u
Stanford Torus,1273,1273,377,2.3982717989002356,87.0510604870385,3053.0,1273,0.0,2.3990646921278254,29.62,斯坦福环面,斯坦福环面
Star Vegas,5,5,1,2.4,76.4,12.0,5,0.0,2.466666666666667,20.0,星际维加斯,星际维加斯
Starcore Mining,1745,1745,583,2.3088825214899713,87.07106017191977,4029.0,1745,0.0,2.30997150997151,33.41,星核开采,星核开采
Steel Market Monopolists,4,4,2,2.25,135.0,9.0,4,0.0,2.4285714285714284,50.0,钢铁市场垄断者,钢铁市场垄断者
Steelworks,106,106,35,2.4716981132075473,89.60377358490567,262.0,106,0.0,2.4741379310344827,33.02,钢铁厂,钢铁厂
Stem Field Subsidies,9,9,3,2.4444444444444446,85.22222222222223,22.0,9,6.666666666666667,2.473684210526316,33.33,STEM领域补贴,STEM领域补贴
Stratopolis,407,407,120,2.388206388206388,89.24324324324324,972.0,407,4.255528255528255,2.3908872901678655,29.48,凌云之城,凌云之城
Stratospheric Birds,1170,1170,383,2.2452991452991453,91.01282051282051,2627.0,1170,5.5256410256410255,2.247457627118644,32.74,平流层的鸟类,平流层的鸟类
Stratospheric Expedition,1811,1811,583,2.297073440088349,87.19050248481501,4160.0,1811,0.0,2.298187808896211,32.19,平流层远征,平流层远征
Strip Mine,365,365,90,2.5424657534246577,79.31506849315069,928.0,365,0.0,2.541333333333333,24.66,露天矿场,露天矿场
Sub-Crust Measurements,1600,1600,494,2.37625,85.761875,3802.0,1600,0.0,2.3770186335403727,30.88,测量地壳,测量地壳
Sub-zero Salt Fish,548,548,186,2.198905109489051,91.11861313868613,1205.0,548,2.1423357664233578,2.204301075268817,33.94,零下咸鱼,零下咸鱼
Subnautic Pirates,8,8,2,2.875,-79.75,23.0,8,0.0,2.6666666666666665,25.0,水下海盗,水下海盗
Subterranean Habitats,7,7,2,2.857142857142857,105.57142857142857,20.0,7,0.0,2.6470588235294117,28.57,地下栖息地,地下栖息地
Subterranean Reservoir,868,868,262,2.3536866359447006,82.20506912442396,2043.0,868,0.0,2.355353075170843,30.18,地下水库,地下水库
Subterranean Sea,9,9,3,2.2222222222222223,87.33333333333333,20.0,9,0.0,2.3684210526315788,33.33,地下海,地下海
Sulphur Exports,920,920,299,2.2956521739130435,87.72608695652174,2112.0,920,0.0,2.2978494623655914,32.5,硫磺出口贸易,硫磺出口贸易
Sulphur-Eating Bacteria,1996,1996,683,2.2364729458917836,86.2565130260521,4464.0,1996,0.5020040080160321,2.2377866400797606,34.22,硫磺吞噬菌,硫磺吞噬菌
Summit Logistics,1260,1260,410,2.3055555555555554,86.5531746031746,2905.0,1260,0.0,2.3070866141732282,32.54,峰会后勤,峰会后勤
Supercapacitors,929,929,235,2.485468245425188,82.745963401507,2309.0,929,0.0,2.4856230031948883,25.3,超级电容,超级电容
Supermarkets,736,736,204,2.438858695652174,84.90625,1795.0,736,0.0,2.4396782841823055,27.72,超市,超市
Supported Research,1412,1412,421,2.3576487252124645,84.86543909348443,3329.0,1412,0.0,2.3586497890295357,29.82,受扶持的研究,受扶持的研究
Symbiotic Fungus,880,880,293,2.2329545454545454,86.2159090909091,1965.0,880,0.0,2.235955056179775,33.3,共生真菌,共生真菌
Syndicate Pirate Raids,12,12,3,2.3333333333333335,112.16666666666667,28.0,12,0.0,2.409090909090909,25.0,辛迪加海盗袭击,辛迪加海盗袭击
Takonda Castle (VII),862,862,283,2.2088167053364267,86.72041763341068,1904.0,862,0.0,2.2121559633027523,32.83,Takonda Castle (VII),Takonda Castle (VII)
Tardigrades,894,894,291,2.237136465324385,82.74384787472036,2000.0,894,5.7114093959731544,2.2400442477876106,32.55,缓步微生物,缓步微生物
Technology Demonstration,1817,1817,527,2.406714364336819,83.86846450192625,4373.0,1817,0.0,2.407224958949097,29.0,科学论证,科学论证
Tectonic Stress Power,781,781,215,2.440460947503201,86.46350832266326,1906.0,781,0.0,2.441213653603034,27.53,构造应力能源,构造应力能源
Terraforming Contract,708,708,221,2.346045197740113,85.14689265536722,1661.0,708,0.0,2.348189415041783,31.21,改造合同,改造合同
Terraforming Control Station,1663,1663,540,2.269993986770896,87.20264582080577,3775.0,1663,0.0,2.2713687985654514,32.47,改造控制站,改造控制站
Terraforming Ganymede,1076,1076,408,2.112453531598513,95.182156133829,2273.0,1076,0.0,2.116022099447514,37.92,改造木卫三,改造木卫三
Terraforming Robots,626,626,216,2.2252396166134187,93.1964856230032,1393.0,626,2.7252396166134187,2.229559748427673,34.5,改造机器人,改造机器人
Teslaract,311,311,106,2.2315112540192925,90.63987138263666,694.0,311,0.0,2.2398753894080996,34.08,泰斯拉立方体,泰斯拉立方体
The Womb,7,7,2,2.0,117.71428571428571,14.0,7,0.0,2.2941176470588234,28.57,起源之城,起源之城
Thermophiles,1011,1011,320,2.2759643916913945,88.24233432245302,2301.0,1011,0.9703264094955489,2.278158667972576,31.65,嗜热菌,嗜热菌
Think Tank,490,490,150,2.3346938775510204,89.73469387755102,1144.0,490,0.6326530612244898,2.338,30.61,智库,智库
Thiolava Vents,372,372,100,2.4086021505376345,82.40591397849462,896.0,372,9.731182795698924,2.410994764397906,26.88,硫熔岩喷口,硫熔岩喷口
Thorium Rush,17,17,7,1.9411764705882353,115.3529411764706,33.0,17,0.0,2.1481481481481484,41.18,钍金属狂潮,钍金属狂潮
Titan Air-scrapping,404,404,131,2.2475247524752477,94.61386138613861,908.0,404,0.5,2.253623188405797,32.43,处理泰坦空气,处理泰坦空气
Titan Floating Launch-pad,1035,1035,314,2.320772946859903,86.95072463768116,2402.0,1035,0.9120772946859903,2.322488038277512,30.34,泰坦漂浮物起飞平台,泰坦漂浮物起飞平台
Titan Manufacturing Colony,17,17,6,2.176470588235294,95.17647058823529,37.0,17,1.0,2.2962962962962963,35.29,钛制造殖民地,钛制造殖民地
Titan Shuttles,1233,1233,330,2.446066504460665,84.16139497161394,3016.0,1233,0.8248175182481752,2.4465004022526147,26.76,泰坦穿梭机,泰坦穿梭机
Titanium Extraction Center,1,1,0,4.0,92.0,4.0,1,0.0,2.6363636363636362,0.0,钛提取中心,钛提取中心
Titanium Market Monopolists,3,3,0,3.0,95.0,9.0,3,0.0,2.6153846153846154,0.0,钛市场垄断者,钛市场垄断者
Titanium Mine,945,945,243,2.5597883597883597,82.73650793650793,2419.0,945,0.0,2.5591623036649214,25.71,钛合金矿脉,钛合金矿脉
Toll Station,1253,1253,345,2.422984836392658,84.09736632083,3036.0,1253,0.0,2.423594615993666,27.53,收费站,收费站
Tool with the First Order (VIII),1037,1037,283,2.4705882352941178,81.93924783027965,2562.0,1037,0.0,2.4708691499522444,27.29,Tool with the First Order (VIII),Tool with the First Order (VIII)
Topsoil Contract,1904,1904,591,2.307247899159664,83.82563025210084,4393.0,1904,0.0,2.3082549634273772,31.04,表土合约,表土合约
Tosche Station (IV),428,428,135,2.235981308411215,87.30140186915888,957.0,428,0.0,2.2420091324200913,31.54,Tosche Station (IV),Tosche Station (IV)
Towing A Comet,953,953,310,2.236096537250787,84.09024134312696,2131.0,953,0.0,2.2388369678089304,32.53,牵引彗星,牵引彗星
Trade Embargo (I),149,149,53,2.261744966442953,89.1006711409396,337.0,149,0.0,2.2767295597484276,35.57,Trade Embargo (I),Trade Embargo (I)
Trade Envoys,688,688,180,2.4767441860465116,84.15697674418605,1704.0,688,0.0,2.477077363896848,26.16,贸易特使,贸易特使
Trading Colony,1127,1127,339,2.368234250221828,85.58473824312334,2669.0,1127,0.0,2.3693931398416885,30.08,交易殖民地,交易殖民地
Trans-Neptune Probe,1705,1705,453,2.43108504398827,85.13607038123168,4145.0,1705,0.0,2.431486880466472,26.57,海王星探测器,海王星探测器
Trantor,1591,1591,502,2.3356379635449405,86.25644248900063,3716.0,1591,0.0,2.3366645846346032,31.55,川陀,川陀
Trees,804,804,281,2.1940298507462686,89.1268656716418,1764.0,804,0.0,2.197788697788698,34.95,树,树
Tropical Resort,449,449,137,2.2739420935412027,88.728285077951,1021.0,449,0.0,2.2788671023965144,30.51,热带度假胜地,热带度假胜地
Tundra Farming,716,716,254,2.14804469273743,91.85474860335195,1538.0,716,0.0,2.152892561983471,35.47,冻原农耕,冻原农耕
Tunnel Boring Machine,9,9,2,2.3333333333333335,80.22222222222223,21.0,9,0.0,2.4210526315789473,22.22,隧道掘进机,隧道掘进机
Tunneling Loophole,2,2,1,2.5,109.5,5.0,2,0.0,2.5,50.0,Tunneling Loophole,Tunneling Loophole
Tunneling Subcontractor,10,10,4,2.1,32.6,21.0,10,0.0,2.3,40.0,隧道工程分包商,隧道工程分包商
Tycho Road Network,10,10,3,2.3,112.0,23.0,10,0.0,2.4,30.0,泰科街道网络,泰科街道网络
Underground Amusement Park,14,14,3,2.2857142857142856,42.857142857142854,32.0,14,0.0,2.375,21.43,地下游乐园,地下游乐园
Underground City,585,585,173,2.336752136752137,86.7897435897436,1367.0,585,0.0,2.339495798319328,29.57,地下城,地下城
Underground Detonations,85,85,32,2.176470588235294,99.09411764705882,185.0,85,0.0,2.210526315789474,37.65,地下爆破,地下爆破
Underground Detonators,19,19,8,2.1578947368421053,100.63157894736842,41.0,19,0.0,2.2758620689655173,42.11,地下炸弹,地下炸弹
Underground Habitat,18,18,5,2.3333333333333335,93.33333333333333,42.0,18,0.0,2.392857142857143,27.78,地下栖息地,地下栖息地
Underground Railway,5,5,4,1.4,117.2,7.0,5,0.0,2.1333333333333333,80.0,地下铁路,地下铁路
Underground Research Center,10,10,3,2.2,93.1,22.0,10,0.0,2.35,30.0,地下研究中心,地下研究中心
Underground Shelters,7,7,3,2.4285714285714284,88.0,17.0,7,0.0,2.4705882352941178,42.86,地下避难所,地下避难所
Underground Smuggling Ring,15,15,3,2.6,81.86666666666666,39.0,15,0.0,2.56,20.0,地下走私集团,地下走私集团
Undermoon Drug Lords Network,4,4,1,2.25,-2.75,9.0,4,0.0,2.4285714285714284,25.0,毒枭地下网络,毒枭地下网络
Unexpected Application,1497,1497,440,2.336005344021376,86.07147628590515,3497.0,1497,0.0,2.3370935633709355,29.39,意外应用,意外应用
Urban Decomposers,825,825,276,2.224242424242424,91.06545454545454,1835.0,825,0.0,2.2275449101796405,33.45,都市分解者,都市分解者
Urbanized Area,689,689,229,2.2336719883889695,91.05805515239477,1539.0,689,0.0,2.2374821173104436,33.24,城市化区域,城市化区域
Urgent Terraforming Command,684,684,263,2.057017543859649,89.80409356725146,1407.0,684,0.0,2.063400576368876,38.45,紧急改造令,紧急改造令
Venera Base,886,886,319,2.1433408577878104,91.51467268623024,1899.0,886,0.0,2.1473214285714284,36.0,金星基地,金星基地
Venus Allies,1195,1195,418,2.186610878661088,91.62845188284518,2613.0,1195,0.0,2.1892116182572616,34.98,金星盟友,金星盟友
Venus Governor,1506,1506,533,2.2284196547144752,88.12549800796813,3356.0,1506,0.0,2.230211081794195,35.39,金星总督,金星总督
Venus Magnetizer,614,614,209,2.198697068403909,89.40228013029316,1350.0,614,0.0,2.203525641025641,34.04,金星磁化器,金星磁化器
Venus Orbital Survey,1357,1357,380,2.456153279292557,85.57774502579218,3333.0,1357,0.0,2.4564740307242134,28.0,金星轨道勘测,金星轨道勘测
Venus Shuttles,919,919,331,2.2143634385201305,89.7442872687704,2035.0,919,0.0,2.217438105489774,36.02,金星穿梭机,金星穿梭机
Venus Soils,409,409,150,2.1246943765281174,93.56479217603912,869.0,409,0.0,2.1336515513126493,36.67,金星土壤,金星土壤
Venus Trade Hub,1386,1386,463,2.2554112554112553,88.55194805194805,3126.0,1386,0.0,2.257163323782235,33.41,金星贸易中心,金星贸易中心
Venus University,1609,1609,514,2.2970789310130515,87.82038533250466,3696.0,1609,0.0,2.298332303891291,31.95,金星大学,金星大学
Venus Waystation,1881,1881,595,2.3413078149920254,85.87985114300903,4404.0,1881,0.0,2.3421470121628767,31.63,金星中转站,金星中转站
Venusian Animals,1589,1589,555,2.2120830711139083,91.49465072372561,3515.0,1589,9.30396475770925,2.2138836772983113,34.93,金星动物,金星动物
Venusian Insects,1796,1796,604,2.2861915367483294,87.62193763919822,4106.0,1796,9.042873051224944,2.287375415282392,33.63,金星昆虫,金星昆虫
Venusian Plants,878,878,310,2.156036446469248,93.04897494305239,1893.0,878,0.0,2.15990990990991,35.31,金星植物,金星植物
Vermin,182,182,63,2.21978021978022,85.35164835164835,404.0,182,7.642857142857143,2.234375,34.62,害兽,害兽
Vesta Shipyard,1457,1457,409,2.417295813315031,85.88126286890872,3522.0,1457,0.0,2.41785957736878,28.07,维斯塔造船厂,维斯塔造船厂
Viral Enhancers,1911,1911,617,2.2888540031397175,85.82417582417582,4374.0,1911,0.0,2.2899531494013536,32.29,病毒增强,病毒增强
Virus,840,840,257,2.342857142857143,84.64285714285714,1968.0,840,0.0,2.344705882352941,30.6,病毒,病毒
Voltaic Metallurgy,654,654,222,2.3134556574923546,89.47094801223241,1513.0,654,0.0,2.316265060240964,33.94,伏打冶金,伏打冶金
Volunteer Mining Initiative,8,8,3,2.5,-79.875,20.0,8,0.0,2.5,37.5,志愿采矿倡议,志愿采矿倡议
Vote Of No Confidence,234,234,84,2.2264957264957266,84.88888888888889,521.0,234,0.0,2.237704918032787,35.9,不信任票,不信任票
WG Project,1022,1022,344,2.2436399217221137,86.94716242661448,2293.0,1022,0.0,2.246124031007752,33.66,WG 项目,WG 项目
Warp Drive,1465,1465,481,2.3030716723549487,89.2901023890785,3374.0,1465,0.0,2.304406779661017,32.83,曲率引擎,曲率引擎
Waste Incinerator,1507,1507,454,2.3364299933643,84.80358327803583,3521.0,1507,0.0,2.3375082399472644,30.13,垃圾焚烧站,垃圾焚烧站
Water Import From Europa,1240,1240,410,2.245967741935484,91.57661290322581,2785.0,1240,0.0,2.248,33.06,从欧罗巴(木卫二)注入水源,从欧罗巴(木卫二)注入水源
Water Splitting Plant,101,101,31,2.396039603960396,84.11881188118812,242.0,101,0.0,2.4054054054054053,30.69,海水分解装置,海水分解装置
Water Treatment Complex,10,10,1,2.3,101.8,23.0,10,0.0,2.4,10.0,水处理建筑群,水处理建筑群
Water to Venus,1082,1082,335,2.355822550831793,85.82809611829944,2549.0,1082,0.0,2.357142857142857,30.96,输送水源到金星,输送水源到金星
Wave Power,1031,1031,303,2.3511154219204657,85.86614936954413,2424.0,1031,0.0,2.3525456292026896,29.39,潮汐能源,潮汐能源
We Grow As One,46,46,16,2.1956521739130435,91.47826086956522,101.0,46,0.0,2.25,34.78,我们一起成长,我们一起成长
Wetlands,405,405,123,2.28641975308642,83.60740740740741,926.0,405,0.0,2.291566265060241,30.37,湿地,湿地
Whales,340,340,112,2.3,94.82352941176471,782.0,340,3.652941176470588,2.3057142857142856,32.94,鲸鱼,鲸鱼
Wildlife Dome,1316,1316,392,2.2857142857142856,83.60030395136778,3008.0,1316,0.0,2.2873303167420813,29.79,野生生物穹顶,野生生物穹顶
Windmills,1190,1190,329,2.403361344537815,84.22605042016806,2860.0,1190,0.0,2.404166666666667,27.65,风力发电,风力发电
Worms,717,717,263,2.1492329149232914,88.52440725244072,1541.0,717,0.0,2.154057771664374,36.68,蠕虫,蠕虫
Zeppelins,353,353,119,2.2974504249291785,90.56373937677054,811.0,353,0.0,2.303030303030303,33.71,齐柏林飞艇,齐柏林飞艇
奇物丰收,279,279,107,2.075268817204301,91.39426523297492,579.0,279,0.0,2.0899653979238755,38.35,奇物丰收,奇物丰收
星际碎屑,623,623,190,2.3723916532905296,85.79293739967898,1478.0,623,7.332263242375602,2.374407582938389,30.5,星际碎屑,星际碎屑
项目重整,549,549,158,2.471766848816029,85.28233151183971,1357.0,549,0.0,2.4722719141323792,28.78,项目重整,项目重整
🌸卉植繁茂🌸,443,443,143,2.2663656884875847,82.78103837471784,1004.0,443,0.0,2.271523178807947,32.28,🌸卉植繁茂🌸,卉植繁茂
🌸城电转能🌸,494,494,140,2.338056680161943,81.77935222672065,1155.0,494,0.0,2.3412698412698414,28.34,🌸城电转能🌸,城电转能
🌸建材援助🌸,355,355,94,2.4985915492957744,81.09295774647887,887.0,355,0.0,2.4986301369863013,26.48,🌸建材援助🌸,建材援助
🌸研究催化剂🌸,221,221,54,2.6515837104072397,79.42986425339366,586.0,221,0.0,2.645021645021645,24.43,🌸研究催化剂🌸,研究催化剂
🌸紧急回收站🌸,378,378,135,2.195767195767196,82.75132275132275,830.0,378,5.0396825396825395,2.2036082474226806,35.71,🌸紧急回收站🌸,紧急回收站
🌸置地丰收🌸,325,325,103,2.2615384615384615,82.00615384615385,735.0,325,0.0,2.2686567164179103,31.69,🌸置地丰收🌸,置地丰收
