card_name,games_2p,weighted_2p,games_4p,weighted_4p,cn_name,cn_name_plot
Magnetic Field Generators:ares,197,1.2907488986784141,437,2.1413276231263385,Magnetic Field Generators:ares,Magnetic Field Generators:ares
Herbivores,329,1.298050139275766,528,2.161290322580645,食草动物,食草动物
Extractor Balloons,194,1.3035714285714286,291,2.398753894080997,热气球提取器,热气球提取器
Nanofoundry,171,1.308457711442786,520,2.172727272727273,纳米铸造厂,纳米铸造厂
Large Ecological Reserve,374,1.3094059405940595,904,2.164882226980728,大型生态保护区,大型生态保护区
Voltaic Metallurgy,183,1.3098591549295775,654,2.3216374269005846,伏打冶金,伏打冶金
Terraforming Ganymede,550,1.3120689655172413,1076,2.122965641952984,改造木卫三,改造木卫三
Ecological Survey,436,1.3133047210300428,1139,2.240376390076989,生态调查,生态调查
Tool with the First Order (VIII),195,1.3155555555555556,1037,2.471415182755389,Tool with the First Order (VIII),Tool with the First Order (VIII)
Bactoviral Research,657,1.3187772925764192,1354,2.19364161849711,细菌病毒研究,细菌病毒研究
Lunar Observation Post,198,1.3201754385964912,770,2.4,月球观测站,月球观测站
Focused Organization,135,1.3212121212121213,463,2.561866125760649,专注组织,专注组织
Designed Organisms,396,1.3215962441314555,1116,2.1282722513089007,生物体设计,生物体设计
Clone Technology,402,1.3287037037037037,933,2.1526479750778815,克隆科技,克隆科技
St. Joseph of Cupertino Mission,371,1.3291770573566084,495,2.3295238095238093,库比蒂诺圣约瑟夫传教团,库比蒂诺圣约瑟夫传教团
Public Spaceline,234,1.3295454545454546,1158,2.201178451178451,公共太空航线,公共太空航线
Bioengineering Enclosure,276,1.3300653594771241,609,2.2785602503912363,生物工程组件,生物工程组件
Insulation,182,1.330188679245283,239,2.315985130111524,绝缘,绝缘
Urgent Terraforming Command,370,1.3325,684,2.0756302521008405,紧急改造令,紧急改造令
Butterfly Effect,159,1.3333333333333333,435,2.296774193548387,蝴蝶效应,蝴蝶效应
Ecological Zone:ares,449,1.336116910229645,1444,2.1601085481682496,Ecological Zone:ares,Ecological Zone:ares
Cloud Seeding,199,1.3362445414847162,233,2.4334600760456273,人工降雨,人工降雨
Hydrothermal Vent Archaea,473,1.337972166998012,1358,2.276657060518732,深海热泉细菌,深海热泉细菌
Project Inspection,583,1.3393148450244698,1507,2.305790500975927,项目检测,项目检测
AntiGravity Experiment,557,1.3407155025553663,1248,2.2034428794992174,反重力先行试验,反重力先行试验
Lake Marineris,231,1.3409961685823755,390,2.107142857142857,水手湖,水手湖
Community Worker,439,1.3411513859275053,1299,2.400300978179082,社区工作者,社区工作者
Equatorial Magnetizer,178,1.3413461538461537,220,2.324,赤道导磁体,赤道导磁体
Space Wargames,175,1.3414634146341464,921,2.231335436382755,太空战争游戏,太空战争游戏
Urban Decomposers,418,1.3415178571428572,825,2.2339181286549707,都市分解者,都市分解者
Cyanobacteria,350,1.3421052631578947,1214,2.215434083601286,蓝藻菌,蓝藻菌
Ice Cap Melting,186,1.3425925925925926,257,2.278745644599303,冰川融化,冰川融化
Social Events,180,1.3428571428571427,211,1.983402489626556,社交活动,社交活动
Darkside Observatory,133,1.343558282208589,319,2.4126074498567336,暗面天文台,暗面天文台
GHG Factories,153,1.3442622950819672,181,2.4786729857819907,温室气体工厂,温室气体工厂
Methane From Titan,460,1.3448979591836734,580,2.237704918032787,来自泰坦的甲烷,来自泰坦的甲烷
Martian Lumber Corp,454,1.3450413223140496,964,2.1730382293762576,火星木材公司,火星木材公司
Martian Nature Wonders,277,1.3452768729641693,946,2.2202868852459017,火星自然遗产,火星自然遗产
Mangrove,407,1.345537757437071,1241,2.169944925255704,红树林,红树林
Starcore Mining,644,1.3456973293768546,1745,2.312112676056338,星核开采,星核开采
Snow Algae,239,1.345724907063197,294,2.3425925925925926,雪藻,雪藻
Astra Mechanica,652,1.346041055718475,1666,2.2423349056603774,星械会,星械会
Steelworks,126,1.3461538461538463,106,2.4779411764705883,钢铁厂,钢铁厂
Capital:ares,302,1.3463855421686748,825,2.192982456140351,Capital:ares,Capital:ares
Dyson Screens,405,1.3471264367816091,1153,2.2967032967032965,戴森屏,戴森屏
Ceres Spaceport,356,1.3471502590673574,930,2.3375,谷神星太空港,谷神星太空港
Hay Maker,263,1.348122866894198,761,2.213653603034134,炎拳,炎拳
Ecology Research,471,1.3493013972055887,714,2.1088709677419355,生态学研究,生态学研究
Air Raid,468,1.3493975903614457,905,2.322994652406417,空袭,空袭
Solar Probe,652,1.3504398826979471,1651,2.324211778703153,太阳探测器,太阳探测器
Soil Factory,281,1.3504823151125402,449,2.2546972860125263,土壤工厂,土壤工厂
Anti-Gravity Technology,668,1.3524355300859598,1384,2.1732673267326734,反重力科技,反重力科技
Sulphur Exports,514,1.3547794117647058,920,2.3021052631578947,硫磺出口贸易,硫磺出口贸易
Teslaract,249,1.3548387096774193,311,2.2551319648093844,泰斯拉立方体,泰斯拉立方体
Noctis Farming,494,1.3549618320610688,1397,2.3104414856341977,诺提斯农耕,诺提斯农耕
Jovian Lanterns,336,1.355191256830601,729,2.270092226613966,木星灯,木星灯
Tundra Farming,381,1.3552311435523114,716,2.1621983914209117,冻原农耕,冻原农耕
Luxury Foods,457,1.3552361396303902,968,2.3016032064128256,奢靡大餐,奢靡大餐
Cassini Station,257,1.3554006968641115,730,2.335526315789474,卡西尼太空站,卡西尼太空站
Martian Fencing,535,1.3557522123893806,1589,2.4854848672019765,火星击剑,火星击剑
Protected Growth,178,1.3557692307692308,318,2.2729885057471266,受保护的生长,受保护的生长
Energy Supply,355,1.3558441558441559,1091,2.328278322925959,电力补给,电力补给
Open City,380,1.3560975609756099,822,2.17018779342723,开放的城市,开放的城市
Power Plant,542,1.3566433566433567,1186,2.4276315789473686,发电厂,发电厂
Space Monster Park,581,1.3567921440261865,1545,2.36,太空怪兽乐园,太空怪兽乐园
Insects,473,1.3578528827037772,853,2.1098527746319364,昆虫,昆虫
Expedition to the Surface - Venus,444,1.358649789029536,1325,2.249446494464945,金星表面探险,金星表面探险
Breeding Farms,257,1.3588850174216027,578,2.2335526315789473,养殖农场,养殖农场
Titan Air-scrapping,290,1.359375,404,2.2649769585253456,处理泰坦空气,处理泰坦空气
Fish,412,1.3597285067873304,818,2.2358490566037736,鱼,鱼
Aerosport Tournament,273,1.3597359735973598,621,2.119815668202765,航空运动锦标赛,航空运动锦标赛
Maxwell Base,462,1.3597560975609757,896,2.1555075593952484,麦克斯韦基地,麦克斯韦基地
Respiration Enhance,384,1.3599033816425121,993,2.2873900293255134,呼吸作用增强,呼吸作用增强
Venus Magnetizer,306,1.3601190476190477,614,2.2127329192546585,金星磁化器,金星磁化器
Security Fleet,217,1.360323886639676,242,2.4411764705882355,安保舰队,安保舰队
L1 Trade Terminal,586,1.3603896103896105,976,2.275347912524851,L1 贸易终端,L1 贸易终端
Nitrogen-Rich Asteroid,443,1.3615221987315012,664,2.170028818443804,富氮小行星,富氮小行星
Public Baths,357,1.3617571059431524,890,2.4043478260869566,公共浴场,公共浴场
Luxury Estate,348,1.3624338624338623,1005,2.1826086956521737,豪华别墅,豪华别墅
Zeppelins,254,1.3626760563380282,353,2.31331592689295,齐柏林飞艇,齐柏林飞艇
Venus Soils,339,1.3631436314363143,409,2.150341685649203,金星土壤,金星土壤
Takonda Castle (VII),193,1.3632286995515694,862,2.218609865470852,Takonda Castle (VII),Takonda Castle (VII)
Plant Smuggling,482,1.36328125,1132,2.2452667814113596,植物走私集团,植物走私集团
Titan Shuttles,526,1.3633093525179856,1233,2.447347585114806,泰坦穿梭机,泰坦穿梭机
Magnetic Field Dome,270,1.3633333333333333,511,2.3160813308687613,磁力区域圆顶,磁力区域圆顶
Nitrogen from Titan,484,1.3638132295719845,997,2.3427458617332033,土卫六氮气,土卫六氮气
Think Tank,253,1.3639575971731448,490,2.3442307692307693,智库,智库
Venus Trade Hub,677,1.3649222065063649,1386,2.260593220338983,金星贸易中心,金星贸易中心
Harvest,548,1.3650519031141868,1311,2.162565249813572,丰收,丰收
Interplanetary Transport,337,1.3651226158038148,1067,2.283500455788514,星际运输,星际运输
Market Manipulation,375,1.365432098765432,951,2.324159021406728,操控市场,操控市场
Commercial District:ares,353,1.3655352480417755,897,2.349514563106796,Commercial District:ares,Commercial District:ares
Hi-Tech Lab,525,1.3657657657657658,932,2.424116424116424,高科技实验室,高科技实验室
Ocean Sanctuary,440,1.3659574468085107,1464,2.1666666666666665,海豚,海豚
Data Leak,205,1.3659574468085107,445,2.2757894736842106,数据泄露,数据泄露
Io Mining Industries,623,1.3660030627871362,1032,2.3465160075329567,木卫一矿业,木卫一矿业
Robot Pollinators,445,1.3663157894736842,739,2.092327698309493,机器授粉者,机器授粉者
Energy Station,382,1.366504854368932,1159,2.3448275862068964,能源站,能源站
Molecular Printing,551,1.3666092943201378,1655,2.2350148367952523,分子打印,分子打印
Water Splitting Plant,120,1.3666666666666667,101,2.4198473282442747,海水分解装置,海水分解装置
Martian Monuments,169,1.3668341708542713,222,2.257936507936508,火星纪念碑,火星纪念碑
Vermin,139,1.3668639053254439,182,2.259433962264151,害兽,害兽
Refugee Camps,275,1.3672131147540985,638,2.317365269461078,难民营,难民营
Hyperspace Drive Prototype,185,1.3674418604651162,1098,2.4361702127659575,超空间驱动原型,超空间驱动原型
Lunar Embassy,370,1.3675,1004,2.2127659574468086,月球大使馆,月球大使馆
Worms,457,1.3675564681724846,717,2.1633199464524764,蠕虫,蠕虫
Carbonate Processing,193,1.3677130044843049,305,2.319402985074627,碳酸盐处理,碳酸盐处理
Cloud City (V),239,1.3680297397769516,1164,2.2613065326633164,Cloud City (V),Cloud City (V)
Carbon Nanosystems,709,1.368064952638701,1732,2.3359818388195235,碳纳米系统,碳纳米系统
Advanced Ecosystems,554,1.3681506849315068,1321,2.2190969652109547,先进的生态系统,先进的生态系统
Solarnet,654,1.368421052631579,1372,2.327389443651926,太阳系网络,太阳系网络
Space Port Colony,594,1.3685897435897436,1287,2.301442672741078,太空港殖民地,太空港殖民地
Pride of the Earth Arkship,214,1.3688524590163935,539,2.2776801405975395,地球方舟的骄傲,地球方舟的骄傲
Fusion Power,523,1.3688969258589512,732,2.4488188976377954,聚变能源,聚变能源
Fleet Recycling,241,1.3690036900369005,1036,2.2879924953095685,飞船回收,飞船回收
Freyja Biodomes,455,1.3690721649484536,947,2.143295803480041,弗雷雅生态馆,弗雷雅生态馆
Pets,555,1.3692307692307693,1487,2.301911667765326,宠物,宠物
Ganymede Colony,633,1.3695324283559578,1431,2.2197125256673513,木卫三殖民地,木卫三殖民地
Symbiotic Fungus,489,1.369942196531792,880,2.241758241758242,共生真菌,共生真菌
City Parks,286,1.370253164556962,423,2.0397350993377485,城市公园,城市公园
Luna Metropolis,656,1.370262390670554,1266,2.376543209876543,月神都会,月神都会
Noctis City,475,1.3702970297029704,1023,2.314339981006648,诺提斯城,诺提斯城
Venus Allies,531,1.3707664884135473,1195,2.1942857142857144,金星盟友,金星盟友
Productive Outpost,531,1.3707664884135473,1193,2.327882256745707,生产前哨站,生产前哨站
Agro-Drones,121,1.3708609271523178,137,2.3832335329341316,农业无人机,农业无人机
Meat Industry,646,1.371301775147929,1479,2.2226640159045727,肉类工业,肉类工业
Minority Refuge,581,1.3715220949263502,1569,2.352720450281426,少数民族难民,少数民族难民
Spin-off Department,594,1.3717948717948718,1456,2.3398384925975773,副产品部门,副产品部门
Nobel Labs,419,1.3719376391982183,1094,2.377224199288256,诺贝尔劳动奖,诺贝尔劳动奖
New Venice,389,1.3723150357995226,1182,2.325907590759076,新威尼斯,新威尼斯
Breathing Filters,499,1.3724007561436673,1155,2.3645569620253166,呼吸过滤器,呼吸过滤器
Galilean Waystation,394,1.3726415094339623,1005,2.463768115942029,伽利略中转站,伽利略中转站
Imported Nitrogen,622,1.3726993865030674,1374,2.1481481481481484,引入氮气,引入氮气
Deimos Down:promo,120,1.3733333333333333,117,2.3469387755102042,Deimos Down:promo,Deimos Down:promo
Media Archives,610,1.3734375,1623,2.2849364791288567,多媒体档案库,多媒体档案库
Imported Nutrients,607,1.3736263736263736,1469,2.2141427618412273,营养物输入,营养物输入
Battery Factory,168,1.3737373737373737,635,2.3714285714285714,电池工厂,电池工厂
Nitrophilic Moss,366,1.3737373737373737,554,2.238013698630137,嗜中性苔藓,嗜中性苔藓
Microgravity Nutrition,355,1.374025974025974,653,2.2518301610541727,微重力营养学,微重力营养学
Plantation,459,1.3742331288343559,1438,2.318801089918256,种植园,种植园
Small Comet,189,1.3744292237442923,690,2.438888888888889,小彗星,小彗星
Restricted Area,197,1.3744493392070485,142,2.2267441860465116,管制区,管制区
Predators,293,1.3746130030959753,530,2.344642857142857,捕食者,捕食者
Titan Floating Launch-pad,418,1.375,1035,2.3258215962441313,泰坦漂浮物起飞平台,泰坦漂浮物起飞平台
Rare-Earth Elements,258,1.375,762,2.301767676767677,稀土元素,稀土元素
Ansible,511,1.3752310536044363,1186,2.4177631578947367,安塞波,安塞波
Solarpedia,215,1.3755102040816327,241,2.2952029520295203,太阳系百科全书,太阳系百科全书
Ice Asteroid,404,1.3755760368663594,935,2.3181347150259066,结冰行星,结冰行星
WG Project,167,1.3756345177664975,1022,2.2509505703422055,WG 项目,WG 项目
Kickstarter,276,1.3758169934640523,985,2.316256157635468,KS众筹,KS众筹
Neutralizer Factory,494,1.3759541984732824,1299,2.288186606471031,中和剂工厂,中和剂工厂
Special Design,297,1.3761467889908257,530,2.1875,特别构思,特别构思
Crash Site Cleanup,281,1.3762057877813505,950,2.2224489795918365,陨石坑清洁,陨石坑清洁
Stratospheric Expedition,690,1.3763888888888889,1811,2.300380228136882,平流层远征,平流层远征
Sub-zero Salt Fish,326,1.3764044943820224,548,2.2145328719723185,零下咸鱼,零下咸鱼
Nuclear Zone:ares,318,1.3764367816091954,1141,2.3859948761742102,Nuclear Zone:ares,Nuclear Zone:ares
Great Dam:promo,132,1.376543209876543,106,2.426470588235294,Great Dam:promo,Great Dam:promo
Atmoscoop,607,1.3767660910518054,1420,2.1958620689655173,大气束缚场,大气束缚场
Permafrost Extraction,238,1.376865671641791,449,2.2651356993736953,冻土精炼,冻土精炼
Cow,495,1.3771428571428572,1368,2.32689556509299,奶牛,奶牛
Expedition Vehicles,190,1.3772727272727272,802,2.313701923076923,远征车,远征车
奇物丰收,190,1.3772727272727272,279,2.116504854368932,奇物丰收,奇物丰收
Directed Heat Usage,497,1.3776091081593929,1183,2.2951360263808738,热能定向利用,热能定向利用
Venus Shuttles,473,1.3777335984095427,919,2.2233930453108535,金星穿梭机,金星穿梭机
Asteroid Mining Consortium,518,1.3777372262773722,845,2.4445714285714284,行星采矿财团,行星采矿财团
Soil Studies,359,1.3778920308483291,1014,2.1848659003831417,土壤研究,土壤研究
Fall of Sunrise,470,1.378,1408,2.3066759388038944,拂晓陨落,拂晓陨落
Power Plant:Pathfinders,237,1.3782771535580525,590,2.3854838709677417,Power Plant:Pathfinders,Power Plant:Pathfinders
Anthozoa,234,1.378787878787879,580,2.262295081967213,珊瑚动物,珊瑚动物
Orbital Cleanup,730,1.3789473684210527,1721,2.3649343232438604,轨道清洁,轨道清洁
星际碎屑,239,1.379182156133829,623,2.378254211332312,星际碎屑,星际碎屑
Floater Prototypes,537,1.379188712522046,1236,2.3933649289099526,造云原型机,造云原型机
Venusian Plants,405,1.3793103448275863,878,2.1674008810572687,金星植物,金星植物
Thiolava Vents,107,1.3795620437956204,372,2.415422885572139,硫熔岩喷口,硫熔岩喷口
Farming,386,1.3798076923076923,769,2.181476846057572,农业,农业
Underground City,399,1.3799533799533799,585,2.3447154471544716,地下城,地下城
Aerobraked Ammonia Asteroid,220,1.38,127,2.3630573248407645,氮气小行星,氮气小行星
Adaptation Technology,425,1.3802197802197802,680,2.454929577464789,适应性技术,适应性技术
Floating Refinery,588,1.3802588996763754,1511,2.176508760545101,漂浮精炼厂,漂浮精炼厂
Lunar Beam,359,1.3804627249357326,557,2.4565587734241907,月球射线,月球射线
Black Polar Dust,196,1.3805309734513274,335,2.3424657534246576,黑色的极地尘埃,黑色的极地尘埃
Space Station,705,1.380952380952381,1748,2.4308211473565806,空间站,空间站
Water Import From Europa,600,1.380952380952381,1240,2.251968503937008,从欧罗巴(木卫二)注入水源,从欧罗巴(木卫二)注入水源
Caretaker Contract,180,1.380952380952381,194,2.25,监护合约,监护合约
Kaguya Tech,621,1.380952380952381,1319,2.177909562638992,辉夜科技,辉夜科技
Geological Survey,332,1.3812154696132597,872,2.382483370288248,地质调查,地质调查
Research Outpost,741,1.3813229571984436,1778,2.291482300884956,科研前哨站,科研前哨站
Soil Enrichment,518,1.3813868613138687,1261,2.1332300542215337,土壤改良,土壤改良
Ceres Tech Market,615,1.3813953488372093,1638,2.407074340527578,谷神星科技市场,谷神星科技市场
Solar Farm,447,1.3815513626834381,1123,2.280138768430182,太阳能农场,太阳能农场
Mohole Lake,350,1.381578947368421,584,2.3583061889250816,莫霍湖,莫霍湖
Magnetic Shield,431,1.3817787418655099,741,2.223086900129702,磁屏,磁屏
Energy Market,564,1.3821548821548821,1562,2.2493718592964824,能源市场,能源市场
Thermophiles,454,1.3822314049586777,1011,2.282420749279539,嗜热菌,嗜热菌
Martian Repository,310,1.3823529411764706,719,2.3684913217623498,火星仓库,火星仓库
Pollinators,221,1.3824701195219125,422,2.2765486725663715,授粉者,授粉者
Protected Valley,471,1.3832335329341316,1107,2.3368513632365877,受保护的山脉,受保护的山脉
Lunar Steel,257,1.3832752613240418,852,2.4036281179138324,月钢,月钢
Communication Center,395,1.383529411764706,633,2.3182503770739067,通讯中心,通讯中心
Border Checkpoint,520,1.3836363636363636,1193,2.356500408830744,边境检查站,边境检查站
Nuclear Zone,129,1.3836477987421383,134,2.2378048780487805,核爆辐射区,核爆辐射区
Space Relay,439,1.3837953091684434,1482,2.4034391534391535,太空中继站,太空中继站
GHG Import From Venus,353,1.3838120104438643,374,2.3044554455445545,从金星导入温室气体,从金星导入温室气体
Supermarkets,345,1.384,736,2.441253263707572,超市,超市
Venusian Insects,675,1.3843971631205674,1796,2.2897042716319826,金星昆虫,金星昆虫
AI Central,716,1.3847184986595173,1329,2.4687270051508463,人工智能核心,人工智能核心
Geological Expedition,378,1.3848039215686274,1079,2.284941388638413,地质探险,地质探险
Ishtar Expedition,666,1.3850574712643677,1691,2.2033701336432308,伊什塔尔远征,伊什塔尔远征
Grass,458,1.3852459016393444,961,2.253279515640767,草,草
Giant Ice Asteroid,419,1.3853006681514477,888,2.2854030501089326,巨冰行星,巨冰行星
Venusian Animals,707,1.3853459972862958,1589,2.2174181593576283,金星动物,金星动物
Jupiter Floating Station,538,1.3855633802816902,1232,2.2916006339144217,木星浮动站,木星浮动站
Ocean Farm,320,1.3857142857142857,993,2.204301075268817,海洋农场,海洋农场
Museum of Early Colonisation,237,1.3857677902621723,433,2.490280777537797,殖民博物馆,殖民博物馆
Botanical Experience,281,1.3858520900321543,970,2.381,植物专业知识,植物专业知识
Penguins,496,1.3859315589353611,1273,2.2854950115118955,企鹅,企鹅
Trees,405,1.3862068965517242,804,2.2050359712230216,树,树
GMO Contract,190,1.3863636363636365,1578,2.263059701492537,转基因生物合约,转基因生物合约
Algae,422,1.3871681415929205,859,2.277840269966254,海藻,海藻
Controlled Bloom,383,1.387409200968523,1343,2.2265112891478513,爆破控制,爆破控制
Mining Expedition,272,1.3874172185430464,521,2.413793103448276,矿业探险,矿业探险
Robotic Workforce,530,1.3875,792,2.4708029197080292,机器人大军,机器人大军
Gene Repair,610,1.3875,1327,2.395725865880619,基因修复,基因修复
Comet for Venus,455,1.3876288659793814,908,2.3891257995735606,飞向金星的彗星,飞向金星的彗星
Earth Office,651,1.3876651982378854,1698,2.2887731481481484,地球办公室,地球办公室
Callisto Penal Mines,509,1.3877551020408163,931,2.420395421436004,木卫四开采法,木卫四开采法
Venus University,578,1.388157894736842,1609,2.300793166564979,金星大学,金星大学
Outdoor Sports,359,1.3881748071979434,756,2.464376590330789,户外运动,户外运动
Cultivation of Venus,374,1.3886138613861385,936,2.198757763975155,金星育种,金星育种
Space Debris Cleaning Operation,446,1.388655462184874,1647,2.3506261180679786,太空垃圾清理,太空垃圾清理
Kelp Farming,464,1.388663967611336,1133,2.244196044711952,养殖海藻,养殖海藻
Diversity Support,289,1.3887147335423198,438,2.0641025641025643,多样性扶持,多样性扶持
Viral Enhancers,739,1.388816644993498,1911,2.2921174652241114,病毒增强,病毒增强
Red Tourism Wave,114,1.3888888888888888,794,2.1893203883495147,红色旅游风潮,红色旅游风潮
Prefabrication of Human Habitats,258,1.3888888888888888,420,2.3733333333333335,房屋预制,房屋预制
Trantor,551,1.3889845094664373,1591,2.338679827267119,川陀,川陀
Lunar Mining,533,1.38898756660746,942,2.3631687242798356,月球挖掘,月球挖掘
Lichen,335,1.389041095890411,662,2.302023121387283,青苔,青苔
Rich Deposits,209,1.389121338912134,418,2.517857142857143,丰富矿藏,丰富矿藏
Cartel,620,1.3892307692307693,1017,2.3543457497612224,同业联盟,同业联盟
Copernicus Solar Arrays,119,1.389261744966443,427,2.5798687089715537,哥白尼太阳能电池,哥白尼太阳能电池
Cloud Tourism,653,1.389458272327965,1370,2.2785714285714285,云端旅游,云端旅游
Corona Extractor,573,1.3897180762852404,965,2.3537688442211055,日冕提取器,日冕提取器
Corroder Suits,596,1.389776357827476,1147,2.3738317757009346,防护服,防护服
Advanced Power Grid,306,1.3898809523809523,685,2.3916083916083917,电网改进,电网改进
Convoy From Europa,570,1.39,1312,2.3837555886736213,木卫二护航队,木卫二护航队
Small Asteroid,467,1.3903420523138832,1050,2.4074074074074074,小型小行星,小型小行星
Huygens Observatory,426,1.3903508771929824,1365,2.2688172043010755,惠更斯天文台,惠更斯天文台
Community Services,249,1.3906810035842294,406,2.467889908256881,社区服务,社区服务
Io Sulphur Research,679,1.3906911142454161,1517,2.318681318681319,木卫一的硫磺研究,木卫一的硫磺研究
Interplanetary Alliance,597,1.390749601275917,1663,2.2787950383933846,星际联邦,星际联邦
Rover Construction,593,1.391653290529695,1738,2.3421945701357467,漫游者建设,漫游者建设
Rad-chem Factory,427,1.3916849015317287,1053,2.355493998153278,辐射化学工厂,辐射化学工厂
Small Animals,335,1.3917808219178083,642,2.2232142857142856,小动物,小动物
Topsoil Contract,751,1.3918053777208708,1904,2.31023784901758,表土合约,表土合约
Terraforming Control Station,511,1.3918669131238448,1663,2.2740696987595985,改造控制站,改造控制站
Tosche Station (IV),118,1.3918918918918919,428,2.2532751091703056,Tosche Station (IV),Tosche Station (IV)
Virus,470,1.392,840,2.3482758620689657,病毒,病毒
Invention Contest,699,1.392318244170096,1778,2.362278761061947,发明竞争,发明竞争
Heather,439,1.392324093816631,851,2.209988649262202,帚石楠,帚石楠
Dusk Laser Mining,681,1.3924050632911393,1549,2.3628879037365422,黄昏激光矿业,黄昏激光矿业
Decomposers,663,1.3924963924963925,1708,2.2600690448791716,分解者,分解者
Stratopolis,375,1.3925925925925926,407,2.3958810068649887,凌云之城,凌云之城
Tropical Resort,324,1.3926553672316384,449,2.288100208768267,热带度假胜地,热带度假胜地
Bio-Fertilizer Facility,474,1.3928571428571428,1518,2.2235142118863047,肥料工厂,肥料工厂
Olympus Conference,751,1.3930857874519846,1916,2.3191161356628984,奥林巴斯峰会,奥林巴斯峰会
Beam From A Thorium Asteroid,377,1.393120393120393,379,2.3227383863080684,钍行星射线,钍行星射线
Airliners,377,1.393120393120393,627,2.284627092846271,航空公司,航空公司
Interstellar Colony Ship,471,1.3932135728542914,942,2.2973251028806585,星际殖民飞船,星际殖民飞船
Nitrite Reducing Bacteria,313,1.3935860058309038,612,2.339563862928349,亚硝酸盐还原菌,亚硝酸盐还原菌
Business Contacts,699,1.393689986282579,1732,2.364926220204313,商业合同,商业合同
Quantum Extractor,681,1.3938115330520393,1335,2.3413919413919415,量子提取,量子提取
Cyberia Systems,295,1.393846153846154,307,2.507418397626113,赛博利亚系统,赛博利亚系统
Research Coordination,592,1.3938906752411575,1303,2.4051012753188297,研究环境,研究环境
Local Heat Trapping,404,1.3940092165898617,1030,2.2141509433962265,本地的热量陷阱,本地的热量陷阱
Warp Drive,706,1.3940217391304348,1465,2.3070234113712376,曲率引擎,曲率引擎
Lightning Harvest,523,1.3942133815551536,1116,2.3891797556719023,捕获雷电,捕获雷电
Windmills,495,1.3942857142857144,1190,2.4057377049180326,风力发电,风力发电
Arctic Algae,307,1.3946587537091988,891,2.2942453854505973,北极的藻类植物,北极的藻类植物
Power Supply Consortium,388,1.394736842105263,594,2.371794871794872,电力供应共同体,电力供应共同体
Red Spot Observatory,684,1.3949579831932772,1669,2.27781047675103,红斑实验室,红斑实验室
Immigration Shuttles,456,1.3950617283950617,616,2.321981424148607,移民航天机,移民航天机
Power Grid,185,1.3953488372093024,161,2.4293193717277486,电网,电网
Solar Reflectors,152,1.3956043956043955,136,2.4397590361445785,太阳反射器,太阳反射器
EM Drive,109,1.39568345323741,543,2.4031413612565444,无工质推进飞船,无工质推进飞船
Cutting Edge Technology,670,1.3957142857142857,1784,2.3533627342888646,前沿科技,前沿科技
Ozone Generators,157,1.3957219251336899,149,2.3910614525139664,臭氧生成器,臭氧生成器
Deimos Down:ares,344,1.3957219251336899,1163,2.2020117351215425,Deimos Down:ares,Deimos Down:ares
Earth Catapult,723,1.3957503320053122,1621,2.2023016353725016,地球发射站,地球发射站
Martian Dust Processing Plant,263,1.3959044368600682,498,2.3693181818181817,粉尘加工厂,粉尘加工厂
Space Elevator,571,1.3960066555740434,997,2.4975657254138266,太空电梯,太空电梯
Forced Precipitation,288,1.3962264150943395,702,2.2704918032786887,强制降水,强制降水
Air-Scrapping Expedition,424,1.39647577092511,901,2.23952738990333,金星改造远征队,金星改造远征队
Floyd Continuum,603,1.39652448657188,1738,2.3506787330316743,弗洛伊德连续体,弗洛伊德连续体
Neptunian Power Consultants,222,1.3968253968253967,385,2.689156626506024,海王星能源顾问,海王星能源顾问
Asteroid Resources,310,1.3970588235294117,857,2.234498308906426,小行星资源,小行星资源
Economic Espionage,179,1.3971291866028708,308,2.4792899408284024,经济间谍活动,经济间谍活动
Food Factory,282,1.3974358974358974,369,2.4862155388471177,食品工厂,食品工厂
Hospitals,445,1.3978947368421053,1291,2.2626797880393643,医院,医院
Import of Advanced GHG,470,1.398,877,2.37045203969129,输入高级温室气体,输入高级温室气体
Impactor Swarm,377,1.398034398034398,755,2.2254777070063696,冲击虫群,冲击虫群
Giant Solar Shade,447,1.39832285115304,888,2.3224400871459694,巨型日光遮蔽器,巨型日光遮蔽器
Optimal Aerobraking,645,1.3985185185185185,1360,2.3453237410071943,最优的空气动力制动,最优的空气动力制动
Electric Sheep,429,1.3986928104575163,663,2.2756132756132756,电子羊,电子羊
Mining Rights:ares,454,1.3987603305785123,1413,2.3409563409563408,Mining Rights:ares,Mining Rights:ares
Directed Impactors,133,1.3987730061349692,226,2.40625,定向冲撞器,定向冲撞器
Supercapacitors,464,1.3987854251012146,929,2.4859228362878,超级电容,超级电容
Floater-Urbanism,316,1.3988439306358382,820,2.2141176470588237,施韦伯城市规划,施韦伯城市规划
Big Asteroid,494,1.3988549618320612,1280,2.2961832061068703,大型小行星,大型小行星
Release of Inert Gases,336,1.3989071038251366,523,2.3508137432188065,释放惰性气体,释放惰性气体
Venus Governor,654,1.3991228070175439,1506,2.2337239583333335,金星总督,金星总督
Mass Converter,696,1.399449035812672,1417,2.2176917760884587,质能转换器,质能转换器
Sky Docks,701,1.399452804377565,1660,2.3295857988165682,太空码头,太空码头
Charity Donation,368,1.399497487437186,1362,2.4748563218390807,慈善捐款,慈善捐款
Solar Power,478,1.3996062992125984,1045,2.427906976744186,太阳能,太阳能
Space Port,573,1.3996683250414594,942,2.27880658436214,太空港,太空港
Moon Tether,275,1.4,1031,2.2723845428840717,地月连结,地月连结
Great Escarpment Consortium,275,1.4,235,2.4150943396226414,巨大断崖,巨大断崖
Mohole Area:ares,185,1.4,486,2.3255813953488373,Mohole Area:ares,Mohole Area:ares
Phobos Space Haven,495,1.4,840,2.405747126436782,福波斯(火卫一)空间港,福波斯(火卫一)空间港
Bushes,425,1.4,872,2.196230598669623,花丛,花丛
Power Infrastructure,342,1.4005376344086022,725,2.35364238410596,电力基础设置,电力基础设置
Solar Storm,207,1.40084388185654,732,2.3464566929133857,太阳风暴,太阳风暴
Martian Survey,409,1.4009111617312073,900,2.4935483870967743,火星勘察,火星勘察
Comet,421,1.401330376940133,908,2.3176972281449895,彗星,彗星
Mining Area:ares,433,1.4017278617710582,1280,2.265648854961832,Mining Area:ares,Mining Area:ares
Rad-Suits,413,1.4018058690744921,965,2.44321608040201,镭射服,镭射服
Great Dam:ares,353,1.402088772845953,1231,2.295796986518636,Great Dam:ares,Great Dam:ares
Media Group,686,1.4022346368715084,1673,2.294773928361715,媒体团队,媒体团队
Corporate Stronghold,323,1.4022662889518414,593,2.373996789727127,公司据点,公司据点
Bio Printing Facility,313,1.402332361516035,459,2.3701431492842535,生物打印设备,生物打印设备
Sulphur-Eating Bacteria,728,1.4023746701846966,1996,2.2403751233958538,硫磺吞噬菌,硫磺吞噬菌
GHG Producing Bacteria,385,1.4024096385542169,829,2.3073341094295694,温室气体生产细菌,温室气体生产细菌
Physics Complex,360,1.4025641025641025,439,2.50319829424307,物理研究所,物理研究所
Research Colony,648,1.4026548672566372,1652,2.3620689655172415,研究殖民地,研究殖民地
Aqueduct Systems,571,1.4026622296173046,1192,2.2250409165302782,导水系统,导水系统
Regolith Eaters,340,1.4027027027027028,584,2.469055374592834,风化层蚕食者,风化层蚕食者
Venus Orbital Survey,685,1.4027972027972029,1357,2.457101658255227,金星轨道勘测,金星轨道勘测
Heavy Taxation,538,1.403169014084507,1173,2.400665004156276,重税,重税
Large Convoy,657,1.4032023289665212,1432,2.20656634746922,大型护航队,大型护航队
Jovian Defense Department,508,1.403345724907063,1177,2.36122618061309,木星防空署,木星防空署
Lagrange Observatory,701,1.4035567715458277,1802,2.4798034934497815,拉格朗日观察点,拉格朗日观察点
Flooding,307,1.403560830860534,811,2.367419738406659,洪水,洪水
Development Center,634,1.4036144578313252,1172,2.442595673876872,发展中心,发展中心
Stanford Torus,480,1.4039215686274509,1273,2.4006139677666924,斯坦福环面,斯坦福环面
Tardigrades,361,1.4040920716112533,894,2.2456709956709955,缓步微生物,缓步微生物
Bribed Committee,403,1.4041570438799076,770,2.51375,贿赂委员会,贿赂委员会
Artificial Lake,294,1.404320987654321,478,2.2460629921259843,人工湖,人工湖
Luna Governor,605,1.404724409448819,1259,2.2948021722265324,月球政府,月球政府
Sub-Crust Measurements,684,1.4047619047619047,1600,2.378527607361963,测量地壳,测量地壳
Local Shading,516,1.4047619047619047,1299,2.3288186606471033,局部遮蔽,局部遮蔽
Homeostasis Bureau,491,1.4049904030710172,939,2.324045407636739,稳态管理局,稳态管理局
Jovian Embassy,602,1.4050632911392404,1406,2.362116991643454,木星大使馆,木星大使馆
Dirigibles,518,1.405109489051095,1286,2.3746200607902734,悬浮艇,悬浮艇
Gyropolis,572,1.4053156146179402,737,2.2151238591916558,旋转都会,旋转都会
Quantum Communications,414,1.4054054054054055,982,2.3962450592885376,量子通信,量子通信
Hired Raiders,527,1.4057450628366248,1331,2.337252020573108,雇佣掠夺者,雇佣掠夺者
Birds,359,1.4061696658097687,730,2.2342105263157896,鸟,鸟
Rego Plastics,578,1.40625,1356,2.3455988455988455,表土塑料,表土塑料
Natural Preserve:ares,285,1.4063492063492065,930,2.4,Natural Preserve:ares,Natural Preserve:ares
Inventors' Guild,649,1.4064801178203241,1155,2.5240506329113925,发明家公会,发明家公会
Earth Elevator,474,1.4067460317460319,591,2.5233494363929148,地球太空梯,地球太空梯
Wetlands,147,1.4067796610169492,405,2.301149425287356,湿地,湿地
Hydrogen to Venus,437,1.4068522483940042,900,2.1903225806451614,输送氢气到金星,输送氢气到金星
Stratospheric Birds,579,1.4072249589490968,1170,2.2516666666666665,平流层的鸟类,平流层的鸟类
Rim Freighters,574,1.4072847682119205,1145,2.432340425531915,里姆货船,里姆货船
Wildlife Dome,159,1.4074074074074074,1316,2.290490341753343,野生生物穹顶,野生生物穹顶
Miranda Resort,672,1.4074074074074074,1535,2.368051118210863,米兰达度假村,米兰达度假村
Martian Zoo,566,1.407718120805369,1082,2.3821942446043165,火星动物园,火星动物园
Saturn Surfing,649,1.4079528718703977,1609,2.3087248322147653,土星冲浪,土星冲浪
Advertising,541,1.4080560420315236,1080,2.472072072072072,广告业,广告业
Restricted Area:ares,499,1.4083175803402646,1553,2.3335439039797854,Restricted Area:ares,Restricted Area:ares
Hydrogen Processing Plant,112,1.408450704225352,419,2.3808463251670378,氢气处理厂,氢气处理厂
Martian Culture,276,1.408496732026144,528,2.227598566308244,火星文化,火星文化
Space Hotels,626,1.4085365853658536,958,2.4767206477732793,太空酒店,太空酒店
Ice Moon Colony,457,1.408624229979466,1009,2.3965351299326274,冰月殖民地,冰月殖民地
Greenhouses,562,1.4087837837837838,1691,2.188262638001162,温室,温室
Unexpected Application,547,1.4090121317157713,1497,2.3392272429600522,意外应用,意外应用
Special Permit,102,1.4090909090909092,484,2.262645914396887,特别许可,特别许可
Red Ships,498,1.4090909090909092,1636,2.277310924369748,红色舰队,红色舰队
Building Industries,383,1.4092009685230025,528,2.474910394265233,建筑行业,建筑行业
Dawn City,576,1.4092409240924093,1227,2.307080350039777,拂晓之城,拂晓之城
Standard Technology,549,1.4093264248704662,1175,2.383402489626556,标准技术,标准技术
Mining Quota,505,1.4093457943925234,761,2.4260429835651074,采矿配额,采矿配额
Electro Catapult,395,1.4094117647058824,722,2.478723404255319,电磁弹射器,电磁弹射器
Ocean City,407,1.4096109839816933,1208,2.2180936995153475,海洋城市,海洋城市
Solar Logistics,614,1.4099378881987579,807,2.2437275985663083,太阳能物流,太阳能物流
Field-Capped City,570,1.41,1227,2.335719968178202,磁场穹顶城市,磁场穹顶城市
Orbital Reflectors,387,1.410071942446043,605,2.3133858267716536,轨道反射镜,轨道反射镜
Immigrant City,579,1.4105090311986863,1353,2.3600867678958783,移民城市,移民城市
Advanced Alloys,715,1.410738255033557,1640,2.394011976047904,优化合金,优化合金
Extreme-Cold Fungus,323,1.4107648725212465,581,2.381342062193126,极寒真菌,极寒真菌
Mining Colony,542,1.4108391608391608,959,2.403437815975733,采矿殖民地,采矿殖民地
Investment Loan,666,1.410919540229885,1851,2.390749601275917,投资性贷款,投资性贷款
Martian Rails,308,1.4112426035502958,351,2.4120734908136483,火星高铁,火星高铁
Jovian Expedition,500,1.411320754716981,1349,2.331399564902103,木星远征,木星远征
Vesta Shipyard,687,1.411436541143654,1457,2.4189643577673166,维斯塔造船厂,维斯塔造船厂
Aerial Mappers,645,1.411851851851852,1534,2.2960358056265986,航空制图器,航空制图器
Shuttles,618,1.412037037037037,1413,2.3839223839223838, 穿梭机,穿梭机
PR Office,152,1.4120879120879122,1101,2.3421750663129974,公关办公室,公关办公室
Mars Hot Spring,363,1.4122137404580153,1096,2.330373001776199,火星温泉,火星温泉
Indentured Workers,557,1.4122657580919933,1535,2.356549520766773,合同工,合同工
Moss,392,1.4123222748815165,638,2.309880239520958,苔藓,苔藓
Jet Stream Microscrappers,181,1.4123222748815165,427,2.37636761487965,急流采集器,急流采集器
Artificial Photosynthesis,489,1.4123314065510597,766,2.4824120603015074,人造光合作用,人造光合作用
Water to Venus,520,1.4127272727272728,1082,2.3597122302158273,输送水源到金星,输送水源到金星
Medical Lab,641,1.412816691505216,1159,2.381833473507149,医疗实验室,医疗实验室
Metallic Asteroid,454,1.4132231404958677,1479,2.1789264413518885,金属陨石,金属陨石
Interplanetary Colony Ship,659,1.413642960812772,1574,2.362219451371571,星际殖民船,星际殖民船
Deuterium Export,564,1.4141414141414141,1285,2.3809885931558936,输出氘,输出氘
Specialized Settlement,385,1.4144578313253011,1090,2.282142857142857,专业定居点,专业定居点
New Holland,240,1.4148148148148147,450,2.2729166666666667,新荷兰,新荷兰
Fueled Generators,476,1.4150197628458498,1054,2.3154981549815496,燃料发动机,燃料发动机
Micro-Mills,247,1.4151624548736461,387,2.498800959232614,小型风车,小型风车
Trading Colony,589,1.4151857835218093,1127,2.3716508210890233,交易殖民地,交易殖民地
Floating Habs,601,1.4152139461172741,1456,2.3055181695827724,漂浮舱,漂浮舱
Venus Waystation,750,1.4153846153846155,1881,2.3437990580847723,金星中转站,金星中转站
Trans-Neptune Probe,646,1.415680473372781,1705,2.4322766570605188,海王星探测器,海王星探测器
Imported Hydrogen,617,1.4157650695517774,1562,2.2751256281407035,外部注入氢气,外部注入氢气
Self-replicating Robots,160,1.4157894736842105,270,2.53,自我复制机器人,自我复制机器人
Early Expedition,184,1.4158878504672898,715,2.410738255033557,早期探险,早期探险
Satellites,571,1.415973377703827,1098,2.4539007092198584,卫星,卫星
Eos Chasma National Park,518,1.416058394160584,1156,2.1720067453625633,Eos 峡谷国家公园,Eos 峡谷国家公园
Imported GHG,590,1.4161290322580644,1229,2.414614773629865,引入温室气体,引入温室气体
Mineral Deposit,626,1.416158536585366,1519,2.381536475145255,矿床,矿床
Mars Nomads,287,1.416403785488959,404,2.391705069124424,火星游牧者,火星游牧者
Technology Demonstration,750,1.4166666666666667,1817,2.4082295614510016,科学论证,科学论证
Giant Space Mirror,416,1.4170403587443947,747,2.4453024453024454,巨型太空镜,巨型太空镜
Sister Planet Sponsors,567,1.4170854271356783,1308,2.368460388639761,姊妹星球赞助,姊妹星球赞助
Towing A Comet,466,1.4173387096774193,953,2.244150559511699,牵引彗星,牵引彗星
Aquifer Pumping,123,1.4183006535947713,129,2.490566037735849,含水层抽水,含水层抽水
City Park,166,1.4183673469387754,386,2.0961538461538463,City Park,City Park
Waste Incinerator,460,1.4183673469387754,1507,2.339622641509434,垃圾焚烧站,垃圾焚烧站
项目重整,307,1.4183976261127595,549,2.4732297063903284,项目重整,项目重整
Small Open Pit Mine,290,1.41875,701,2.556771545827633,小采矿坑,小采矿坑
Subterranean Reservoir,352,1.418848167539267,868,2.3585746102449887,地下水库,地下水库
Land Claim,371,1.4189526184538654,880,2.2967032967032965,宣称领土,宣称领土
Research,674,1.4190340909090908,1749,2.3659359190556493,研究,研究
Urbanized Area,366,1.4191919191919191,689,2.244784422809458,城市化区域,城市化区域
Ants,485,1.4194174757281552,1223,2.3216280925778134,蚂蚁,蚂蚁
Extremophiles,763,1.419924337957125,1842,2.2756410256410255,极端微生物,极端微生物
Livestock,334,1.4203296703296704,452,2.371369294605809,畜牧,畜牧
Psychrophiles,360,1.4205128205128206,1036,2.348030018761726,嗜冷性细菌,嗜冷性细菌
Omnicourt,505,1.4205607476635513,1036,2.3846153846153846,通用法庭,通用法庭
Adapted Lichen,310,1.4205882352941177,403,2.4110854503464205,自适应地衣,自适应地衣
Asteroid Rights,626,1.420731707317073,1546,2.3026649746192893,小行星权力,小行星权力
Atalanta Planitia Lab,813,1.4211150652431792,1934,2.3436863543788187,亚特兰大实验室,亚特兰大实验室
Energy Saving,148,1.4213483146067416,222,2.380952380952381,节能减排,节能减排
Cryo-Sleep,601,1.421553090332805,1213,2.4722445695897024,低温睡眠,低温睡眠
Mars University,736,1.4216710182767625,1825,2.37088948787062,火星大学,火星大学
Tectonic Stress Power,456,1.4218106995884774,781,2.442663378545006,构造应力能源,构造应力能源
Diaspora Movement,126,1.4230769230769231,1105,2.19647577092511,大流散运动,大流散运动
Orbital Laboratories,374,1.4232673267326732,1055,2.335483870967742,轨道实验室,轨道实验室
Cryptocurrency,284,1.4235668789808917,592,2.4131832797427655,加密货币,加密货币
Ishtar Mining,605,1.4236220472440946,1260,2.3891472868217054,伊什塔尔矿业,伊什塔尔矿业
Trade Envoys,548,1.4238754325259515,688,2.477715877437326,贸易特使,贸易特使
Asteroid,543,1.4240837696335078,1314,2.3407738095238093,小行星,小行星
16 Psyche,576,1.4240924092409242,1033,2.4035747883349012,灵神星16,灵神星16
Domed Crater,326,1.4241573033707866,618,2.287037037037037,圆顶火山口,圆顶火山口
Sister Planet Support,703,1.4242837653478855,1388,2.308885754583921,姊妹星球支持,姊妹星球支持
Rey ... Skywalker?! (IX),109,1.4244604316546763,289,2.529780564263323,Rey ... Skywalker?! (IX),Rey ... Skywalker?! (IX)
Terraforming Contract,533,1.4245115452930728,708,2.3523035230352303,改造合同,改造合同
Floater Technology,502,1.4248120300751879,876,2.3465783664459163,漂浮物科技,漂浮物科技
Mine,520,1.4254545454545455,857,2.4983089064261557,采矿,采矿
Energy Tapping,339,1.4254742547425474,603,2.358609794628752,能量开发,能量开发
Space Mirrors,346,1.425531914893617,586,2.409090909090909,太空镜,太空镜
Terraforming Robots,306,1.4255952380952381,626,2.2378048780487805,改造机器人,改造机器人
Deep Well Heating,482,1.42578125,1016,2.4378585086042066,深井加热,深井加热
Marketing Experts,465,1.4262626262626263,1093,2.4265360641139804,营销专家,营销专家
Solar Wind Power,690,1.426388888888889,1713,2.347102696500287,太阳风,太阳风
Return to Abandoned Technology,380,1.4268292682926829,1405,2.3665505226480836,废稿回收,废稿回收
Heat Trappers,141,1.4269005847953216,234,2.5265151515151514,热力捕获者,热力捕获者
Wave Power,408,1.4269406392694064,1031,2.355325164938737,潮汐能源,潮汐能源
Sponsored Academies,681,1.4275668073136427,1774,2.3403547671840355,学术赞助,学术赞助
Industrial Center:ares,372,1.427860696517413,1352,2.2380607814761215,Industrial Center:ares,Industrial Center:ares
Microbiology Patents,372,1.427860696517413,1040,2.3794392523364487,微生物学专利,微生物学专利
Mercurian Alloys,670,1.4285714285714286,1558,2.3633501259445846,水星合金,水星合金
House Printing,497,1.4288425047438331,882,2.5197368421052633,房屋印刷,房屋印刷
Lava Flows:ares,203,1.4291845493562232,702,2.297814207650273,Lava Flows:ares,Lava Flows:ares
Summit Logistics,189,1.4292237442922375,1260,2.310077519379845,峰会后勤,峰会后勤
Peroxide Power,463,1.4300202839756593,929,2.3420229405630866,过氧化氢能源,过氧化氢能源
Sabotage,558,1.4302721088435375,688,2.264623955431755,蓄意破坏,蓄意破坏
Meltworks,334,1.4313186813186813,462,2.475609756097561,熔融工厂,熔融工厂
Nuclear Power,403,1.4318706697459584,831,2.4390243902439024,核能,核能
Conscription,632,1.43202416918429,1539,2.295729764181007,征兵,征兵
Sponsors,588,1.4320388349514563,1053,2.5475530932594643,赞助商,赞助商
Event Analysts,155,1.4324324324324325,852,2.3469387755102042,事件分析,事件分析
Protected Habitats,414,1.4324324324324325,712,2.266846361185984,受保护的栖息地,受保护的栖息地
Fuel Factory,444,1.4324894514767932,749,2.639281129653402,油脂工厂,油脂工厂
Floater Leasing,231,1.4329501915708813,388,2.299043062200957,漂浮物租贷,漂浮物租贷
Lunar Exports,542,1.4335664335664335,889,2.5059847660500543,月球出口,月球出口
Lava Tube Settlement,399,1.4335664335664335,771,2.3607990012484397,熔岩城,熔岩城
Cupola City,424,1.433920704845815,752,2.2941176470588234,穹顶舱城市,穹顶舱城市
Interplanetary Trade,540,1.4350877192982456,597,2.425837320574163,星际贸易,星际贸易
Industrial Microbes,474,1.4365079365079365,911,2.4442082890541976,工业微生物,工业微生物
Strip Mine,348,1.4365079365079365,365,2.539240506329114,露天矿场,露天矿场
Biomass Combustors,169,1.4371859296482412,343,2.4396782841823055,生物量燃烧,生物量燃烧
Colonial Representation,141,1.4385964912280702,591,2.389694041867955,殖民代表权,殖民代表权
Rotator Impacts,118,1.4391891891891893,162,2.4166666666666665,回旋冲撞,回旋冲撞
Casinos,375,1.4395061728395062,491,2.5163147792706333,赌场,赌场
Potatoes,420,1.44,837,2.5236447520184546,土豆,土豆
Hermetic Order of Mars,288,1.440251572327044,518,2.3175182481751824,火星秘教,火星秘教
Economic Help,181,1.4407582938388626,244,2.5255474452554743,经济援助,经济援助
Toll Station,514,1.4411764705882353,1253,2.4247856586126266,收费站,收费站
Private Security,242,1.4411764705882353,264,2.5170068027210886,私人安保服务,私人安保服务
Asteroid Deflection System,430,1.441304347826087,762,2.369949494949495,小行星防卫系统,小行星防卫系统
Solar Cosmic Rays,149,1.441340782122905,270,2.473333333333333,太阳射线,太阳射线
Asteroid Mining,570,1.4416666666666667,933,2.474558670820353,小行星采矿,小行星采矿
Secret Labs,365,1.4430379746835442,1351,2.264301230992035,秘密实验室,秘密实验室
Dust Storm,146,1.4431818181818181,616,2.3266253869969042,沙尘暴,沙尘暴
Last Resort Ingenuity,159,1.4444444444444444,459,2.3190184049079754,即兴才能,即兴才能
Planetary Alliance,188,1.444954128440367,1090,2.3151785714285715,行星联盟,行星联盟
Search For Life,406,1.444954128440367,1008,2.5009633911368017,寻找生命,寻找生命
Business Network,662,1.4450867052023122,1396,2.396914446002805,商业网络,商业网络
Vital Colony,107,1.4452554744525548,1170,2.515,重点殖民地,重点殖民地
Atmo Collectors,280,1.4483870967741936,614,2.43944099378882,大气收藏家,大气收藏家
Mining Rights,186,1.4490740740740742,119,2.3288590604026846,采矿权,采矿权
Supported Research,183,1.4507042253521127,1412,2.3606102635228847,受扶持的研究,受扶持的研究
Geothermal Power,407,1.4530892448512587,846,2.493150684931507,地热能,地热能
Sponsoring Nation,131,1.453416149068323,609,2.2816901408450705,主办国,主办国
Titanium Mine,534,1.4556737588652482,945,2.557948717948718,钛合金矿脉,钛合金矿脉
Recruitment,106,1.4558823529411764,571,2.3760399334442597,雇佣,雇佣
Oumuamua Type Object Survey,404,1.456221198156682,1237,2.476716653512234,奥陌陌天体调查,奥陌陌天体调查
Envoys From Venus,154,1.4565217391304348,1025,2.205687203791469,金星来使,金星来使
Acquired Company,495,1.457142857142857,777,2.577447335811648,并购公司,并购公司
Nobel Prize,149,1.458100558659218,860,2.446067415730337,诺贝尔奖,诺贝尔奖
ArchaeBacteria,246,1.460144927536232,619,2.37442218798151,古细菌类,古细菌类
Designed Microorganisms,301,1.4682779456193353,537,2.4708994708994707,创造微生物,创造微生物
Pioneer Settlement,317,1.4697406340057637,1253,2.363990646921278,定居点,定居点
CO² Reducers,110,1.4714285714285715,801,2.4007220216606497,CO₂减排器,CO₂减排器
Heliostat Mirror Array,112,1.471830985915493,355,2.555844155844156,日镜阵列,日镜阵列
Biolab,115,1.4827586206896552,137,2.7065868263473054,生物实验室,生物实验室
Hackers,152,1.4835164835164836,113,2.6503496503496504,黑客,黑客
Colonizer Training Camp,380,1.4853658536585366,980,2.4376237623762376,开拓者训练营,开拓者训练营
Research Grant:Pathfinders,138,1.4880952380952381,1309,2.4443614637789395,研发资助：探路者,研发资助：探路者
Corporate Archives,187,1.4930875576036866,556,2.3754266211604094,公司档案馆,公司档案馆
Dust Seals,201,1.4978354978354977,527,2.423698384201077,垃圾密封,垃圾密封
Frontier Town,104,1.5,1031,2.170593779453346,边疆小镇,边疆小镇
Cultural Metropolis,127,1.5095541401273886,680,2.2380281690140844,多元化都市,多元化都市
Jovian Envoys,115,1.5172413793103448,731,2.275952693823916,木星来使,木星来使
Spin-Inducing Asteroid,265,1.5186440677966102,560,2.483050847457627,自旋牵引陨石,自旋牵引陨石
Old Mining Colony,168,1.52020202020202,776,2.574441687344913,旧采矿殖民地,旧采矿殖民地
Metals Company,138,1.5238095238095237,140,2.611764705882353,金属公司,金属公司
Strategic Base Planning,149,1.5363128491620113,827,2.396732788798133,战略基础规划,战略基础规划
Accumulated Knowledge,120,1.54,239,2.657992565055762,积累知识,积累知识
Board of Directors,158,1.547872340425532,892,2.4859002169197395,董事会,董事会
Law Suit,296,1.5552147239263803,734,2.4424083769633507,诉讼,诉讼
