corporation,players,total_games,wins,avg_position,avg_score,total_weighted,count_weighted,avg_generations,weighted_avg_score,win_rate,cn_name,cn_name_plot
Aurorai,2,28,22,1.2142857142857142,116.67857142857143,34.0,28,8.071428571428571,1.2894736842105263,78.57,Aurorai,Aurorai
Earth Cat Cult,2,13,11,1.1538461538461537,132.46153846153845,15.0,13,8.615384615384615,1.3043478260869565,84.62,Earth Cat Cult,Earth Cat Cult
Aeron Genomics,2,4,4,1.0,180.25,4.0,4,11.5,1.3571428571428572,100.0,è‰¾éš†åŸºå› ç»„å­¦,è‰¾éš†åŸºå› ç»„å­¦
Hecate Speditions,2,15,11,1.2666666666666666,200.66666666666666,19.0,15,9.2,1.36,73.33,èµ«å¡å¿’æ¢é™©é˜Ÿ,èµ«å¡å¿’æ¢é™©é˜Ÿ
Aphrodite (breakthrough),2,89,58,1.348314606741573,130.1573033707865,120.0,89,9.280898876404494,1.3636363636363635,65.17,Aphrodite (breakthrough),Aphrodite (breakthrough)
Id Front,2,116,75,1.353448275862069,172.3706896551724,157.0,116,9.85344827586207,1.3650793650793651,64.66,å‰çº¿åŸºåœ°,å‰çº¿åŸºåœ°
Terralabs Research (breakthrough),2,52,34,1.3461538461538463,171.96153846153845,70.0,52,9.884615384615385,1.3709677419354838,65.38,Terralabs Research (breakthrough),Terralabs Research (breakthrough)
ğŸŒ¸Green Leaf DanceğŸŒ¸,2,60,39,1.35,123.8,81.0,60,8.716666666666667,1.3714285714285714,65.0,ğŸŒ¸ç»¿å¶èˆåŠ¨ğŸŒ¸,ç»¿å¶èˆåŠ¨
ğŸŒ¸Shinra TechğŸŒ¸,2,141,89,1.3687943262411348,149.17730496453902,193.0,141,9.148936170212766,1.3774834437086092,63.12,ğŸŒ¸æ¨±èŠ±ç”µğŸŒ¸,æ¨±èŠ±ç”µ
Chaos,2,80,51,1.3625,158.85,109.0,80,9.6625,1.3777777777777778,63.75,Chaos,Chaos
Labour Union,2,19,13,1.3157894736842106,90.89473684210526,25.0,19,7.7368421052631575,1.3793103448275863,68.42,Labour Union,Labour Union
Manutech,2,128,80,1.375,168.078125,176.0,128,9.78125,1.3840579710144927,62.5,Manutech,Manutech
Arcadian Communities (breakthrough),2,29,19,1.3448275862068966,129.17241379310346,39.0,29,9.655172413793103,1.3846153846153846,65.52,Arcadian Communities (breakthrough),Arcadian Communities (breakthrough)
Imperial Star Destroyer,2,91,57,1.3736263736263736,162.0,125.0,91,9.87912087912088,1.386138613861386,62.64,å¸å›½æ­¼æ˜Ÿèˆ°,å¸å›½æ­¼æ˜Ÿèˆ°
Prism,2,126,78,1.380952380952381,190.44444444444446,174.0,126,9.761904761904763,1.3897058823529411,61.9,æ£±é•œå…‰è°±ç ”ç©¶å®¤,æ£±é•œå…‰è°±ç ”ç©¶å®¤
CrediCor,2,59,37,1.3728813559322033,127.8135593220339,81.0,59,9.40677966101695,1.391304347826087,62.71,CrediCor,CrediCor
ğŸŒ¸Integrated MicroorganismsğŸŒ¸,2,121,74,1.3884297520661157,161.29752066115702,168.0,121,9.578512396694215,1.3969465648854962,61.16,ğŸŒ¸å¾®ç”Ÿç‰©æ˜Ÿå°˜ğŸŒ¸,å¾®ç”Ÿç‰©æ˜Ÿå°˜
EcoTec,2,70,43,1.3857142857142857,124.71428571428571,97.0,70,9.3,1.4,61.43,EcoTec,EcoTec
Luna Trade Federation,2,5,4,1.2,164.8,6.0,5,11.2,1.4,80.0,æœˆçƒè´¸æ˜“è”ç›Ÿ,æœˆçƒè´¸æ˜“è”ç›Ÿ
ğŸŒ¸ProtogenğŸŒ¸,2,60,37,1.3833333333333333,130.35,83.0,60,8.783333333333333,1.4,61.67,ğŸŒ¸å¾®ç”Ÿç‰©çƒ­èˆğŸŒ¸,å¾®ç”Ÿç‰©çƒ­èˆ
Vitor,2,162,98,1.3950617283950617,157.58641975308643,226.0,162,9.61111111111111,1.4011627906976745,60.49,Vitor,Vitor
Spire,2,105,63,1.4,162.6952380952381,147.0,105,9.495238095238095,1.4086956521739131,60.0,Spire,Spire
Nirgal Enterprises,2,19,12,1.368421052631579,135.10526315789474,26.0,19,9.894736842105264,1.4137931034482758,63.16,Nirgal Enterprises,Nirgal Enterprises
Mind Set Mars,2,2,2,1.0,203.5,2.0,2,9.0,1.4166666666666667,100.0,Mind Set Mars,Mind Set Mars
ğŸŒ¸SolarPlantğŸŒ¸,2,114,67,1.412280701754386,140.46491228070175,161.0,114,8.87719298245614,1.4193548387096775,58.77,ğŸŒ¸å¤ªé˜³èƒ½å…¬å¸ğŸŒ¸,å¤ªé˜³èƒ½å…¬å¸
Point Luna,2,190,111,1.4157894736842105,191.65263157894736,269.0,190,10.063157894736841,1.42,58.42,Point Luna,Point Luna
Junk Ventures,2,56,33,1.4107142857142858,166.66071428571428,79.0,56,9.946428571428571,1.4242424242424243,58.93,Junk Ventures,Junk Ventures
Midas,2,23,14,1.391304347826087,141.2608695652174,32.0,23,9.391304347826088,1.4242424242424243,60.87,Midas,Midas
Millennium Falcon,2,63,37,1.4126984126984128,150.44444444444446,89.0,63,9.793650793650794,1.4246575342465753,58.73,åƒå¹´éš¼,åƒå¹´éš¼
ğŸŒ¸Ark NovağŸŒ¸,2,103,60,1.4174757281553398,191.55339805825244,146.0,103,9.563106796116505,1.424778761061947,58.25,ğŸŒ¸æ–¹èˆŸåŠ¨ç‰©å›­ğŸŒ¸,æ–¹èˆŸåŠ¨ç‰©å›­
Eglogue,2,11,7,1.3636363636363635,117.72727272727273,15.0,11,8.818181818181818,1.4285714285714286,63.64,Eglogue,Eglogue
Septem Tribus,2,18,11,1.3888888888888888,150.16666666666666,25.0,18,9.5,1.4285714285714286,61.11,Septem Tribus,Septem Tribus
Tharsis_republic (breakthrough),2,81,47,1.4197530864197532,130.02469135802468,115.0,81,9.777777777777779,1.4285714285714286,58.02,Tharsis_republic (breakthrough),Tharsis_republic (breakthrough)
ğŸŒ¸EliteTechğŸŒ¸,2,53,31,1.4150943396226414,145.96226415094338,75.0,53,8.981132075471699,1.4285714285714286,58.49,ğŸŒ¸ç²¾è‹±å›é¦ˆğŸŒ¸,ç²¾è‹±å›é¦ˆ
ğŸŒ¸åŒè½¨è·ƒè¿ğŸŒ¸,2,50,29,1.42,175.6,71.0,50,9.82,1.4333333333333333,58.0,ğŸŒ¸åŒè½¨è·ƒè¿ğŸŒ¸,åŒè½¨è·ƒè¿
Incite Ender,2,13,8,1.3846153846153846,198.6153846153846,18.0,13,8.923076923076923,1.434782608695652,61.54,Incite Ender,Incite Ender
UNMI (breakthrough),2,102,58,1.4313725490196079,126.38235294117646,146.0,102,9.362745098039216,1.4375,56.86,UNMI (breakthrough),UNMI (breakthrough)
ğŸŒ¸PoliticalReformğŸŒ¸,2,6,4,1.3333333333333333,136.83333333333334,8.0,6,8.666666666666666,1.4375,66.67,ğŸŒ¸åˆ¶åº¦æ”¹é©ğŸŒ¸,åˆ¶åº¦æ”¹é©
Interplanetary Cinematics (breakthrough),2,168,95,1.4345238095238095,135.58333333333334,241.0,168,9.755952380952381,1.4382022471910112,56.55,Interplanetary Cinematics (breakthrough),Interplanetary Cinematics (breakthrough)
ğŸŒ¸Buy N LargeğŸŒ¸,2,31,18,1.4193548387096775,104.03225806451613,44.0,31,8.580645161290322,1.4390243902439024,58.06,ğŸŒ¸å¤§å·¨è´­ğŸŒ¸,å¤§å·¨è´­
Curiosity II,2,56,32,1.4285714285714286,165.41071428571428,80.0,56,9.910714285714286,1.4393939393939394,57.14,Curiosity II,Curiosity II
Soylent Seedling Systems,2,24,14,1.4166666666666667,102.58333333333333,34.0,24,8.583333333333334,1.4411764705882353,58.33,ç´¢ä¼¦ç‰¹å¹¼è‹—ç³»ç»Ÿ,ç´¢ä¼¦ç‰¹å¹¼è‹—ç³»ç»Ÿ
Athena,2,8,5,1.375,245.5,11.0,8,10.25,1.4444444444444444,62.5,Athena,Athena
Brotherhood of Mutants,2,17,10,1.411764705882353,192.11764705882354,24.0,17,9.941176470588236,1.4444444444444444,58.82,å˜ç§äººå…„å¼Ÿä¼š,å˜ç§äººå…„å¼Ÿä¼š
MorningStar Inc (breakthrough),2,180,100,1.4444444444444444,147.03333333333333,260.0,180,9.688888888888888,1.4473684210526316,55.56,MorningStar Inc (breakthrough),MorningStar Inc (breakthrough)
Kingdom of Tauraro,2,10,6,1.4,133.5,14.0,10,9.0,1.45,60.0,é™¶æ‹‰ç½—ç‹å›½,é™¶æ‹‰ç½—ç‹å›½
Void,2,21,12,1.4285714285714286,139.04761904761904,30.0,21,9.523809523809524,1.4516129032258065,57.14,Void,Void
Teractor (breakthrough),2,156,86,1.4487179487179487,154.06410256410257,226.0,156,9.871794871794872,1.4518072289156627,55.13,Teractor (breakthrough),Teractor (breakthrough)
Aridor,2,105,58,1.4476190476190476,160.8095238095238,152.0,105,9.904761904761905,1.4521739130434783,55.24,Aridor,Aridor
Poseidon,2,98,54,1.4489795918367347,145.72448979591837,142.0,98,9.989795918367347,1.4537037037037037,55.1,Poseidon,Poseidon
Anubis Securities,2,1,1,1.0,191.0,1.0,1,13.0,1.4545454545454546,100.0,é˜¿åŠªæ¯”æ–¯è¯åˆ¸,é˜¿åŠªæ¯”æ–¯è¯åˆ¸
Demetron Labs,2,1,1,1.0,103.0,1.0,1,9.0,1.4545454545454546,100.0,å¾·ç±³ç‰¹ä¼¦å®éªŒå®¤,å¾·ç±³ç‰¹ä¼¦å®éªŒå®¤
Habitat Marte,2,12,7,1.4166666666666667,163.41666666666666,17.0,12,11.083333333333334,1.4545454545454546,58.33,ç«æ˜Ÿæ –æ¯åœ°,ç«æ˜Ÿæ –æ¯åœ°
Polaris,2,34,19,1.4411764705882353,106.17647058823529,49.0,34,8.264705882352942,1.4545454545454546,55.88,åŒ—ææ˜Ÿ,åŒ—ææ˜Ÿ
Pristar (breakthrough),2,12,7,1.4166666666666667,144.08333333333334,17.0,12,10.25,1.4545454545454546,58.33,Pristar (breakthrough),Pristar (breakthrough)
Ecoline (breakthrough),2,84,46,1.4523809523809523,110.17857142857143,122.0,84,9.404761904761905,1.4574468085106382,54.76,Ecoline (breakthrough),Ecoline (breakthrough)
SolBank,2,14,8,1.4285714285714286,160.42857142857142,20.0,14,9.285714285714286,1.4583333333333333,57.14,SolBank,SolBank
ğŸŒ¸ProwlerğŸŒ¸,2,38,21,1.4473684210526316,131.18421052631578,55.0,38,9.736842105263158,1.4583333333333333,55.26,ğŸŒ¸å¾˜å¾Šè€…ğŸŒ¸,å¾˜å¾Šè€…
Collegium Copernicus,2,40,22,1.45,162.9,58.0,40,9.725,1.46,55.0,å“¥ç™½å°¼å­¦é™¢,å“¥ç™½å°¼å­¦é™¢
Eris,2,3,2,1.3333333333333333,143.33333333333334,4.0,3,8.666666666666666,1.4615384615384615,66.67,Eris,Eris
Hadesphere,2,3,2,1.3333333333333333,154.66666666666666,4.0,3,15.0,1.4615384615384615,66.67,Hadesphere,Hadesphere
ğŸŒ¸Energy Saving EcologyğŸŒ¸,2,29,16,1.4482758620689655,113.51724137931035,42.0,29,8.448275862068966,1.4615384615384615,55.17,ğŸŒ¸èŠ‚èƒ½ç”Ÿæ€ğŸŒ¸,èŠ‚èƒ½ç”Ÿæ€
Runciter Associates,2,80,43,1.4625,169.1625,117.0,80,10.1125,1.4666666666666666,53.75,æœ—è¥¿æ–¯è”åˆå…¬å¸,æœ—è¥¿æ–¯è”åˆå…¬å¸
Utopia Invest,2,11,6,1.4545454545454546,128.72727272727272,16.0,11,9.363636363636363,1.4761904761904763,54.55,ä¹Œæ‰˜é‚¦æŠ•èµ„è®¡åˆ’,ä¹Œæ‰˜é‚¦æŠ•èµ„è®¡åˆ’
é›©å–µç§‘å­¦æ¢æµ‹å™¨,2,74,39,1.472972972972973,158.7972972972973,109.0,74,9.58108108108108,1.4761904761904763,52.7,é›©å–µç§‘å­¦æ¢æµ‹å™¨,é›©å–µç§‘å­¦æ¢æµ‹å™¨
ğŸŒ¸Scolex IndustriesğŸŒ¸,2,120,63,1.475,156.55833333333334,177.0,120,9.616666666666667,1.476923076923077,52.5,ğŸŒ¸æ˜Ÿæ ¸å·¥ä¸šğŸŒ¸,æ˜Ÿæ ¸å·¥ä¸š
ğŸŒ¸MirrorCoatğŸŒ¸,2,57,30,1.4736842105263157,155.49122807017545,84.0,57,9.368421052631579,1.4776119402985075,52.63,ğŸŒ¸é•œåğŸŒ¸,é•œå
Robinson Industries (breakthrough),2,103,54,1.4757281553398058,134.61165048543688,152.0,103,9.601941747572816,1.4778761061946903,52.43,Robinson Industries (breakthrough),Robinson Industries (breakthrough)
Polyphemos (breakthrough),2,13,7,1.4615384615384615,128.23076923076923,19.0,13,9.538461538461538,1.4782608695652173,53.85,Polyphemos (breakthrough),Polyphemos (breakthrough)
Celestic (breakthrough),2,134,70,1.4776119402985075,149.3507462686567,198.0,134,9.925373134328359,1.4791666666666667,52.24,Celestic (breakthrough),Celestic (breakthrough)
Arklight (breakthrough),2,71,37,1.4788732394366197,176.14084507042253,105.0,71,10.04225352112676,1.4814814814814814,52.11,Arklight (breakthrough),Arklight (breakthrough)
ğŸŒ¸StarlinkDrifterğŸŒ¸,2,73,38,1.4794520547945205,185.63013698630138,108.0,73,9.794520547945206,1.4819277108433735,52.05,ğŸŒ¸æ˜Ÿé“¾æ¼‚æµè€…ğŸŒ¸,æ˜Ÿé“¾æ¼‚æµè€…
Ambient,2,50,26,1.48,124.82,74.0,50,9.04,1.4833333333333334,52.0,,
Sagitta Frontier Services,2,62,32,1.4838709677419355,141.51612903225808,92.0,62,9.516129032258064,1.4861111111111112,51.61,Sagitta Frontier Services,Sagitta Frontier Services
ğŸŒ¸Mining CorpğŸŒ¸,2,77,39,1.4935064935064934,143.54545454545453,115.0,77,9.623376623376624,1.4942528735632183,50.65,ğŸŒ¸é’¢é“ç²¾ç‚¼ğŸŒ¸,é’¢é“ç²¾ç‚¼
Valley Trust (breakthrough),2,242,122,1.4958677685950412,148.20661157024793,362.0,242,9.801652892561984,1.496031746031746,50.41,Valley Trust (breakthrough),Valley Trust (breakthrough)
Agricola Inc,2,2,1,1.5,159.0,3.0,2,12.0,1.5,50.0,Agricola Inc,Agricola Inc
Luna Hyperloop Corporation,2,6,3,1.5,166.83333333333334,9.0,6,12.666666666666666,1.5,50.0,æœˆçƒè¶…çº§é«˜é€Ÿåˆ—è½¦,æœˆçƒè¶…çº§é«˜é€Ÿåˆ—è½¦
Pobolog (breakthrough),2,160,80,1.5,144.0,240.0,160,9.6,1.5,50.0,Pobolog (breakthrough),Pobolog (breakthrough)
PolderTECH Dutch,2,4,2,1.5,115.0,6.0,4,9.75,1.5,50.0,è·å…°åœ©ç”°ç§‘æŠ€,è·å…°åœ©ç”°ç§‘æŠ€
Steelaris,2,6,3,1.5,90.66666666666667,9.0,6,9.0,1.5,50.0,é’¢ä¹‹æ˜Ÿ,é’¢ä¹‹æ˜Ÿ
Trade Navigator,2,84,42,1.5,171.52380952380952,126.0,84,10.321428571428571,1.5,50.0,è´¸æ˜“é¢†èˆªè€…,è´¸æ˜“é¢†èˆªè€…
ğŸŒ¸TyrellğŸŒ¸,2,98,49,1.5,146.1530612244898,147.0,98,9.63265306122449,1.5,50.0,ğŸŒ¸æ³°ç‘å°”å…¬å¸ğŸŒ¸,æ³°ç‘å°”å…¬å¸
Splice (breakthrough),2,107,52,1.514018691588785,135.17757009345794,162.0,107,9.532710280373832,1.5128205128205128,48.6,Splice (breakthrough),Splice (breakthrough)
Factorum (breakthrough),2,127,61,1.5196850393700787,152.36220472440945,193.0,127,10.031496062992126,1.5182481751824817,48.03,Factorum (breakthrough),Factorum (breakthrough)
Inventrix (breakthrough),2,150,72,1.52,154.72,228.0,150,10.226666666666667,1.51875,48.0,Inventrix (breakthrough),Inventrix (breakthrough)
United Nations Mission One,2,42,20,1.5238095238095237,135.28571428571428,64.0,42,9.547619047619047,1.5192307692307692,47.62,United Nations Mission One,United Nations Mission One
Philares,2,40,19,1.525,138.55,61.0,40,9.75,1.52,47.5,,
Tycho Magnetics,2,115,55,1.5217391304347827,160.2,175.0,115,9.956521739130435,1.52,47.83,ç¬¬è°·ç£åŠ›,ç¬¬è°·ç£åŠ›
Mars Maths,2,38,18,1.5263157894736843,166.3421052631579,58.0,38,9.842105263157896,1.5208333333333333,47.37,Mars Maths,Mars Maths
Playwrights,2,34,16,1.5294117647058822,118.05882352941177,52.0,34,9.147058823529411,1.5227272727272727,47.06,Playwrights,Playwrights
Luna Chain,2,49,23,1.530612244897959,148.81632653061226,75.0,49,9.46938775510204,1.5254237288135593,46.94,è¿æœˆ,è¿æœˆ
Luna First Incorporated,2,7,3,1.5714285714285714,120.71428571428571,11.0,7,10.0,1.5294117647058822,42.86,æœˆçƒå…ˆè¡Œå…¬å¸,æœˆçƒå…ˆè¡Œå…¬å¸
Helion (breakthrough),2,88,41,1.5340909090909092,117.07954545454545,135.0,88,9.534090909090908,1.530612244897959,46.59,Helion (breakthrough),Helion (breakthrough)
Viron (breakthrough),2,120,56,1.5333333333333334,138.65,184.0,120,9.7,1.5307692307692307,46.67,Viron (breakthrough),Viron (breakthrough)
TeiAi Group,2,33,15,1.5454545454545454,171.06060606060606,51.0,33,10.303030303030303,1.5348837209302326,45.45,å¸çˆ±èµŒåœº,å¸çˆ±èµŒåœº
Gagarin Mobile Base,2,18,8,1.5555555555555556,114.05555555555556,28.0,18,9.555555555555555,1.5357142857142858,44.44,Gagarin Mobile Base,Gagarin Mobile Base
Pharmacy Union,2,44,20,1.5454545454545454,146.97727272727272,68.0,44,10.090909090909092,1.537037037037037,45.45,åˆ¶è¯è”ç›Ÿ,åˆ¶è¯è”ç›Ÿ
Intragen Sanctuary Headquarters,2,3,1,1.6666666666666667,157.33333333333334,5.0,3,13.0,1.5384615384615385,33.33,Intragené¿éš¾æ‰€æ€»éƒ¨,Intragené¿éš¾æ‰€æ€»éƒ¨
Mars Direct,2,3,1,1.6666666666666667,156.33333333333334,5.0,3,10.666666666666666,1.5384615384615385,33.33,ç«æ˜Ÿç›´é€šè½¦,ç«æ˜Ÿç›´é€šè½¦
ğŸŒ¸ThermopoliğŸŒ¸,2,3,1,1.6666666666666667,127.0,5.0,3,8.0,1.5384615384615385,33.33,ğŸŒ¸ç²¾çµçƒ­èˆğŸŒ¸,ç²¾çµçƒ­èˆ
Arborist Collective,2,1,0,2.0,77.0,2.0,1,9.0,1.5454545454545454,0.0,æ ‘æœ¨å­¦å®¶é›†ä½“,æ ‘æœ¨å­¦å®¶é›†ä½“
Jenson-Boyle & Co,2,1,0,2.0,155.0,2.0,1,10.0,1.5454545454545454,0.0,è©¹æ£®-åšä¼Šå°”å…¬å¸,è©¹æ£®-åšä¼Šå°”å…¬å¸
The Grand Luna Capital Group,2,1,0,2.0,115.0,2.0,1,13.0,1.5454545454545454,0.0,å¤§æœˆäº®èµ„æœ¬é›†å›¢,å¤§æœˆäº®èµ„æœ¬é›†å›¢
Voltagon,2,1,0,2.0,97.0,2.0,1,16.0,1.5454545454545454,0.0,Voltagon,Voltagon
Project Workshop,2,50,22,1.56,159.48,78.0,50,10.04,1.55,44.0,Project Workshop,Project Workshop
ğŸŒ¸Weyland YutaniğŸŒ¸,2,99,44,1.5555555555555556,149.5151515151515,154.0,99,9.616161616161616,1.5504587155963303,44.44,ğŸŒ¸éŸ¦å…°å¾·-å°¤å¦å°¼é›†å›¢ğŸŒ¸,éŸ¦å…°å¾·-å°¤å¦å°¼é›†å›¢
Bio-Sol,2,28,12,1.5714285714285714,117.53571428571429,44.0,28,9.107142857142858,1.5526315789473684,42.86,,
Chimera,2,26,11,1.5769230769230769,131.23076923076923,41.0,26,9.961538461538462,1.5555555555555556,42.31,å¥‡ç¾æ‹‰,å¥‡ç¾æ‹‰
ğŸŒ¸RDAğŸŒ¸,2,35,15,1.5714285714285714,119.91428571428571,55.0,35,9.342857142857143,1.5555555555555556,42.86,ğŸŒ¸RDAğŸŒ¸,RDA
Hotsprings,2,6,2,1.6666666666666667,108.5,10.0,6,9.833333333333334,1.5625,33.33,Hotsprings,Hotsprings
Adhai High Orbit Constructions,2,13,5,1.6153846153846154,162.07692307692307,21.0,13,10.76923076923077,1.565217391304348,38.46,é˜¿è¿ªæµ·é«˜è½¨é“å»ºè®¾,é˜¿è¿ªæµ·é«˜è½¨é“å»ºè®¾
Astrodrill,2,13,5,1.6153846153846154,148.92307692307693,21.0,13,10.461538461538462,1.565217391304348,38.46,å¤©ä½“é’»äº•,å¤©ä½“é’»äº•
Ringcom,2,82,35,1.5731707317073171,156.70731707317074,129.0,82,9.524390243902438,1.565217391304348,42.68,Ringcom,Ringcom
StormCraft Incorporated (breakthrough),2,71,30,1.5774647887323943,133.69014084507043,112.0,71,9.887323943661972,1.5679012345679013,42.25,StormCraft Incorporated (breakthrough),StormCraft Incorporated (breakthrough)
Mons Insurance,2,11,4,1.6363636363636365,108.27272727272727,18.0,11,9.454545454545455,1.5714285714285714,36.36,è’™æ–¯ä¿é™©,è’™æ–¯ä¿é™©
Cheung Shing MARS,2,37,15,1.5945945945945945,144.9189189189189,59.0,37,10.756756756756756,1.574468085106383,40.54,Cheung Shing MARS,Cheung Shing MARS
Lakefront Resorts,2,30,12,1.6,112.56666666666666,48.0,30,9.433333333333334,1.575,40.0,æ¹–ç•”åº¦å‡åŒº,æ¹–ç•”åº¦å‡åŒº
Colonial One,2,16,6,1.625,175.9375,26.0,16,11.1875,1.5769230769230769,37.5,Colonial One,Colonial One
Saturn Systems,2,78,32,1.5897435897435896,143.39743589743588,124.0,78,10.41025641025641,1.5795454545454546,41.03,Saturn Systems,Saturn Systems
Martian Insurance Group,2,21,8,1.619047619047619,128.95238095238096,34.0,21,10.047619047619047,1.5806451612903225,38.1,ç«æ˜Ÿä¿é™©é›†å›¢,ç«æ˜Ÿä¿é™©é›†å›¢
Henkei Genetics,2,2,0,2.0,121.0,4.0,2,8.5,1.5833333333333333,0.0,å˜å½¢é—ä¼ å­¦,å˜å½¢é—ä¼ å­¦
Nanotech Industries,2,2,0,2.0,101.5,4.0,2,11.0,1.5833333333333333,0.0,çº³ç±³æŠ€æœ¯å·¥ä¸š,çº³ç±³æŠ€æœ¯å·¥ä¸š
Robin Haulings,2,26,10,1.6153846153846154,129.46153846153845,42.0,26,9.461538461538462,1.5833333333333333,38.46,ç½—å®¾è¿è¾“,ç½—å®¾è¿è¾“
ğŸŒ¸Green RingğŸŒ¸,2,68,27,1.6029411764705883,147.19117647058823,109.0,68,9.411764705882353,1.5897435897435896,39.71,ğŸŒ¸ç»¿ç¯ğŸŒ¸,ç»¿ç¯
Kuiper Cooperative,2,17,6,1.6470588235294117,102.82352941176471,28.0,17,9.470588235294118,1.5925925925925926,35.29,Kuiper Cooperative,Kuiper Cooperative
Crescent Research Association,2,15,5,1.6666666666666667,141.2,25.0,15,10.266666666666667,1.6,33.33,æœˆç‰™ç ”ç©¶è”ç›Ÿ,æœˆç‰™ç ”ç©¶è”ç›Ÿ
Palladin Shipping,2,20,7,1.65,101.4,33.0,20,9.05,1.6,35.0,Palladin Shipping,Palladin Shipping
Recyclon (breakthrough),2,30,11,1.6333333333333333,119.26666666666667,49.0,30,9.366666666666667,1.6,36.67,Recyclon (breakthrough),Recyclon (breakthrough)
Mining guild (breakthrough),2,53,20,1.6226415094339623,129.69811320754718,86.0,53,10.075471698113208,1.6031746031746033,37.74,Mining guild (breakthrough),Mining guild (breakthrough)
Thorgate (breakthrough),2,66,25,1.621212121212121,138.63636363636363,107.0,66,9.93939393939394,1.605263157894737,37.88,Thorgate (breakthrough),Thorgate (breakthrough)
The Archaic Foundation Institute,2,8,2,1.75,141.0,14.0,8,10.625,1.6111111111111112,25.0,åŸå§‹åŸºé‡‘ä¼šç ”ç©¶æ‰€,åŸå§‹åŸºé‡‘ä¼šç ”ç©¶æ‰€
Aristarchus,2,23,7,1.6956521739130435,125.21739130434783,39.0,23,9.26086956521739,1.6363636363636365,30.43,Aristarchus,Aristarchus
Odyssey,2,12,3,1.75,110.5,21.0,12,10.0,1.6363636363636365,25.0,å¥¥å¾·èµ›,å¥¥å¾·èµ›
PolderTECH Dutch,3,10,9,1.1,85.9,11.0,10,7.2,1.55,90.0,è·å…°åœ©ç”°ç§‘æŠ€,è·å…°åœ©ç”°ç§‘æŠ€
ğŸŒ¸Green Leaf DanceğŸŒ¸,3,37,23,1.4594594594594594,95.27027027027027,54.0,37,7.054054054054054,1.574468085106383,62.16,ğŸŒ¸ç»¿å¶èˆåŠ¨ğŸŒ¸,ç»¿å¶èˆåŠ¨
Id Front,3,39,23,1.564102564102564,118.23076923076923,61.0,39,8.179487179487179,1.653061224489796,58.97,å‰çº¿åŸºåœ°,å‰çº¿åŸºåœ°
Aphrodite (breakthrough),3,90,44,1.6333333333333333,95.83333333333333,147.0,90,7.644444444444445,1.67,48.89,Aphrodite (breakthrough),Aphrodite (breakthrough)
United Nations Mission One,3,43,18,1.697674418604651,90.3953488372093,73.0,43,7.093023255813954,1.7547169811320755,41.86,United Nations Mission One,United Nations Mission One
UNMI (breakthrough),3,109,47,1.7339449541284404,95.19266055045871,189.0,109,7.972477064220183,1.7563025210084033,43.12,UNMI (breakthrough),UNMI (breakthrough)
Brotherhood of Mutants,3,15,8,1.6,150.53333333333333,24.0,15,7.933333333333334,1.76,53.33,å˜ç§äººå…„å¼Ÿä¼š,å˜ç§äººå…„å¼Ÿä¼š
Ambient,3,33,14,1.7272727272727273,99.27272727272727,57.0,33,7.393939393939394,1.7906976744186047,42.42,,
Aurorai,3,13,8,1.6923076923076923,76.76923076923077,22.0,13,5.076923076923077,1.826086956521739,61.54,Aurorai,Aurorai
ğŸŒ¸Shinra TechğŸŒ¸,3,71,29,1.8028169014084507,99.63380281690141,128.0,71,7.690140845070423,1.8271604938271604,40.85,ğŸŒ¸æ¨±èŠ±ç”µğŸŒ¸,æ¨±èŠ±ç”µ
Eglogue,3,19,8,1.736842105263158,83.36842105263158,33.0,19,6.2631578947368425,1.8275862068965518,42.11,Eglogue,Eglogue
ğŸŒ¸Buy N LargeğŸŒ¸,3,33,14,1.7878787878787878,96.6969696969697,59.0,33,6.96969696969697,1.8372093023255813,42.42,ğŸŒ¸å¤§å·¨è´­ğŸŒ¸,å¤§å·¨è´­
Ringcom,3,43,19,1.813953488372093,110.95348837209302,78.0,43,7.72093023255814,1.849056603773585,44.19,Ringcom,Ringcom
CrediCor,3,85,34,1.8352941176470587,93.45882352941176,156.0,85,7.823529411764706,1.8526315789473684,40.0,CrediCor,CrediCor
MorningStar Inc (breakthrough),3,140,61,1.8428571428571427,105.62857142857143,258.0,140,8.257142857142858,1.8533333333333333,43.57,MorningStar Inc (breakthrough),MorningStar Inc (breakthrough)
Robinson Industries (breakthrough),3,45,20,1.8222222222222222,99.24444444444444,82.0,45,8.4,1.8545454545454545,44.44,Robinson Industries (breakthrough),Robinson Industries (breakthrough)
ğŸŒ¸Energy Saving EcologyğŸŒ¸,3,32,16,1.8125,89.0,58.0,32,7.03125,1.8571428571428572,50.0,ğŸŒ¸èŠ‚èƒ½ç”Ÿæ€ğŸŒ¸,èŠ‚èƒ½ç”Ÿæ€
Vitor,3,103,44,1.8446601941747574,110.67961165048544,190.0,103,8.398058252427184,1.8584070796460177,42.72,Vitor,Vitor
Imperial Star Destroyer,3,40,19,1.825,119.875,73.0,40,8.25,1.86,47.5,å¸å›½æ­¼æ˜Ÿèˆ°,å¸å›½æ­¼æ˜Ÿèˆ°
Chaos,3,41,19,1.829268292682927,98.04878048780488,75.0,41,7.7560975609756095,1.8627450980392157,46.34,Chaos,Chaos
Aristarchus,3,21,9,1.8095238095238095,111.04761904761905,38.0,21,8.476190476190476,1.8709677419354838,42.86,Aristarchus,Aristarchus
Viron (breakthrough),3,122,50,1.860655737704918,101.5,227.0,122,8.237704918032787,1.871212121212121,40.98,Viron (breakthrough),Viron (breakthrough)
Philares,3,47,19,1.851063829787234,94.48936170212765,87.0,47,7.787234042553192,1.8771929824561404,40.43,,
Celestic (breakthrough),3,138,51,1.8695652173913044,99.81884057971014,258.0,138,8.26086956521739,1.8783783783783783,36.96,Celestic (breakthrough),Celestic (breakthrough)
Nirgal Enterprises,3,23,9,1.826086956521739,85.8695652173913,42.0,23,7.782608695652174,1.878787878787879,39.13,Nirgal Enterprises,Nirgal Enterprises
Millennium Falcon,3,33,14,1.8484848484848484,115.63636363636364,61.0,33,8.333333333333334,1.8837209302325582,42.42,åƒå¹´éš¼,åƒå¹´éš¼
Terralabs Research (breakthrough),3,68,28,1.8676470588235294,105.6029411764706,127.0,68,8.132352941176471,1.8846153846153846,41.18,Terralabs Research (breakthrough),Terralabs Research (breakthrough)
ğŸŒ¸Scolex IndustriesğŸŒ¸,3,45,18,1.8666666666666667,98.26666666666667,84.0,45,7.333333333333333,1.8909090909090909,40.0,ğŸŒ¸æ˜Ÿæ ¸å·¥ä¸šğŸŒ¸,æ˜Ÿæ ¸å·¥ä¸š
ğŸŒ¸ProtogenğŸŒ¸,3,28,14,1.8571428571428572,87.64285714285714,52.0,28,6.892857142857143,1.894736842105263,50.0,ğŸŒ¸å¾®ç”Ÿç‰©çƒ­èˆğŸŒ¸,å¾®ç”Ÿç‰©çƒ­èˆ
Ecoline (breakthrough),3,108,36,1.8981481481481481,90.18518518518519,205.0,108,7.722222222222222,1.9067796610169492,33.33,Ecoline (breakthrough),Ecoline (breakthrough)
Teractor (breakthrough),3,122,45,1.901639344262295,102.81147540983606,232.0,122,8.418032786885245,1.9090909090909092,36.89,Teractor (breakthrough),Teractor (breakthrough)
é›©å–µç§‘å­¦æ¢æµ‹å™¨,3,35,14,1.8857142857142857,94.05714285714286,66.0,35,7.571428571428571,1.9111111111111112,40.0,é›©å–µç§‘å­¦æ¢æµ‹å™¨,é›©å–µç§‘å­¦æ¢æµ‹å™¨
ğŸŒ¸MirrorCoatğŸŒ¸,3,35,13,1.8857142857142857,103.05714285714286,66.0,35,7.771428571428571,1.9111111111111112,37.14,ğŸŒ¸é•œåğŸŒ¸,é•œå
Point Luna,3,189,77,1.91005291005291,109.77777777777777,361.0,189,8.386243386243386,1.914572864321608,40.74,Point Luna,Point Luna
Prism,3,49,17,1.8979591836734695,109.71428571428571,93.0,49,8.326530612244898,1.9152542372881356,34.69,æ£±é•œå…‰è°±ç ”ç©¶å®¤,æ£±é•œå…‰è°±ç ”ç©¶å®¤
Valley Trust (breakthrough),3,181,69,1.9171270718232045,103.26519337016575,347.0,181,8.425414364640885,1.9214659685863875,38.12,Valley Trust (breakthrough),Valley Trust (breakthrough)
Pharmacy Union,3,43,18,1.9069767441860466,100.90697674418605,82.0,43,8.720930232558139,1.9245283018867925,41.86,åˆ¶è¯è”ç›Ÿ,åˆ¶è¯è”ç›Ÿ
Spire,3,71,27,1.9154929577464788,100.08450704225352,136.0,71,8.309859154929578,1.9259259259259258,38.03,Spire,Spire
Incite,3,4,2,1.75,95.0,7.0,4,7.75,1.9285714285714286,50.0,Incite,Incite
ğŸŒ¸SolarPlantğŸŒ¸,3,33,11,1.9090909090909092,93.84848484848484,63.0,33,7.2727272727272725,1.930232558139535,33.33,ğŸŒ¸å¤ªé˜³èƒ½å…¬å¸ğŸŒ¸,å¤ªé˜³èƒ½å…¬å¸
Colonial One,3,6,2,1.8333333333333333,90.16666666666667,11.0,6,8.666666666666666,1.9375,33.33,Colonial One,Colonial One
Labour Union,3,24,8,1.9166666666666667,71.5,46.0,24,5.75,1.9411764705882353,33.33,Labour Union,Labour Union
Poseidon,3,93,33,1.935483870967742,102.0752688172043,180.0,93,8.172043010752688,1.941747572815534,35.48,Poseidon,Poseidon
Midas,3,25,9,1.92,89.8,48.0,25,7.32,1.9428571428571428,36.0,Midas,Midas
Manutech,3,97,32,1.9381443298969072,96.78350515463917,188.0,97,8.22680412371134,1.9439252336448598,32.99,Manutech,Manutech
Lakefront Resorts,3,44,17,1.9318181818181819,84.88636363636364,85.0,44,6.954545454545454,1.9444444444444444,38.64,æ¹–ç•”åº¦å‡åŒº,æ¹–ç•”åº¦å‡åŒº
Tharsis_republic (breakthrough),3,82,26,1.9390243902439024,92.34146341463415,159.0,82,8.25609756097561,1.9456521739130435,31.71,Tharsis_republic (breakthrough),Tharsis_republic (breakthrough)
Project Workshop,3,27,9,1.9259259259259258,107.33333333333333,52.0,27,8.407407407407407,1.945945945945946,33.33,Project Workshop,Project Workshop
Soylent Seedling Systems,3,27,7,1.9259259259259258,73.85185185185185,52.0,27,6.111111111111111,1.945945945945946,25.93,ç´¢ä¼¦ç‰¹å¹¼è‹—ç³»ç»Ÿ,ç´¢ä¼¦ç‰¹å¹¼è‹—ç³»ç»Ÿ
Splice (breakthrough),3,76,24,1.9473684210526316,100.65789473684211,148.0,76,8.328947368421053,1.9534883720930232,31.58,Splice (breakthrough),Splice (breakthrough)
ğŸŒ¸TyrellğŸŒ¸,3,33,13,1.9393939393939394,109.63636363636364,64.0,33,7.454545454545454,1.9534883720930232,39.39,ğŸŒ¸æ³°ç‘å°”å…¬å¸ğŸŒ¸,æ³°ç‘å°”å…¬å¸
Arklight (breakthrough),3,60,19,1.95,100.43333333333334,117.0,60,8.416666666666666,1.957142857142857,31.67,Arklight (breakthrough),Arklight (breakthrough)
ğŸŒ¸PoliticalReformğŸŒ¸,3,14,5,1.9285714285714286,91.21428571428571,27.0,14,7.571428571428571,1.9583333333333333,35.71,ğŸŒ¸åˆ¶åº¦æ”¹é©ğŸŒ¸,åˆ¶åº¦æ”¹é©
ğŸŒ¸ProwlerğŸŒ¸,3,40,12,1.95,89.7,78.0,40,7.2,1.96,30.0,ğŸŒ¸å¾˜å¾Šè€…ğŸŒ¸,å¾˜å¾Šè€…
ğŸŒ¸Integrated MicroorganismsğŸŒ¸,3,54,20,1.962962962962963,108.9074074074074,106.0,54,7.796296296296297,1.96875,37.04,ğŸŒ¸å¾®ç”Ÿç‰©æ˜Ÿå°˜ğŸŒ¸,å¾®ç”Ÿç‰©æ˜Ÿå°˜
Astrodrill,3,23,10,1.9565217391304348,92.47826086956522,45.0,23,8.347826086956522,1.9696969696969697,43.48,å¤©ä½“é’»äº•,å¤©ä½“é’»äº•
Pobolog (breakthrough),3,122,43,1.9672131147540983,102.92622950819673,240.0,122,8.475409836065573,1.9696969696969697,35.25,Pobolog (breakthrough),Pobolog (breakthrough)
Arcadian Communities (breakthrough),3,26,10,1.9615384615384615,90.6923076923077,51.0,26,8.0,1.9722222222222223,38.46,Arcadian Communities (breakthrough),Arcadian Communities (breakthrough)
Trade Navigator,3,35,10,1.9714285714285715,109.17142857142858,69.0,35,7.828571428571428,1.9777777777777779,28.57,è´¸æ˜“é¢†èˆªè€…,è´¸æ˜“é¢†èˆªè€…
ğŸŒ¸StarlinkDrifterğŸŒ¸,3,35,12,1.9714285714285715,95.94285714285714,69.0,35,7.742857142857143,1.9777777777777779,34.29,ğŸŒ¸æ˜Ÿé“¾æ¼‚æµè€…ğŸŒ¸,æ˜Ÿé“¾æ¼‚æµè€…
ğŸŒ¸Mining CorpğŸŒ¸,3,44,18,1.9772727272727273,99.25,87.0,44,7.7272727272727275,1.9814814814814814,40.91,ğŸŒ¸é’¢é“ç²¾ç‚¼ğŸŒ¸,é’¢é“ç²¾ç‚¼
Mining guild (breakthrough),3,58,16,1.9827586206896552,96.20689655172414,115.0,58,8.568965517241379,1.9852941176470589,27.59,Mining guild (breakthrough),Mining guild (breakthrough)
EcoTec,3,79,26,1.9873417721518987,92.63291139240506,157.0,79,7.69620253164557,1.9887640449438202,32.91,EcoTec,EcoTec
Crescent Research Association,3,4,1,2.0,105.5,8.0,4,9.0,2.0,25.0,æœˆç‰™ç ”ç©¶è”ç›Ÿ,æœˆç‰™ç ”ç©¶è”ç›Ÿ
Hadesphere,3,1,0,2.0,107.0,2.0,1,8.0,2.0,0.0,Hadesphere,Hadesphere
Interplanetary Cinematics (breakthrough),3,127,41,2.0,98.61417322834646,254.0,127,8.133858267716535,2.0,32.28,Interplanetary Cinematics (breakthrough),Interplanetary Cinematics (breakthrough)
Luna First Incorporated,3,4,2,2.0,122.5,8.0,4,10.25,2.0,50.0,æœˆçƒå…ˆè¡Œå…¬å¸,æœˆçƒå…ˆè¡Œå…¬å¸
Mars Direct,3,6,2,2.0,102.0,12.0,6,7.333333333333333,2.0,33.33,ç«æ˜Ÿç›´é€šè½¦,ç«æ˜Ÿç›´é€šè½¦
Mars Frontier Alliance,3,1,0,2.0,134.0,2.0,1,10.0,2.0,0.0,ç«æ˜Ÿè¾¹ç–†è”ç›Ÿ,ç«æ˜Ÿè¾¹ç–†è”ç›Ÿ
Polaris,3,33,12,2.0,79.6969696969697,66.0,33,6.515151515151516,2.0,36.36,åŒ—ææ˜Ÿ,åŒ—ææ˜Ÿ
Sagitta Frontier Services,3,43,15,2.0,100.34883720930233,86.0,43,8.209302325581396,2.0,34.88,Sagitta Frontier Services,Sagitta Frontier Services
Septem Tribus,3,30,8,2.0,102.96666666666667,60.0,30,8.2,2.0,26.67,Septem Tribus,Septem Tribus
ğŸŒ¸EliteTechğŸŒ¸,3,50,18,2.0,102.62,100.0,50,7.6,2.0,36.0,ğŸŒ¸ç²¾è‹±å›é¦ˆğŸŒ¸,ç²¾è‹±å›é¦ˆ
ğŸŒ¸Ark NovağŸŒ¸,3,49,16,2.020408163265306,97.89795918367346,99.0,49,7.877551020408164,2.016949152542373,32.65,ğŸŒ¸æ–¹èˆŸåŠ¨ç‰©å›­ğŸŒ¸,æ–¹èˆŸåŠ¨ç‰©å›­
Inventrix (breakthrough),3,128,41,2.0234375,97.3359375,259.0,128,8.46875,2.0217391304347827,32.03,Inventrix (breakthrough),Inventrix (breakthrough)
ğŸŒ¸Green RingğŸŒ¸,3,30,10,2.033333333333333,100.86666666666666,61.0,30,7.5,2.025,33.33,ğŸŒ¸ç»¿ç¯ğŸŒ¸,ç»¿ç¯
Playwrights,3,29,10,2.0344827586206895,91.41379310344827,59.0,29,7.827586206896552,2.0256410256410255,34.48,Playwrights,Playwrights
ğŸŒ¸åŒè½¨è·ƒè¿ğŸŒ¸,3,29,11,2.0344827586206895,98.0,59.0,29,7.620689655172414,2.0256410256410255,37.93,ğŸŒ¸åŒè½¨è·ƒè¿ğŸŒ¸,åŒè½¨è·ƒè¿
Robin Haulings,3,13,4,2.076923076923077,93.53846153846153,27.0,13,7.846153846153846,2.0434782608695654,30.77,ç½—å®¾è¿è¾“,ç½—å®¾è¿è¾“
Runciter Associates,3,35,10,2.057142857142857,114.68571428571428,72.0,35,8.714285714285714,2.0444444444444443,28.57,æœ—è¥¿æ–¯è”åˆå…¬å¸,æœ—è¥¿æ–¯è”åˆå…¬å¸
ğŸŒ¸RDAğŸŒ¸,3,35,9,2.057142857142857,89.97142857142858,72.0,35,7.542857142857143,2.0444444444444443,25.71,ğŸŒ¸RDAğŸŒ¸,RDA
Agricola Inc,3,7,2,2.142857142857143,116.42857142857143,15.0,7,8.571428571428571,2.0588235294117645,28.57,Agricola Inc,Agricola Inc
Henkei Genetics,3,7,2,2.142857142857143,86.85714285714286,15.0,7,8.142857142857142,2.0588235294117645,28.57,å˜å½¢é—ä¼ å­¦,å˜å½¢é—ä¼ å­¦
Hecate Speditions,3,4,1,2.25,102.75,9.0,4,8.5,2.0714285714285716,25.0,èµ«å¡å¿’æ¢é™©é˜Ÿ,èµ«å¡å¿’æ¢é™©é˜Ÿ
Mons Insurance,3,18,4,2.111111111111111,86.38888888888889,38.0,18,8.666666666666666,2.0714285714285716,22.22,è’™æ–¯ä¿é™©,è’™æ–¯ä¿é™©
Aridor,3,71,22,2.084507042253521,92.1830985915493,148.0,71,8.112676056338028,2.074074074074074,30.99,Aridor,Aridor
Helion (breakthrough),3,84,20,2.0833333333333335,81.95238095238095,175.0,84,7.5,2.074468085106383,23.81,Helion (breakthrough),Helion (breakthrough)
Adhai High Orbit Constructions,3,3,1,2.3333333333333335,67.0,7.0,3,6.666666666666667,2.076923076923077,33.33,é˜¿è¿ªæµ·é«˜è½¨é“å»ºè®¾,é˜¿è¿ªæµ·é«˜è½¨é“å»ºè®¾
Eris,3,2,0,2.5,73.0,5.0,2,7.5,2.0833333333333335,0.0,Eris,Eris
Incite Ender,3,14,4,2.142857142857143,97.92857142857143,30.0,14,7.285714285714286,2.0833333333333335,28.57,Incite Ender,Incite Ender
Void,3,35,10,2.1142857142857143,88.85714285714286,74.0,35,8.028571428571428,2.088888888888889,28.57,Void,Void
Aeron Genomics,3,1,0,3.0,57.0,3.0,1,9.0,2.090909090909091,0.0,è‰¾éš†åŸºå› ç»„å­¦,è‰¾éš†åŸºå› ç»„å­¦
Hotsprings,3,1,0,3.0,44.0,3.0,1,5.0,2.090909090909091,0.0,Hotsprings,Hotsprings
Intragen Sanctuary Headquarters,3,1,0,3.0,57.0,3.0,1,9.0,2.090909090909091,0.0,Intragené¿éš¾æ‰€æ€»éƒ¨,Intragené¿éš¾æ‰€æ€»éƒ¨
Jenson-Boyle & Co,3,1,0,3.0,110.0,3.0,1,12.0,2.090909090909091,0.0,è©¹æ£®-åšä¼Šå°”å…¬å¸,è©¹æ£®-åšä¼Šå°”å…¬å¸
Luna Trade Federation,3,1,0,3.0,104.0,3.0,1,9.0,2.090909090909091,0.0,æœˆçƒè´¸æ˜“è”ç›Ÿ,æœˆçƒè´¸æ˜“è”ç›Ÿ
Mars Maths,3,23,8,2.130434782608696,100.34782608695652,49.0,23,8.478260869565217,2.090909090909091,34.78,Mars Maths,Mars Maths
The Archaic Foundation Institute,3,1,0,3.0,120.0,3.0,1,9.0,2.090909090909091,0.0,åŸå§‹åŸºé‡‘ä¼šç ”ç©¶æ‰€,åŸå§‹åŸºé‡‘ä¼šç ”ç©¶æ‰€
Voltagon,3,1,0,3.0,61.0,3.0,1,7.0,2.090909090909091,0.0,Voltagon,Voltagon
Utopia Invest,3,11,1,2.1818181818181817,87.45454545454545,24.0,11,8.0,2.0952380952380953,9.09,ä¹Œæ‰˜é‚¦æŠ•èµ„è®¡åˆ’,ä¹Œæ‰˜é‚¦æŠ•èµ„è®¡åˆ’
Chimera,3,19,5,2.1578947368421053,101.78947368421052,41.0,19,8.0,2.103448275862069,26.32,å¥‡ç¾æ‹‰,å¥‡ç¾æ‹‰
ğŸŒ¸ThermopoliğŸŒ¸,3,9,2,2.2222222222222223,92.11111111111111,20.0,9,7.333333333333333,2.1052631578947367,22.22,ğŸŒ¸ç²¾çµçƒ­èˆğŸŒ¸,ç²¾çµçƒ­èˆ
Steelaris,3,8,0,2.25,80.125,18.0,8,8.125,2.111111111111111,0.0,é’¢ä¹‹æ˜Ÿ,é’¢ä¹‹æ˜Ÿ
ğŸŒ¸Weyland YutaniğŸŒ¸,3,50,15,2.14,100.52,107.0,50,7.68,2.1166666666666667,30.0,ğŸŒ¸éŸ¦å…°å¾·-å°¤å¦å°¼é›†å›¢ğŸŒ¸,éŸ¦å…°å¾·-å°¤å¦å°¼é›†å›¢
Earth Cat Cult,3,7,1,2.2857142857142856,88.85714285714286,16.0,7,7.142857142857143,2.1176470588235294,14.29,Earth Cat Cult,Earth Cat Cult
Bio-Sol,3,14,4,2.2142857142857144,100.85714285714286,31.0,14,8.142857142857142,2.125,28.57,,
Odyssey,3,6,1,2.3333333333333335,86.0,14.0,6,8.0,2.125,16.67,å¥¥å¾·èµ›,å¥¥å¾·èµ›
Tycho Magnetics,3,67,21,2.1492537313432836,106.17910447761194,144.0,67,8.701492537313433,2.1298701298701297,31.34,ç¬¬è°·ç£åŠ›,ç¬¬è°·ç£åŠ›
Curiosity II,3,20,6,2.2,85.0,44.0,20,8.0,2.1333333333333333,30.0,Curiosity II,Curiosity II
Luna Chain,3,25,7,2.2,100.28,55.0,25,8.6,2.142857142857143,28.0,è¿æœˆ,è¿æœˆ
Mind Set Mars,3,4,0,2.5,72.75,10.0,4,6.75,2.142857142857143,0.0,Mind Set Mars,Mind Set Mars
Junk Ventures,3,29,7,2.206896551724138,102.55172413793103,64.0,29,8.344827586206897,2.1538461538461537,24.14,Junk Ventures,Junk Ventures
Factorum (breakthrough),3,64,18,2.1875,100.25,140.0,64,8.734375,2.1621621621621623,28.12,Factorum (breakthrough),Factorum (breakthrough)
Demetron Labs,3,2,0,3.0,126.5,6.0,2,10.5,2.1666666666666665,0.0,å¾·ç±³ç‰¹ä¼¦å®éªŒå®¤,å¾·ç±³ç‰¹ä¼¦å®éªŒå®¤
SolBank,3,8,1,2.375,92.625,19.0,8,7.75,2.1666666666666665,12.5,SolBank,SolBank
Saturn Systems,3,67,15,2.1940298507462686,95.82089552238806,147.0,67,8.537313432835822,2.168831168831169,22.39,Saturn Systems,Saturn Systems
Recyclon (breakthrough),3,43,9,2.2093023255813953,90.23255813953489,95.0,43,8.325581395348838,2.169811320754717,20.93,Recyclon (breakthrough),Recyclon (breakthrough)
Pristar (breakthrough),3,13,2,2.3076923076923075,105.23076923076923,30.0,13,9.076923076923077,2.1739130434782608,15.38,Pristar (breakthrough),Pristar (breakthrough)
Habitat Marte,3,7,1,2.4285714285714284,103.28571428571429,17.0,7,8.571428571428571,2.176470588235294,14.29,ç«æ˜Ÿæ –æ¯åœ°,ç«æ˜Ÿæ –æ¯åœ°
Kuiper Cooperative,3,18,4,2.2777777777777777,90.72222222222223,41.0,18,8.944444444444445,2.1785714285714284,22.22,Kuiper Cooperative,Kuiper Cooperative
Palladin Shipping,3,27,5,2.259259259259259,81.14814814814815,61.0,27,7.851851851851852,2.189189189189189,18.52,Palladin Shipping,Palladin Shipping
Thorgate (breakthrough),3,69,17,2.217391304347826,95.59420289855072,153.0,69,8.318840579710145,2.189873417721519,24.64,Thorgate (breakthrough),Thorgate (breakthrough)
TeiAi Group,3,11,2,2.3636363636363638,99.27272727272727,26.0,11,8.727272727272727,2.1904761904761907,18.18,å¸çˆ±èµŒåœº,å¸çˆ±èµŒåœº
Cheung Shing MARS,3,42,7,2.238095238095238,86.97619047619048,94.0,42,8.5,2.1923076923076925,16.67,Cheung Shing MARS,Cheung Shing MARS
Collegium Copernicus,3,20,3,2.3,83.8,46.0,20,7.8,2.2,15.0,å“¥ç™½å°¼å­¦é™¢,å“¥ç™½å°¼å­¦é™¢
StormCraft Incorporated (breakthrough),3,55,11,2.2363636363636363,96.94545454545455,123.0,55,8.6,2.2,20.0,StormCraft Incorporated (breakthrough),StormCraft Incorporated (breakthrough)
Polyphemos (breakthrough),3,20,3,2.35,79.05,47.0,20,8.3,2.2333333333333334,15.0,Polyphemos (breakthrough),Polyphemos (breakthrough)
Athena,3,6,0,2.6666666666666665,83.0,16.0,6,8.166666666666666,2.25,0.0,Athena,Athena
Gagarin Mobile Base,3,5,0,2.8,72.2,14.0,5,7.2,2.2666666666666666,0.0,Gagarin Mobile Base,Gagarin Mobile Base
Martian Insurance Group,3,13,0,2.6923076923076925,78.76923076923077,35.0,13,7.615384615384615,2.391304347826087,0.0,ç«æ˜Ÿä¿é™©é›†å›¢,ç«æ˜Ÿä¿é™©é›†å›¢
Aphrodite (breakthrough),4,165,74,1.896969696969697,82.94545454545455,313.0,165,6.042424242424242,1.9314285714285715,44.85,Aphrodite (breakthrough),Aphrodite (breakthrough)
Brotherhood of Mutants,4,43,21,1.9069767441860466,91.0,82.0,43,6.046511627906977,2.018867924528302,48.84,å˜ç§äººå…„å¼Ÿä¼š,å˜ç§äººå…„å¼Ÿä¼š
ğŸŒ¸Green Leaf DanceğŸŒ¸,4,308,107,2.090909090909091,77.76298701298701,644.0,308,5.571428571428571,2.1037735849056602,34.74,ğŸŒ¸ç»¿å¶èˆåŠ¨ğŸŒ¸,ç»¿å¶èˆåŠ¨
Eglogue,4,299,96,2.1237458193979935,71.56521739130434,635.0,299,5.036789297658863,2.1359223300970873,32.11,Eglogue,Eglogue
Ecoline (breakthrough),4,344,110,2.1424418604651163,77.34593023255815,737.0,344,5.837209302325581,2.152542372881356,31.98,Ecoline (breakthrough),Ecoline (breakthrough)
MorningStar Inc (breakthrough),4,528,191,2.162878787878788,90.69128787878788,1142.0,528,6.40719696969697,2.1691449814126393,36.17,MorningStar Inc (breakthrough),MorningStar Inc (breakthrough)
UNMI (breakthrough),4,194,59,2.211340206185567,74.9381443298969,429.0,194,6.097938144329897,2.2254901960784315,30.41,UNMI (breakthrough),UNMI (breakthrough)
ğŸŒ¸ThermopoliğŸŒ¸,4,176,62,2.221590909090909,74.375,391.0,176,5.2897727272727275,2.236559139784946,35.23,ğŸŒ¸ç²¾çµçƒ­èˆğŸŒ¸,ç²¾çµçƒ­èˆ
Ringcom,4,765,241,2.237908496732026,85.3437908496732,1712.0,765,5.790849673202614,2.241290322580645,31.5,Ringcom,Ringcom
ğŸŒ¸Buy N LargeğŸŒ¸,4,243,78,2.246913580246914,77.53909465020575,546.0,243,5.559670781893004,2.2569169960474307,32.1,ğŸŒ¸å¤§å·¨è´­ğŸŒ¸,å¤§å·¨è´­
United Nations Mission One,4,399,120,2.2531328320802007,69.38847117794487,899.0,399,4.398496240601504,2.259168704156479,30.08,United Nations Mission One,United Nations Mission One
PolderTECH Dutch,4,128,41,2.2421875,39.296875,287.0,128,1.53125,2.260869565217391,32.03,è·å…°åœ©ç”°ç§‘æŠ€,è·å…°åœ©ç”°ç§‘æŠ€
Arcadian Communities (breakthrough),4,390,122,2.258974358974359,77.81538461538462,881.0,390,5.748717948717949,2.265,31.28,Arcadian Communities (breakthrough),Arcadian Communities (breakthrough)
Splice (breakthrough),4,702,215,2.264957264957265,81.92307692307692,1590.0,702,5.833333333333333,2.268258426966292,30.63,Splice (breakthrough),Splice (breakthrough)
ğŸŒ¸ProwlerğŸŒ¸,4,484,142,2.2789256198347108,77.94834710743801,1103.0,484,5.663223140495868,2.283400809716599,29.34,ğŸŒ¸å¾˜å¾Šè€…ğŸŒ¸,å¾˜å¾Šè€…
ğŸŒ¸RDAğŸŒ¸,4,364,109,2.282967032967033,75.28846153846153,831.0,364,5.582417582417582,2.2887700534759357,29.95,ğŸŒ¸RDAğŸŒ¸,RDA
Eris,4,7,2,2.0,76.28571428571429,14.0,7,6.142857142857143,2.2941176470588234,28.57,Eris,Eris
Soylent Seedling Systems,4,184,47,2.3043478260869565,48.755434782608695,424.0,184,2.5489130434782608,2.314432989690722,25.54,ç´¢ä¼¦ç‰¹å¹¼è‹—ç³»ç»Ÿ,ç´¢ä¼¦ç‰¹å¹¼è‹—ç³»ç»Ÿ
ğŸŒ¸Energy Saving EcologyğŸŒ¸,4,395,119,2.311392405063291,73.8379746835443,913.0,395,5.3822784810126585,2.3160493827160495,30.13,ğŸŒ¸èŠ‚èƒ½ç”Ÿæ€ğŸŒ¸,èŠ‚èƒ½ç”Ÿæ€
ğŸŒ¸ProtogenğŸŒ¸,4,322,86,2.313664596273292,76.2639751552795,745.0,322,5.549689440993789,2.319277108433735,26.71,ğŸŒ¸å¾®ç”Ÿç‰©çƒ­èˆğŸŒ¸,å¾®ç”Ÿç‰©çƒ­èˆ
Id Front,4,77,27,2.2987012987012987,93.87012987012987,177.0,77,7.220779220779221,2.32183908045977,35.06,å‰çº¿åŸºåœ°,å‰çº¿åŸºåœ°
EcoTec,4,335,89,2.328358208955224,75.27761194029851,780.0,335,5.71044776119403,2.3333333333333335,26.57,EcoTec,EcoTec
Earth Cat Cult,4,55,19,2.309090909090909,76.54545454545455,127.0,55,5.618181818181818,2.3384615384615386,34.55,Earth Cat Cult,Earth Cat Cult
Ambient,4,368,100,2.345108695652174,77.42663043478261,863.0,368,5.611413043478261,2.3492063492063493,27.17,,
Celestic (breakthrough),4,855,249,2.3485380116959065,82.8233918128655,2008.0,855,6.008187134502924,2.3502890173410407,29.12,Celestic (breakthrough),Celestic (breakthrough)
Mind Set Mars,4,4,1,2.0,83.0,8.0,4,6.75,2.357142857142857,25.0,Mind Set Mars,Mind Set Mars
ğŸŒ¸MirrorCoatğŸŒ¸,4,291,91,2.3539518900343643,81.3917525773196,685.0,291,5.951890034364261,2.3588039867109636,31.27,ğŸŒ¸é•œåğŸŒ¸,é•œå
Spire,4,572,175,2.3776223776223775,79.4020979020979,1360.0,572,5.753496503496503,2.379725085910653,30.59,Spire,Spire
Vitor,4,801,250,2.3782771535580522,83.60174781523096,1905.0,801,5.863920099875156,2.379778051787916,31.21,Vitor,Vitor
ğŸŒ¸SolarPlantğŸŒ¸,4,532,145,2.3778195488721803,75.60338345864662,1265.0,532,5.657894736842105,2.3800738007380073,27.26,ğŸŒ¸å¤ªé˜³èƒ½å…¬å¸ğŸŒ¸,å¤ªé˜³èƒ½å…¬å¸
Interplanetary Cinematics (breakthrough),4,852,260,2.3791079812206575,78.49530516431925,2027.0,852,5.806338028169014,2.3805104408352666,30.52,Interplanetary Cinematics (breakthrough),Interplanetary Cinematics (breakthrough)
Septem Tribus,4,126,41,2.380952380952381,79.01587301587301,300.0,126,6.063492063492063,2.389705882352941,32.54,Septem Tribus,Septem Tribus
Philares,4,66,19,2.378787878787879,74.45454545454545,157.0,66,6.454545454545454,2.3947368421052633,28.79,,
Polaris,4,426,110,2.4014084507042255,71.43427230046949,1023.0,426,5.284037558685446,2.403669724770642,25.82,åŒ—ææ˜Ÿ,åŒ—ææ˜Ÿ
Chaos,4,162,47,2.4012345679012346,80.89506172839506,389.0,162,6.018518518518518,2.4069767441860463,29.01,Chaos,Chaos
ğŸŒ¸Integrated MicroorganismsğŸŒ¸,4,743,208,2.4064602960969044,79.42395693135936,1788.0,743,5.72678331090175,2.407702523240372,27.99,ğŸŒ¸å¾®ç”Ÿç‰©æ˜Ÿå°˜ğŸŒ¸,å¾®ç”Ÿç‰©æ˜Ÿå°˜
Hecate Speditions,4,265,72,2.4113207547169813,84.59622641509434,639.0,265,5.7924528301886795,2.4145454545454546,27.17,èµ«å¡å¿’æ¢é™©é˜Ÿ,èµ«å¡å¿’æ¢é™©é˜Ÿ
Arborist Collective,4,2,1,2.0,75.0,4.0,2,7.0,2.4166666666666665,50.0,æ ‘æœ¨å­¦å®¶é›†ä½“,æ ‘æœ¨å­¦å®¶é›†ä½“
ğŸŒ¸Scolex IndustriesğŸŒ¸,4,658,175,2.439209726443769,78.29939209726444,1605.0,658,5.890577507598784,2.440119760479042,26.6,ğŸŒ¸æ˜Ÿæ ¸å·¥ä¸šğŸŒ¸,æ˜Ÿæ ¸å·¥ä¸š
Aurorai,4,146,43,2.4383561643835616,41.513698630136986,356.0,146,1.8424657534246576,2.4423076923076925,29.45,Aurorai,Aurorai
Agricola Inc,4,8,2,2.375,87.375,19.0,8,6.875,2.4444444444444446,25.0,Agricola Inc,Agricola Inc
Pobolog (breakthrough),4,714,194,2.4453781512605044,79.74369747899159,1746.0,714,5.96218487394958,2.446132596685083,27.17,Pobolog (breakthrough),Pobolog (breakthrough)
CrediCor,4,385,85,2.446753246753247,62.32207792207792,942.0,385,4.34025974025974,2.448101265822785,22.08,CrediCor,CrediCor
Imperial Star Destroyer,4,114,27,2.4473684210526314,91.00877192982456,279.0,114,6.675438596491228,2.4516129032258065,23.68,å¸å›½æ­¼æ˜Ÿèˆ°,å¸å›½æ­¼æ˜Ÿèˆ°
Keplertec,4,1,0,2.0,95.0,2.0,1,6.0,2.4545454545454546,0.0,Keplertec,Keplertec
Voltagon,4,1,0,2.0,99.0,2.0,1,6.0,2.4545454545454546,0.0,Voltagon,Voltagon
Sagitta Frontier Services,4,298,75,2.4630872483221475,77.32214765100672,734.0,298,5.906040268456376,2.4642857142857144,25.17,Sagitta Frontier Services,Sagitta Frontier Services
Steelaris,4,76,18,2.460526315789474,73.73684210526316,187.0,76,5.723684210526316,2.4651162790697674,23.68,é’¢ä¹‹æ˜Ÿ,é’¢ä¹‹æ˜Ÿ
Lakefront Resorts,4,353,75,2.4730878186968837,72.45325779036827,873.0,353,5.606232294617564,2.4738292011019283,21.25,æ¹–ç•”åº¦å‡åŒº,æ¹–ç•”åº¦å‡åŒº
StormCraft Incorporated (breakthrough),4,421,100,2.477434679334917,80.84560570071258,1043.0,421,5.957244655581948,2.4779582366589326,23.75,StormCraft Incorporated (breakthrough),StormCraft Incorporated (breakthrough)
Tharsis_republic (breakthrough),4,161,33,2.484472049689441,77.4472049689441,400.0,161,6.478260869565218,2.4853801169590644,20.5,Tharsis_republic (breakthrough),Tharsis_republic (breakthrough)
Incite Ender,4,290,75,2.496551724137931,76.8344827586207,724.0,290,5.7,2.4966666666666666,25.86,Incite Ender,Incite Ender
ğŸŒ¸Shinra TechğŸŒ¸,4,694,152,2.5,78.93515850144092,1735.0,694,5.933717579250721,2.5,21.9,ğŸŒ¸æ¨±èŠ±ç”µğŸŒ¸,æ¨±èŠ±ç”µ
Polyphemos (breakthrough),4,23,6,2.5217391304347827,79.21739130434783,58.0,23,7.130434782608695,2.515151515151515,26.09,Polyphemos (breakthrough),Polyphemos (breakthrough)
Habitat Marte,4,7,2,2.5714285714285716,78.0,18.0,7,6.142857142857143,2.5294117647058822,28.57,ç«æ˜Ÿæ –æ¯åœ°,ç«æ˜Ÿæ –æ¯åœ°
Incite,4,7,2,2.5714285714285716,76.14285714285714,18.0,7,7.142857142857143,2.5294117647058822,28.57,Incite,Incite
Viron (breakthrough),4,535,135,2.5308411214953273,79.97009345794393,1354.0,535,6.02803738317757,2.530275229357798,25.23,Viron (breakthrough),Viron (breakthrough)
Luna First Incorporated,4,5,0,2.6,80.2,13.0,5,7.2,2.533333333333333,0.0,æœˆçƒå…ˆè¡Œå…¬å¸,æœˆçƒå…ˆè¡Œå…¬å¸
Manutech,4,423,113,2.541371158392435,79.40898345153664,1075.0,423,6.033096926713948,2.540415704387991,26.71,Manutech,Manutech
Saturn Systems,4,302,64,2.5463576158940397,81.5728476821192,769.0,302,6.367549668874172,2.5448717948717947,21.19,Saturn Systems,Saturn Systems
Anubis Securities,4,1,0,3.0,83.0,3.0,1,7.0,2.5454545454545454,0.0,é˜¿åŠªæ¯”æ–¯è¯åˆ¸,é˜¿åŠªæ¯”æ–¯è¯åˆ¸
Teractor (breakthrough),4,811,187,2.5499383477188657,79.48581997533908,2068.0,811,5.922318125770653,2.5493300852618757,23.06,Teractor (breakthrough),Teractor (breakthrough)
ğŸŒ¸EliteTechğŸŒ¸,4,685,171,2.5562043795620437,77.25255474452555,1751.0,685,5.757664233576643,2.5553956834532374,24.96,ğŸŒ¸ç²¾è‹±å›é¦ˆğŸŒ¸,ç²¾è‹±å›é¦ˆ
Pharmacy Union,4,123,25,2.5609756097560976,75.28455284552845,315.0,123,6.195121951219512,2.556390977443609,20.33,åˆ¶è¯è”ç›Ÿ,åˆ¶è¯è”ç›Ÿ
Valley Trust (breakthrough),4,959,227,2.5578727841501565,78.99165797705943,2453.0,959,5.9395203336809175,2.557275541795666,23.67,Valley Trust (breakthrough),Valley Trust (breakthrough)
ğŸŒ¸Mining CorpğŸŒ¸,4,625,143,2.56,77.496,1600.0,625,5.872,2.559055118110236,22.88,ğŸŒ¸é’¢é“ç²¾ç‚¼ğŸŒ¸,é’¢é“ç²¾ç‚¼
Aristarchus,4,97,27,2.5670103092783507,81.22680412371135,249.0,97,5.783505154639175,2.560747663551402,27.84,Aristarchus,Aristarchus
Martian Insurance Group,4,22,3,2.590909090909091,69.77272727272727,57.0,22,6.2272727272727275,2.5625,13.64,ç«æ˜Ÿä¿é™©é›†å›¢,ç«æ˜Ÿä¿é™©é›†å›¢
Luna Chain,4,288,74,2.5694444444444446,80.82638888888889,740.0,288,5.888888888888889,2.5671140939597317,25.69,è¿æœˆ,è¿æœˆ
Luna Trade Federation,4,4,0,2.75,80.25,11.0,4,8.0,2.5714285714285716,0.0,æœˆçƒè´¸æ˜“è”ç›Ÿ,æœˆçƒè´¸æ˜“è”ç›Ÿ
Labour Union,4,137,29,2.5839416058394162,38.56204379562044,354.0,137,1.5912408759124088,2.578231292517007,21.17,Labour Union,Labour Union
ğŸŒ¸Ark NovağŸŒ¸,4,588,140,2.5850340136054424,79.3656462585034,1520.0,588,5.869047619047619,2.5836120401337794,23.81,ğŸŒ¸æ–¹èˆŸåŠ¨ç‰©å›­ğŸŒ¸,æ–¹èˆŸåŠ¨ç‰©å›­
ğŸŒ¸TyrellğŸŒ¸,4,465,97,2.595698924731183,77.90322580645162,1207.0,465,5.868817204301076,2.5936842105263156,20.86,ğŸŒ¸æ³°ç‘å°”å…¬å¸ğŸŒ¸,æ³°ç‘å°”å…¬å¸
Bio-Sol,4,64,14,2.609375,74.890625,167.0,64,6.046875,2.5945945945945947,21.88,,
Jenson-Boyle & Co,4,5,1,2.8,77.0,14.0,5,6.4,2.6,20.0,è©¹æ£®-åšä¼Šå°”å…¬å¸,è©¹æ£®-åšä¼Šå°”å…¬å¸
Helion (breakthrough),4,192,34,2.609375,67.53125,501.0,192,5.864583333333333,2.603960396039604,17.71,Helion (breakthrough),Helion (breakthrough)
Void,4,274,62,2.616788321167883,57.46350364963504,717.0,274,3.9927007299270074,2.612676056338028,22.63,Void,Void
Adhai High Orbit Constructions,4,11,2,2.727272727272727,84.81818181818181,30.0,11,7.181818181818182,2.619047619047619,18.18,é˜¿è¿ªæµ·é«˜è½¨é“å»ºè®¾,é˜¿è¿ªæµ·é«˜è½¨é“å»ºè®¾
Athena,4,14,2,2.7142857142857144,87.5,38.0,14,7.0,2.625,14.29,Athena,Athena
Crescent Research Association,4,6,0,2.8333333333333335,95.0,17.0,6,8.0,2.625,0.0,æœˆç‰™ç ”ç©¶è”ç›Ÿ,æœˆç‰™ç ”ç©¶è”ç›Ÿ
ğŸŒ¸Green RingğŸŒ¸,4,375,88,2.6293333333333333,76.49066666666667,986.0,375,5.9013333333333335,2.625974025974026,23.47,ğŸŒ¸ç»¿ç¯ğŸŒ¸,ç»¿ç¯
Point Luna,4,908,225,2.633259911894273,77.9988986784141,2391.0,908,5.987885462555066,2.6318082788671022,24.78,Point Luna,Point Luna
ğŸŒ¸Weyland YutaniğŸŒ¸,4,852,175,2.6338028169014085,77.91197183098592,2244.0,852,5.687793427230047,2.6322505800464038,20.54,ğŸŒ¸éŸ¦å…°å¾·-å°¤å¦å°¼é›†å›¢ğŸŒ¸,éŸ¦å…°å¾·-å°¤å¦å°¼é›†å›¢
Midas,4,516,130,2.635658914728682,65.04263565891473,1360.0,516,4.496124031007752,2.6330798479087454,25.19,Midas,Midas
Demetron Labs,4,1,0,4.0,73.0,4.0,1,7.0,2.6363636363636362,0.0,å¾·ç±³ç‰¹ä¼¦å®éªŒå®¤,å¾·ç±³ç‰¹ä¼¦å®éªŒå®¤
Intragen Sanctuary Headquarters,4,1,0,4.0,67.0,4.0,1,7.0,2.6363636363636362,0.0,Intragené¿éš¾æ‰€æ€»éƒ¨,Intragené¿éš¾æ‰€æ€»éƒ¨
Luna Hyperloop Corporation,4,1,0,4.0,67.0,4.0,1,7.0,2.6363636363636362,0.0,æœˆçƒè¶…çº§é«˜é€Ÿåˆ—è½¦,æœˆçƒè¶…çº§é«˜é€Ÿåˆ—è½¦
Poseidon,4,518,109,2.638996138996139,77.996138996139,1367.0,518,5.916988416988417,2.6363636363636362,21.04,Poseidon,Poseidon
The Grand Luna Capital Group,4,1,0,4.0,64.0,4.0,1,8.0,2.6363636363636362,0.0,å¤§æœˆäº®èµ„æœ¬é›†å›¢,å¤§æœˆäº®èµ„æœ¬é›†å›¢
Kuiper Cooperative,4,18,3,2.7222222222222223,75.94444444444444,49.0,18,7.333333333333333,2.642857142857143,16.67,Kuiper Cooperative,Kuiper Cooperative
é›©å–µç§‘å­¦æ¢æµ‹å™¨,4,724,158,2.6450276243093924,77.99447513812154,1915.0,724,5.7569060773480665,2.6430517711171664,21.82,é›©å–µç§‘å­¦æ¢æµ‹å™¨,é›©å–µç§‘å­¦æ¢æµ‹å™¨
Henkei Genetics,4,7,1,2.857142857142857,70.0,20.0,7,5.714285714285714,2.6470588235294117,14.29,å˜å½¢é—ä¼ å­¦,å˜å½¢é—ä¼ å­¦
Arklight (breakthrough),4,286,57,2.6538461538461537,76.57692307692308,759.0,286,5.965034965034965,2.6486486486486487,19.93,Arklight (breakthrough),Arklight (breakthrough)
Astrodrill,4,27,6,2.7037037037037037,25.59259259259259,73.0,27,7.185185185185185,2.6486486486486487,22.22,å¤©ä½“é’»äº•,å¤©ä½“é’»äº•
Prism,4,527,130,2.6584440227703983,82.7438330170778,1401.0,527,6.009487666034156,2.655493482309125,24.67,æ£±é•œå…‰è°±ç ”ç©¶å®¤,æ£±é•œå…‰è°±ç ”ç©¶å®¤
Trade Navigator,4,93,18,2.6774193548387095,81.82795698924731,249.0,93,6.516129032258065,2.6601941747572817,19.35,è´¸æ˜“é¢†èˆªè€…,è´¸æ˜“é¢†èˆªè€…
Millennium Falcon,4,91,21,2.681318681318681,72.76923076923077,244.0,91,6.461538461538462,2.6633663366336635,23.08,åƒå¹´éš¼,åƒå¹´éš¼
The Archaic Foundation Institute,4,3,0,3.3333333333333335,85.66666666666667,10.0,3,8.333333333333334,2.6923076923076925,0.0,åŸå§‹åŸºé‡‘ä¼šç ”ç©¶æ‰€,åŸå§‹åŸºé‡‘ä¼šç ”ç©¶æ‰€
ğŸŒ¸StarlinkDrifterğŸŒ¸,4,515,110,2.6990291262135924,78.19029126213593,1390.0,515,5.8757281553398055,2.6952380952380954,21.36,ğŸŒ¸æ˜Ÿé“¾æ¼‚æµè€…ğŸŒ¸,æ˜Ÿé“¾æ¼‚æµè€…
Terralabs Research (breakthrough),4,354,76,2.7062146892655368,77.62429378531074,958.0,354,6.214689265536723,2.7005494505494507,21.47,Terralabs Research (breakthrough),Terralabs Research (breakthrough)
Colonial One,4,7,1,3.0,70.42857142857143,21.0,7,6.714285714285714,2.7058823529411766,14.29,Colonial One,Colonial One
ğŸŒ¸PoliticalReformğŸŒ¸,4,224,48,2.71875,72.91517857142857,609.0,224,5.754464285714286,2.7094017094017095,21.43,ğŸŒ¸åˆ¶åº¦æ”¹é©ğŸŒ¸,åˆ¶åº¦æ”¹é©
Hotsprings,4,4,0,3.25,70.5,13.0,4,7.5,2.7142857142857144,0.0,Hotsprings,Hotsprings
Robinson Industries (breakthrough),4,43,7,2.7674418604651163,70.97674418604652,119.0,43,7.162790697674419,2.7169811320754715,16.28,Robinson Industries (breakthrough),Robinson Industries (breakthrough)
Mars Direct,4,8,1,3.0,78.125,24.0,8,6.375,2.7222222222222223,12.5,ç«æ˜Ÿç›´é€šè½¦,ç«æ˜Ÿç›´é€šè½¦
Aridor,4,91,19,2.7472527472527473,77.35164835164835,250.0,91,6.8791208791208796,2.722772277227723,20.88,Aridor,Aridor
Mining guild (breakthrough),4,167,26,2.7425149700598803,71.38323353293413,458.0,167,6.149700598802395,2.7288135593220337,15.57,Mining guild (breakthrough),Mining guild (breakthrough)
Inventrix (breakthrough),4,345,63,2.736231884057971,75.60579710144927,944.0,345,6.260869565217392,2.7295774647887323,18.26,Inventrix (breakthrough),Inventrix (breakthrough)
Robin Haulings,4,31,6,2.806451612903226,74.74193548387096,87.0,31,6.064516129032258,2.731707317073171,19.35,ç½—å®¾è¿è¾“,ç½—å®¾è¿è¾“
Thorgate (breakthrough),4,69,11,2.7681159420289854,78.0,191.0,69,7.173913043478261,2.7341772151898733,15.94,Thorgate (breakthrough),Thorgate (breakthrough)
Mons Insurance,4,9,1,3.0,69.88888888888889,27.0,9,7.777777777777778,2.736842105263158,11.11,è’™æ–¯ä¿é™©,è’™æ–¯ä¿é™©
Nirgal Enterprises,4,13,0,2.923076923076923,78.0,38.0,13,6.923076923076923,2.739130434782609,0.0,Nirgal Enterprises,Nirgal Enterprises
Playwrights,4,262,54,2.7595419847328246,70.5381679389313,723.0,262,5.755725190839694,2.75,20.61,Playwrights,Playwrights
Gagarin Mobile Base,4,27,3,2.8518518518518516,74.0,77.0,27,6.37037037037037,2.7567567567567566,11.11,Gagarin Mobile Base,Gagarin Mobile Base
Mars Frontier Alliance,4,4,0,3.5,55.25,14.0,4,5.75,2.7857142857142856,0.0,ç«æ˜Ÿè¾¹ç–†è”ç›Ÿ,ç«æ˜Ÿè¾¹ç–†è”ç›Ÿ
Recyclon (breakthrough),4,83,9,2.8313253012048194,68.75903614457832,235.0,83,5.843373493975903,2.795698924731183,10.84,Recyclon (breakthrough),Recyclon (breakthrough)
Kingdom of Tauraro,4,5,0,3.4,72.6,17.0,5,6.8,2.8,0.0,é™¶æ‹‰ç½—ç‹å›½,é™¶æ‹‰ç½—ç‹å›½
Utopia Invest,4,50,5,2.86,73.78,143.0,50,6.0,2.8,10.0,ä¹Œæ‰˜é‚¦æŠ•èµ„è®¡åˆ’,ä¹Œæ‰˜é‚¦æŠ•èµ„è®¡åˆ’
Palladin Shipping,4,47,7,2.893617021276596,69.70212765957447,136.0,47,6.76595744680851,2.824561403508772,14.89,Palladin Shipping,Palladin Shipping
ğŸŒ¸åŒè½¨è·ƒè¿ğŸŒ¸,4,192,31,2.8489583333333335,71.09375,547.0,192,5.708333333333333,2.8316831683168315,16.15,ğŸŒ¸åŒè½¨è·ƒè¿ğŸŒ¸,åŒè½¨è·ƒè¿
Chimera,4,32,5,2.9375,74.1875,94.0,32,6.84375,2.8333333333333335,15.62,å¥‡ç¾æ‹‰,å¥‡ç¾æ‹‰
SolBank,4,15,2,3.066666666666667,76.0,46.0,15,6.8,2.84,13.33,SolBank,SolBank
Nanotech Industries,4,5,0,3.6,72.0,18.0,5,7.8,2.8666666666666667,0.0,çº³ç±³æŠ€æœ¯å·¥ä¸š,çº³ç±³æŠ€æœ¯å·¥ä¸š
Collegium Copernicus,4,188,29,2.893617021276596,72.90957446808511,544.0,188,6.031914893617022,2.8737373737373737,15.43,å“¥ç™½å°¼å­¦é™¢,å“¥ç™½å°¼å­¦é™¢
Runciter Associates,4,86,10,2.9302325581395348,71.68604651162791,252.0,86,6.662790697674419,2.8854166666666665,11.63,æœ—è¥¿æ–¯è”åˆå…¬å¸,æœ—è¥¿æ–¯è”åˆå…¬å¸
Project Workshop,4,38,4,3.0,73.13157894736842,114.0,38,6.7368421052631575,2.8958333333333335,10.53,Project Workshop,Project Workshop
Pristar (breakthrough),4,52,7,2.980769230769231,78.26923076923077,155.0,52,6.596153846153846,2.903225806451613,13.46,Pristar (breakthrough),Pristar (breakthrough)
Factorum (breakthrough),4,199,29,2.9246231155778895,69.2964824120603,582.0,199,6.341708542713568,2.9043062200956937,14.57,Factorum (breakthrough),Factorum (breakthrough)
TeiAi Group,4,22,4,3.090909090909091,73.18181818181819,68.0,22,6.863636363636363,2.90625,18.18,å¸çˆ±èµŒåœº,å¸çˆ±èµŒåœº
Curiosity II,4,56,10,2.982142857142857,72.41071428571429,167.0,56,6.142857142857143,2.909090909090909,17.86,Curiosity II,Curiosity II
Tycho Magnetics,4,273,33,2.9633699633699635,72.8058608058608,809.0,273,6.428571428571429,2.9469964664310955,12.09,ç¬¬è°·ç£åŠ›,ç¬¬è°·ç£åŠ›
Cheung Shing MARS,4,36,3,3.1944444444444446,71.72222222222223,115.0,36,7.055555555555555,3.0434782608695654,8.33,Cheung Shing MARS,Cheung Shing MARS
Odyssey,4,11,1,3.5454545454545454,15.272727272727273,39.0,11,6.363636363636363,3.0476190476190474,9.09,å¥¥å¾·èµ›,å¥¥å¾·èµ›
Mars Maths,4,67,7,3.1343283582089554,70.53731343283582,210.0,67,6.268656716417911,3.051948051948052,10.45,Mars Maths,Mars Maths
Junk Ventures,4,112,6,3.294642857142857,64.52678571428571,369.0,112,6.3125,3.2295081967213113,5.36,Junk Ventures,Junk Ventures
ğŸŒ¸ProtogenğŸŒ¸,5,8,4,1.5,85.375,12.0,8,5.625,2.0555555555555554,50.0,ğŸŒ¸å¾®ç”Ÿç‰©çƒ­èˆğŸŒ¸,å¾®ç”Ÿç‰©çƒ­èˆ
Poseidon,5,18,8,1.9444444444444444,87.66666666666667,35.0,18,6.722222222222222,2.142857142857143,44.44,Poseidon,Poseidon
Pobolog (breakthrough),5,13,5,2.0,74.84615384615384,26.0,13,5.769230769230769,2.217391304347826,38.46,Pobolog (breakthrough),Pobolog (breakthrough)
Splice (breakthrough),5,10,5,2.0,75.5,20.0,10,5.3,2.25,50.0,Splice (breakthrough),Splice (breakthrough)
Hecate Speditions,5,5,3,2.0,82.6,10.0,5,5.4,2.3333333333333335,60.0,èµ«å¡å¿’æ¢é™©é˜Ÿ,èµ«å¡å¿’æ¢é™©é˜Ÿ
Philares,5,8,4,2.125,86.875,17.0,8,6.25,2.3333333333333335,50.0,,
Polaris,5,7,3,2.142857142857143,71.28571428571429,15.0,7,5.142857142857143,2.3529411764705883,42.86,åŒ—ææ˜Ÿ,åŒ—ææ˜Ÿ
ğŸŒ¸RDAğŸŒ¸,5,7,3,2.142857142857143,78.14285714285714,15.0,7,5.285714285714286,2.3529411764705883,42.86,ğŸŒ¸RDAğŸŒ¸,RDA
Earth Cat Cult,5,1,1,1.0,90.0,1.0,1,7.0,2.3636363636363638,100.0,Earth Cat Cult,Earth Cat Cult
Incite,5,1,1,1.0,125.0,1.0,1,9.0,2.3636363636363638,100.0,Incite,Incite
PolderTECH Dutch,5,1,1,1.0,69.0,1.0,1,6.0,2.3636363636363638,100.0,è·å…°åœ©ç”°ç§‘æŠ€,è·å…°åœ©ç”°ç§‘æŠ€
Id Front,5,3,1,2.0,106.0,6.0,3,7.666666666666667,2.3846153846153846,33.33,å‰çº¿åŸºåœ°,å‰çº¿åŸºåœ°
Brotherhood of Mutants,5,5,3,2.2,92.2,11.0,5,6.8,2.4,60.0,å˜ç§äººå…„å¼Ÿä¼š,å˜ç§äººå…„å¼Ÿä¼š
Teractor (breakthrough),5,15,4,2.3333333333333335,79.0,35.0,15,5.933333333333334,2.4,26.67,Teractor (breakthrough),Teractor (breakthrough)
Aphrodite (breakthrough),5,14,4,2.357142857142857,76.5,33.0,14,5.785714285714286,2.4166666666666665,28.57,Aphrodite (breakthrough),Aphrodite (breakthrough)
Labour Union,5,2,0,2.0,78.0,4.0,2,5.5,2.4166666666666665,0.0,Labour Union,Labour Union
Sagitta Frontier Services,5,2,1,2.0,92.5,4.0,2,5.0,2.4166666666666665,50.0,Sagitta Frontier Services,Sagitta Frontier Services
Steelaris,5,2,1,2.0,109.0,4.0,2,6.0,2.4166666666666665,50.0,é’¢ä¹‹æ˜Ÿ,é’¢ä¹‹æ˜Ÿ
Terralabs Research (breakthrough),5,2,1,2.0,86.0,4.0,2,6.0,2.4166666666666665,50.0,Terralabs Research (breakthrough),Terralabs Research (breakthrough)
ğŸŒ¸Green Leaf DanceğŸŒ¸,5,11,6,2.3636363636363638,71.72727272727273,26.0,11,5.363636363636363,2.4285714285714284,54.55,ğŸŒ¸ç»¿å¶èˆåŠ¨ğŸŒ¸,ç»¿å¶èˆåŠ¨
Adhai High Orbit Constructions,5,1,0,2.0,78.0,2.0,1,5.0,2.4545454545454546,0.0,é˜¿è¿ªæµ·é«˜è½¨é“å»ºè®¾,é˜¿è¿ªæµ·é«˜è½¨é“å»ºè®¾
Demetron Labs,5,1,0,2.0,81.0,2.0,1,6.0,2.4545454545454546,0.0,å¾·ç±³ç‰¹ä¼¦å®éªŒå®¤,å¾·ç±³ç‰¹ä¼¦å®éªŒå®¤
Nirgal Enterprises,5,1,0,2.0,58.0,2.0,1,7.0,2.4545454545454546,0.0,Nirgal Enterprises,Nirgal Enterprises
SolBank,5,1,0,2.0,81.0,2.0,1,7.0,2.4545454545454546,0.0,SolBank,SolBank
The Grand Luna Capital Group,5,1,0,2.0,63.0,2.0,1,6.0,2.4545454545454546,0.0,å¤§æœˆäº®èµ„æœ¬é›†å›¢,å¤§æœˆäº®èµ„æœ¬é›†å›¢
ğŸŒ¸ThermopoliğŸŒ¸,5,1,0,2.0,83.0,2.0,1,6.0,2.4545454545454546,0.0,ğŸŒ¸ç²¾çµçƒ­èˆğŸŒ¸,ç²¾çµçƒ­èˆ
Midas,5,3,1,2.3333333333333335,69.33333333333333,7.0,3,5.0,2.4615384615384617,33.33,Midas,Midas
Robin Haulings,5,3,0,2.3333333333333335,67.66666666666667,7.0,3,5.666666666666667,2.4615384615384617,0.0,ç½—å®¾è¿è¾“,ç½—å®¾è¿è¾“
Runciter Associates,5,5,1,2.4,84.2,12.0,5,6.2,2.466666666666667,20.0,æœ—è¥¿æ–¯è”åˆå…¬å¸,æœ—è¥¿æ–¯è”åˆå…¬å¸
United Nations Mission One,5,5,1,2.4,87.0,12.0,5,6.2,2.466666666666667,20.0,United Nations Mission One,United Nations Mission One
Arcadian Communities (breakthrough),5,7,3,2.4285714285714284,74.28571428571429,17.0,7,5.142857142857143,2.4705882352941178,42.86,Arcadian Communities (breakthrough),Arcadian Communities (breakthrough)
Polyphemos (breakthrough),5,7,4,2.4285714285714284,70.71428571428571,17.0,7,6.0,2.4705882352941178,57.14,Polyphemos (breakthrough),Polyphemos (breakthrough)
Ambient,5,15,3,2.466666666666667,74.06666666666666,37.0,15,5.533333333333333,2.48,20.0,,
ğŸŒ¸ProwlerğŸŒ¸,5,17,5,2.4705882352941178,74.11764705882354,42.0,17,5.470588235294118,2.4814814814814814,29.41,ğŸŒ¸å¾˜å¾Šè€…ğŸŒ¸,å¾˜å¾Šè€…
EcoTec,5,8,3,2.5,72.875,20.0,8,6.125,2.5,37.5,EcoTec,EcoTec
Interplanetary Cinematics (breakthrough),5,18,7,2.5,82.0,45.0,18,6.555555555555555,2.5,38.89,Interplanetary Cinematics (breakthrough),Interplanetary Cinematics (breakthrough)
ğŸŒ¸SolarPlantğŸŒ¸,5,6,1,2.5,66.0,15.0,6,5.666666666666667,2.5,16.67,ğŸŒ¸å¤ªé˜³èƒ½å…¬å¸ğŸŒ¸,å¤ªé˜³èƒ½å…¬å¸
ğŸŒ¸StarlinkDrifterğŸŒ¸,5,2,1,2.5,65.5,5.0,2,7.5,2.5,50.0,ğŸŒ¸æ˜Ÿé“¾æ¼‚æµè€…ğŸŒ¸,æ˜Ÿé“¾æ¼‚æµè€…
Saturn Systems,5,9,3,2.5555555555555554,78.11111111111111,23.0,9,6.444444444444445,2.526315789473684,33.33,Saturn Systems,Saturn Systems
Lakefront Resorts,5,7,1,2.5714285714285716,66.71428571428571,18.0,7,5.857142857142857,2.5294117647058822,14.29,æ¹–ç•”åº¦å‡åŒº,æ¹–ç•”åº¦å‡åŒº
Vitor,5,7,2,2.5714285714285716,82.28571428571429,18.0,7,6.142857142857143,2.5294117647058822,28.57,Vitor,Vitor
Aeron Genomics,5,3,1,2.6666666666666665,71.33333333333333,8.0,3,6.0,2.5384615384615383,33.33,è‰¾éš†åŸºå› ç»„å­¦,è‰¾éš†åŸºå› ç»„å­¦
Martian Insurance Group,5,3,1,2.6666666666666665,79.0,8.0,3,5.666666666666667,2.5384615384615383,33.33,ç«æ˜Ÿä¿é™©é›†å›¢,ç«æ˜Ÿä¿é™©é›†å›¢
Curiosity II,5,1,0,3.0,74.0,3.0,1,7.0,2.5454545454545454,0.0,Curiosity II,Curiosity II
Millennium Falcon,5,1,0,3.0,107.0,3.0,1,9.0,2.5454545454545454,0.0,åƒå¹´éš¼,åƒå¹´éš¼
CrediCor,5,8,0,2.625,67.0,21.0,8,5.375,2.5555555555555554,0.0,CrediCor,CrediCor
ğŸŒ¸Weyland YutaniğŸŒ¸,5,15,1,2.6,80.2,39.0,15,6.333333333333333,2.56,6.67,ğŸŒ¸éŸ¦å…°å¾·-å°¤å¦å°¼é›†å›¢ğŸŒ¸,éŸ¦å…°å¾·-å°¤å¦å°¼é›†å›¢
Robinson Industries (breakthrough),5,4,1,2.75,81.5,11.0,4,7.75,2.5714285714285716,25.0,Robinson Industries (breakthrough),Robinson Industries (breakthrough)
Jenson-Boyle & Co,5,2,0,3.0,63.5,6.0,2,5.5,2.5833333333333335,0.0,è©¹æ£®-åšä¼Šå°”å…¬å¸,è©¹æ£®-åšä¼Šå°”å…¬å¸
Junk Ventures,5,2,1,3.0,86.5,6.0,2,7.0,2.5833333333333335,50.0,Junk Ventures,Junk Ventures
Septem Tribus,5,14,2,2.642857142857143,69.64285714285714,37.0,14,6.5,2.5833333333333335,14.29,Septem Tribus,Septem Tribus
The Archaic Foundation Institute,5,2,0,3.0,82.0,6.0,2,8.0,2.5833333333333335,0.0,åŸå§‹åŸºé‡‘ä¼šç ”ç©¶æ‰€,åŸå§‹åŸºé‡‘ä¼šç ”ç©¶æ‰€
MorningStar Inc (breakthrough),5,25,6,2.64,78.08,66.0,25,6.4,2.6,24.0,MorningStar Inc (breakthrough),MorningStar Inc (breakthrough)
UNMI (breakthrough),5,10,2,2.7,77.9,27.0,10,7.0,2.6,20.0,UNMI (breakthrough),UNMI (breakthrough)
Helion (breakthrough),5,8,2,2.75,66.875,22.0,8,6.125,2.611111111111111,25.0,Helion (breakthrough),Helion (breakthrough)
ğŸŒ¸Buy N LargeğŸŒ¸,5,8,1,2.75,66.5,22.0,8,5.625,2.611111111111111,12.5,ğŸŒ¸å¤§å·¨è´­ğŸŒ¸,å¤§å·¨è´­
ğŸŒ¸Integrated MicroorganismsğŸŒ¸,5,8,3,2.75,80.125,22.0,8,5.875,2.611111111111111,37.5,ğŸŒ¸å¾®ç”Ÿç‰©æ˜Ÿå°˜ğŸŒ¸,å¾®ç”Ÿç‰©æ˜Ÿå°˜
ğŸŒ¸MirrorCoatğŸŒ¸,5,8,2,2.75,77.5,22.0,8,5.75,2.611111111111111,25.0,ğŸŒ¸é•œåğŸŒ¸,é•œå
Aurorai,5,3,1,3.0,67.33333333333333,9.0,3,5.0,2.6153846153846154,33.33,Aurorai,Aurorai
ğŸŒ¸åŒè½¨è·ƒè¿ğŸŒ¸,5,6,1,2.8333333333333335,68.5,17.0,6,6.0,2.625,16.67,ğŸŒ¸åŒè½¨è·ƒè¿ğŸŒ¸,åŒè½¨è·ƒè¿
StormCraft Incorporated (breakthrough),5,17,4,2.7058823529411766,72.58823529411765,46.0,17,6.0588235294117645,2.6296296296296298,23.53,StormCraft Incorporated (breakthrough),StormCraft Incorporated (breakthrough)
Agricola Inc,5,1,0,4.0,98.0,4.0,1,10.0,2.6363636363636362,0.0,Agricola Inc,Agricola Inc
Cheung Shing MARS,5,1,0,4.0,61.0,4.0,1,6.0,2.6363636363636362,0.0,Cheung Shing MARS,Cheung Shing MARS
Mars Direct,5,1,0,4.0,81.0,4.0,1,6.0,2.6363636363636362,0.0,ç«æ˜Ÿç›´é€šè½¦,ç«æ˜Ÿç›´é€šè½¦
Odyssey,5,1,0,4.0,59.0,4.0,1,6.0,2.6363636363636362,0.0,å¥¥å¾·èµ›,å¥¥å¾·èµ›
Pristar (breakthrough),5,1,0,4.0,55.0,4.0,1,6.0,2.6363636363636362,0.0,Pristar (breakthrough),Pristar (breakthrough)
Gagarin Mobile Base,5,4,1,3.0,66.75,12.0,4,5.25,2.642857142857143,25.0,Gagarin Mobile Base,Gagarin Mobile Base
Eglogue,5,7,2,2.857142857142857,59.285714285714285,20.0,7,4.571428571428571,2.6470588235294117,28.57,Eglogue,Eglogue
Incite Ender,5,2,0,3.5,76.5,7.0,2,5.5,2.6666666666666665,0.0,Incite Ender,Incite Ender
ğŸŒ¸Mining CorpğŸŒ¸,5,18,5,2.7777777777777777,75.72222222222223,50.0,18,6.055555555555555,2.6785714285714284,27.78,ğŸŒ¸é’¢é“ç²¾ç‚¼ğŸŒ¸,é’¢é“ç²¾ç‚¼
Manutech,5,9,2,2.888888888888889,72.33333333333333,26.0,9,6.333333333333333,2.6842105263157894,22.22,Manutech,Manutech
ğŸŒ¸EliteTechğŸŒ¸,5,9,1,2.888888888888889,77.0,26.0,9,6.222222222222222,2.6842105263157894,11.11,ğŸŒ¸ç²¾è‹±å›é¦ˆğŸŒ¸,ç²¾è‹±å›é¦ˆ
Luna Chain,5,3,0,3.3333333333333335,60.333333333333336,10.0,3,4.333333333333333,2.6923076923076925,0.0,è¿æœˆ,è¿æœˆ
Palladin Shipping,5,3,0,3.3333333333333335,51.666666666666664,10.0,3,6.0,2.6923076923076925,0.0,Palladin Shipping,Palladin Shipping
Point Luna,5,16,4,2.8125,72.625,45.0,16,6.375,2.6923076923076925,25.0,Point Luna,Point Luna
Soylent Seedling Systems,5,3,1,3.3333333333333335,68.66666666666667,10.0,3,5.666666666666667,2.6923076923076925,33.33,ç´¢ä¼¦ç‰¹å¹¼è‹—ç³»ç»Ÿ,ç´¢ä¼¦ç‰¹å¹¼è‹—ç³»ç»Ÿ
TeiAi Group,5,3,1,3.3333333333333335,84.66666666666667,10.0,3,6.333333333333333,2.6923076923076925,33.33,å¸çˆ±èµŒåœº,å¸çˆ±èµŒåœº
Celestic (breakthrough),5,22,6,2.8181818181818183,83.31818181818181,62.0,22,6.636363636363637,2.71875,27.27,Celestic (breakthrough),Celestic (breakthrough)
Tharsis_republic (breakthrough),5,15,0,2.8666666666666667,66.6,43.0,15,5.666666666666667,2.72,0.0,Tharsis_republic (breakthrough),Tharsis_republic (breakthrough)
Imperial Star Destroyer,5,8,2,3.0,70.625,24.0,8,6.125,2.7222222222222223,25.0,å¸å›½æ­¼æ˜Ÿèˆ°,å¸å›½æ­¼æ˜Ÿèˆ°
Arborist Collective,5,1,0,5.0,43.0,5.0,1,4.0,2.727272727272727,0.0,æ ‘æœ¨å­¦å®¶é›†ä½“,æ ‘æœ¨å­¦å®¶é›†ä½“
Luna Trade Federation,5,1,0,5.0,57.0,5.0,1,7.0,2.727272727272727,0.0,æœˆçƒè´¸æ˜“è”ç›Ÿ,æœˆçƒè´¸æ˜“è”ç›Ÿ
Hadesphere,5,5,1,3.2,62.2,16.0,5,5.2,2.7333333333333334,20.0,Hadesphere,Hadesphere
Kuiper Cooperative,5,5,1,3.2,66.8,16.0,5,6.6,2.7333333333333334,20.0,Kuiper Cooperative,Kuiper Cooperative
Recyclon (breakthrough),5,9,1,3.0,68.22222222222223,27.0,9,5.555555555555555,2.736842105263158,11.11,Recyclon (breakthrough),Recyclon (breakthrough)
Luna Hyperloop Corporation,5,2,0,4.0,65.5,8.0,2,6.5,2.75,0.0,æœˆçƒè¶…çº§é«˜é€Ÿåˆ—è½¦,æœˆçƒè¶…çº§é«˜é€Ÿåˆ—è½¦
Nanotech Industries,5,2,0,4.0,68.0,8.0,2,6.5,2.75,0.0,çº³ç±³æŠ€æœ¯å·¥ä¸š,çº³ç±³æŠ€æœ¯å·¥ä¸š
Habitat Marte,5,3,0,3.6666666666666665,72.0,11.0,3,6.0,2.769230769230769,0.0,ç«æ˜Ÿæ –æ¯åœ°,ç«æ˜Ÿæ –æ¯åœ°
Henkei Genetics,5,3,1,3.6666666666666665,59.0,11.0,3,5.666666666666667,2.769230769230769,33.33,å˜å½¢é—ä¼ å­¦,å˜å½¢é—ä¼ å­¦
Inventrix (breakthrough),5,12,3,3.0,61.75,36.0,12,6.416666666666667,2.772727272727273,25.0,Inventrix (breakthrough),Inventrix (breakthrough)
Astrodrill,5,4,1,3.5,66.5,14.0,4,6.25,2.7857142857142856,25.0,å¤©ä½“é’»äº•,å¤©ä½“é’»äº•
ğŸŒ¸PoliticalReformğŸŒ¸,5,4,0,3.5,72.5,14.0,4,6.0,2.7857142857142856,0.0,ğŸŒ¸åˆ¶åº¦æ”¹é©ğŸŒ¸,åˆ¶åº¦æ”¹é©
Bio-Sol,5,5,2,3.4,69.0,17.0,5,5.4,2.8,40.0,,
Spire,5,6,1,3.3333333333333335,57.166666666666664,20.0,6,5.166666666666667,2.8125,16.67,Spire,Spire
Chimera,5,2,0,4.5,59.5,9.0,2,6.5,2.8333333333333335,0.0,å¥‡ç¾æ‹‰,å¥‡ç¾æ‹‰
Luna First Incorporated,5,2,0,4.5,65.5,9.0,2,6.0,2.8333333333333335,0.0,æœˆçƒå…ˆè¡Œå…¬å¸,æœˆçƒå…ˆè¡Œå…¬å¸
Mining guild (breakthrough),5,8,1,3.25,70.0,26.0,8,6.5,2.8333333333333335,12.5,Mining guild (breakthrough),Mining guild (breakthrough)
Thorgate (breakthrough),5,2,0,4.5,59.5,9.0,2,6.0,2.8333333333333335,0.0,Thorgate (breakthrough),Thorgate (breakthrough)
é›©å–µç§‘å­¦æ¢æµ‹å™¨,5,8,0,3.25,71.0,26.0,8,5.875,2.8333333333333335,0.0,é›©å–µç§‘å­¦æ¢æµ‹å™¨,é›©å–µç§‘å­¦æ¢æµ‹å™¨
ğŸŒ¸Scolex IndustriesğŸŒ¸,5,8,0,3.25,73.0,26.0,8,5.875,2.8333333333333335,0.0,ğŸŒ¸æ˜Ÿæ ¸å·¥ä¸šğŸŒ¸,æ˜Ÿæ ¸å·¥ä¸š
Valley Trust (breakthrough),5,24,5,3.0,70.29166666666667,72.0,24,5.958333333333333,2.8529411764705883,20.83,Valley Trust (breakthrough),Valley Trust (breakthrough)
Aristarchus,5,4,0,3.75,69.0,15.0,4,6.0,2.857142857142857,0.0,Aristarchus,Aristarchus
Crescent Research Association,5,6,0,3.5,65.33333333333333,21.0,6,6.333333333333333,2.875,0.0,æœˆç‰™ç ”ç©¶è”ç›Ÿ,æœˆç‰™ç ”ç©¶è”ç›Ÿ
Pharmacy Union,5,8,1,3.375,66.125,27.0,8,6.0,2.888888888888889,12.5,åˆ¶è¯è”ç›Ÿ,åˆ¶è¯è”ç›Ÿ
Prism,5,9,2,3.3333333333333335,74.77777777777777,30.0,9,7.0,2.8947368421052633,22.22,æ£±é•œå…‰è°±ç ”ç©¶å®¤,æ£±é•œå…‰è°±ç ”ç©¶å®¤
Trade Navigator,5,10,3,3.3,68.2,33.0,10,6.0,2.9,30.0,è´¸æ˜“é¢†èˆªè€…,è´¸æ˜“é¢†èˆªè€…
Chaos,5,2,0,5.0,31.0,10.0,2,4.5,2.9166666666666665,0.0,Chaos,Chaos
Kingdom of Tauraro,5,3,0,4.333333333333333,68.33333333333333,13.0,3,6.333333333333333,2.923076923076923,0.0,é™¶æ‹‰ç½—ç‹å›½,é™¶æ‹‰ç½—ç‹å›½
Voltagon,5,5,1,3.8,61.0,19.0,5,5.8,2.933333333333333,20.0,Voltagon,Voltagon
Utopia Invest,5,6,1,3.6666666666666665,63.333333333333336,22.0,6,6.833333333333333,2.9375,16.67,ä¹Œæ‰˜é‚¦æŠ•èµ„è®¡åˆ’,ä¹Œæ‰˜é‚¦æŠ•èµ„è®¡åˆ’
Arklight (breakthrough),5,9,1,3.4444444444444446,64.44444444444444,31.0,9,6.555555555555555,2.9473684210526314,11.11,Arklight (breakthrough),Arklight (breakthrough)
ğŸŒ¸Ark NovağŸŒ¸,5,10,1,3.4,66.9,34.0,10,5.9,2.95,10.0,ğŸŒ¸æ–¹èˆŸåŠ¨ç‰©å›­ğŸŒ¸,æ–¹èˆŸåŠ¨ç‰©å›­
Ecoline (breakthrough),5,17,1,3.235294117647059,67.70588235294117,55.0,17,6.411764705882353,2.962962962962963,5.88,Ecoline (breakthrough),Ecoline (breakthrough)
Factorum (breakthrough),5,10,3,3.5,75.8,35.0,10,6.7,3.0,30.0,Factorum (breakthrough),Factorum (breakthrough)
Project Workshop,5,4,0,4.25,63.5,17.0,4,5.75,3.0,0.0,Project Workshop,Project Workshop
Ringcom,5,13,1,3.3846153846153846,66.3076923076923,44.0,13,5.076923076923077,3.0,7.69,Ringcom,Ringcom
Void,5,6,0,3.8333333333333335,70.5,23.0,6,5.5,3.0,0.0,Void,Void
ğŸŒ¸Energy Saving EcologyğŸŒ¸,5,6,0,3.8333333333333335,61.333333333333336,23.0,6,5.333333333333333,3.0,0.0,ğŸŒ¸èŠ‚èƒ½ç”Ÿæ€ğŸŒ¸,èŠ‚èƒ½ç”Ÿæ€
ğŸŒ¸TyrellğŸŒ¸,5,7,1,3.7142857142857144,59.857142857142854,26.0,7,5.428571428571429,3.0,14.29,ğŸŒ¸æ³°ç‘å°”å…¬å¸ğŸŒ¸,æ³°ç‘å°”å…¬å¸
Aridor,5,7,0,3.857142857142857,75.0,27.0,7,7.571428571428571,3.0588235294117645,0.0,Aridor,Aridor
ğŸŒ¸Green RingğŸŒ¸,5,6,0,4.0,52.166666666666664,24.0,6,5.333333333333333,3.0625,0.0,ğŸŒ¸ç»¿ç¯ğŸŒ¸,ç»¿ç¯
Mars Maths,5,4,0,4.5,55.25,18.0,4,5.75,3.0714285714285716,0.0,Mars Maths,Mars Maths
Tycho Magnetics,5,13,1,3.6153846153846154,63.61538461538461,47.0,13,6.769230769230769,3.130434782608696,7.69,ç¬¬è°·ç£åŠ›,ç¬¬è°·ç£åŠ›
Colonial One,5,5,0,4.4,56.6,22.0,5,6.0,3.1333333333333333,0.0,Colonial One,Colonial One
ğŸŒ¸Shinra TechğŸŒ¸,5,11,0,3.727272727272727,62.54545454545455,41.0,11,5.2727272727272725,3.142857142857143,0.0,ğŸŒ¸æ¨±èŠ±ç”µğŸŒ¸,æ¨±èŠ±ç”µ
Playwrights,5,6,0,4.5,50.666666666666664,27.0,6,5.166666666666667,3.25,0.0,Playwrights,Playwrights
Collegium Copernicus,5,13,1,3.8461538461538463,64.61538461538461,50.0,13,6.076923076923077,3.260869565217391,7.69,å“¥ç™½å°¼å­¦é™¢,å“¥ç™½å°¼å­¦é™¢
Viron (breakthrough),5,23,3,3.652173913043478,68.69565217391305,84.0,23,6.304347826086956,3.303030303030303,13.04,Viron (breakthrough),Viron (breakthrough)
Interplanetary Cinematics (breakthrough),6,2,1,1.5,101.0,3.0,2,7.0,2.3333333333333335,50.0,Interplanetary Cinematics (breakthrough),Interplanetary Cinematics (breakthrough)
Imperial Star Destroyer,6,1,1,1.0,113.0,1.0,1,8.0,2.3636363636363638,100.0,å¸å›½æ­¼æ˜Ÿèˆ°,å¸å›½æ­¼æ˜Ÿèˆ°
Manutech,6,1,1,1.0,96.0,1.0,1,6.0,2.3636363636363638,100.0,Manutech,Manutech
Philares,6,1,1,1.0,81.0,1.0,1,6.0,2.3636363636363638,100.0,,
Robin Haulings,6,1,1,1.0,52.0,1.0,1,5.0,2.3636363636363638,100.0,ç½—å®¾è¿è¾“,ç½—å®¾è¿è¾“
ğŸŒ¸Green Leaf DanceğŸŒ¸,6,1,1,1.0,81.0,1.0,1,6.0,2.3636363636363638,100.0,ğŸŒ¸ç»¿å¶èˆåŠ¨ğŸŒ¸,ç»¿å¶èˆåŠ¨
ğŸŒ¸SolarPlantğŸŒ¸,6,1,1,1.0,113.0,1.0,1,8.0,2.3636363636363638,100.0,ğŸŒ¸å¤ªé˜³èƒ½å…¬å¸ğŸŒ¸,å¤ªé˜³èƒ½å…¬å¸
ğŸŒ¸TyrellğŸŒ¸,6,2,0,2.0,85.0,4.0,2,7.0,2.4166666666666665,0.0,ğŸŒ¸æ³°ç‘å°”å…¬å¸ğŸŒ¸,æ³°ç‘å°”å…¬å¸
EcoTec,6,1,0,2.0,80.0,2.0,1,5.0,2.4545454545454546,0.0,EcoTec,EcoTec
Nirgal Enterprises,6,1,0,2.0,67.0,2.0,1,6.0,2.4545454545454546,0.0,Nirgal Enterprises,Nirgal Enterprises
Utopia Invest,6,1,0,2.0,56.0,2.0,1,5.0,2.4545454545454546,0.0,ä¹Œæ‰˜é‚¦æŠ•èµ„è®¡åˆ’,ä¹Œæ‰˜é‚¦æŠ•èµ„è®¡åˆ’
ğŸŒ¸Integrated MicroorganismsğŸŒ¸,6,1,0,2.0,80.0,2.0,1,5.0,2.4545454545454546,0.0,ğŸŒ¸å¾®ç”Ÿç‰©æ˜Ÿå°˜ğŸŒ¸,å¾®ç”Ÿç‰©æ˜Ÿå°˜
ğŸŒ¸MirrorCoatğŸŒ¸,6,1,0,2.0,56.0,2.0,1,5.0,2.4545454545454546,0.0,ğŸŒ¸é•œåğŸŒ¸,é•œå
Colonial One,6,1,0,3.0,93.0,3.0,1,8.0,2.5454545454545454,0.0,Colonial One,Colonial One
Palladin Shipping,6,1,0,3.0,63.0,3.0,1,6.0,2.5454545454545454,0.0,Palladin Shipping,Palladin Shipping
Point Luna,6,1,0,3.0,56.0,3.0,1,5.0,2.5454545454545454,0.0,Point Luna,Point Luna
Splice (breakthrough),6,1,0,3.0,93.0,3.0,1,8.0,2.5454545454545454,0.0,Splice (breakthrough),Splice (breakthrough)
Poseidon,6,2,0,3.0,69.0,6.0,2,6.5,2.5833333333333335,0.0,Poseidon,Poseidon
StormCraft Incorporated (breakthrough),6,2,0,3.0,58.0,6.0,2,5.0,2.5833333333333335,0.0,StormCraft Incorporated (breakthrough),StormCraft Incorporated (breakthrough)
Valley Trust (breakthrough),6,2,0,3.0,62.0,6.0,2,7.0,2.5833333333333335,0.0,Valley Trust (breakthrough),Valley Trust (breakthrough)
Eglogue,6,1,0,4.0,55.0,4.0,1,5.0,2.6363636363636362,0.0,Eglogue,Eglogue
Id Front,6,1,0,4.0,82.0,4.0,1,8.0,2.6363636363636362,0.0,å‰çº¿åŸºåœ°,å‰çº¿åŸºåœ°
Millennium Falcon,6,1,0,4.0,55.0,4.0,1,5.0,2.6363636363636362,0.0,åƒå¹´éš¼,åƒå¹´éš¼
Pharmacy Union,6,1,0,4.0,60.0,4.0,1,8.0,2.6363636363636362,0.0,åˆ¶è¯è”ç›Ÿ,åˆ¶è¯è”ç›Ÿ
Prism,6,1,0,4.0,48.0,4.0,1,6.0,2.6363636363636362,0.0,æ£±é•œå…‰è°±ç ”ç©¶å®¤,æ£±é•œå…‰è°±ç ”ç©¶å®¤
The Archaic Foundation Institute,6,1,0,4.0,48.0,4.0,1,6.0,2.6363636363636362,0.0,åŸå§‹åŸºé‡‘ä¼šç ”ç©¶æ‰€,åŸå§‹åŸºé‡‘ä¼šç ”ç©¶æ‰€
ğŸŒ¸Green RingğŸŒ¸,6,1,0,4.0,55.0,4.0,1,5.0,2.6363636363636362,0.0,ğŸŒ¸ç»¿ç¯ğŸŒ¸,ç»¿ç¯
Junk Ventures,6,1,0,5.0,47.0,5.0,1,6.0,2.727272727272727,0.0,Junk Ventures,Junk Ventures
Midas,6,1,0,5.0,47.0,5.0,1,6.0,2.727272727272727,0.0,Midas,Midas
TeiAi Group,6,1,0,5.0,79.0,5.0,1,8.0,2.727272727272727,0.0,å¸çˆ±èµŒåœº,å¸çˆ±èµŒåœº
Viron (breakthrough),6,1,0,5.0,79.0,5.0,1,8.0,2.727272727272727,0.0,Viron (breakthrough),Viron (breakthrough)
Trade Navigator,6,2,0,4.0,68.5,8.0,2,6.5,2.75,0.0,è´¸æ˜“é¢†èˆªè€…,è´¸æ˜“é¢†èˆªè€…
ğŸŒ¸Shinra TechğŸŒ¸,6,2,0,4.0,50.0,8.0,2,4.5,2.75,0.0,ğŸŒ¸æ¨±èŠ±ç”µğŸŒ¸,æ¨±èŠ±ç”µ
Aristarchus,6,1,0,6.0,46.0,6.0,1,5.0,2.8181818181818183,0.0,Aristarchus,Aristarchus
Luna Hyperloop Corporation,6,1,0,6.0,48.0,6.0,1,8.0,2.8181818181818183,0.0,æœˆçƒè¶…çº§é«˜é€Ÿåˆ—è½¦,æœˆçƒè¶…çº§é«˜é€Ÿåˆ—è½¦
Runciter Associates,6,1,0,6.0,48.0,6.0,1,8.0,2.8181818181818183,0.0,æœ—è¥¿æ–¯è”åˆå…¬å¸,æœ—è¥¿æ–¯è”åˆå…¬å¸
Tycho Magnetics,6,1,0,6.0,43.0,6.0,1,5.0,2.8181818181818183,0.0,ç¬¬è°·ç£åŠ›,ç¬¬è°·ç£åŠ›
ğŸŒ¸Weyland YutaniğŸŒ¸,6,1,0,6.0,41.0,6.0,1,6.0,2.8181818181818183,0.0,ğŸŒ¸éŸ¦å…°å¾·-å°¤å¦å°¼é›†å›¢ğŸŒ¸,éŸ¦å…°å¾·-å°¤å¦å°¼é›†å›¢
ğŸŒ¸åŒè½¨è·ƒè¿ğŸŒ¸,6,1,0,6.0,43.0,6.0,1,5.0,2.8181818181818183,0.0,ğŸŒ¸åŒè½¨è·ƒè¿ğŸŒ¸,åŒè½¨è·ƒè¿
UNMI (breakthrough),6,2,0,4.5,48.0,9.0,2,4.5,2.8333333333333335,0.0,UNMI (breakthrough),UNMI (breakthrough)
MorningStar Inc (breakthrough),6,2,0,5.5,44.5,11.0,2,5.0,3.0,0.0,MorningStar Inc (breakthrough),MorningStar Inc (breakthrough)
Teractor (breakthrough),6,2,0,5.5,42.0,11.0,2,5.5,3.0,0.0,Teractor (breakthrough),Teractor (breakthrough)
