user_id,total_games,most_common_hour,most_common_hour_count,most_common_weekday,most_common_weekday_name,most_common_weekday_count,busiest_day,busiest_day_count,busiest_month,busiest_month_count,first_game,last_game,active_days,avg_games_per_day,user_name
u5165be88bfe8,875,21,81,3,å‘¨å››,155,2025-05-30,10,2025-03,143,2025-01-01 15:21:25,2026-02-03 10:45:26,249,3.51,qinchen1027
u6d6573b0a95a,444,1,37,0,å‘¨ä¸€,73,2025-03-06,6,2025-03,84,2025-03-05 23:15:36,2026-02-02 13:05:44,240,1.85,carl01
uae379c6cf28a,416,17,44,4,å‘¨äº”,76,2025-05-30,8,2025-05,103,2025-01-01 21:52:07,2026-01-11 12:35:57,145,2.87,mio
u77a0648885c2,390,0,34,3,å‘¨å››,60,2025-03-06,9,2025-03,163,2025-01-02 00:52:36,2025-08-04 20:15:24,119,3.28,alon
u3d3749fe94f7,381,16,37,4,å‘¨äº”,59,2025-04-11,7,2025-06,111,2025-03-31 19:03:54,2026-01-30 13:08:29,157,2.43,aloon
uab026a7dc67f,335,11,47,4,å‘¨äº”,58,2025-05-06,6,2025-04,53,2025-03-13 21:40:10,2026-02-03 10:22:41,177,1.89,ç©ç«æ˜Ÿ
u66d74bb150f1,312,16,27,4,å‘¨äº”,54,2025-09-19,5,2025-07,58,2025-03-12 01:21:36,2026-01-19 17:39:56,162,1.93,ç•ªè–¯ä¼é¹…
u264ae5f51ae5,311,12,36,3,å‘¨å››,54,2025-06-17,7,2025-04,80,2025-02-06 00:42:33,2026-01-28 11:51:53,151,2.06,æ„¿ä»”wish
uf9d58493c13c,300,17,37,6,å‘¨æ—¥,56,2025-03-18,6,2025-03,84,2025-01-12 22:29:21,2025-12-13 19:18:18,141,2.13,ikun
u4352bd3577a0,291,23,36,6,å‘¨æ—¥,63,2025-01-04,6,2025-01,66,2025-01-01 10:48:26,2026-02-03 10:22:41,162,1.8,bosir
ucfab59936c55,277,14,23,6,å‘¨æ—¥,47,2025-05-23,9,2025-05,156,2025-04-14 13:21:48,2025-07-20 21:59:41,64,4.33,æœ¨æ˜Ÿå¤§å“¥è¢«å¯¹é¢æŠ“èµ°å•¦
u4aef53cdf749,272,16,34,3,å‘¨å››,58,2025-06-25,7,2025-07,51,2025-01-04 13:07:09,2026-02-03 00:04:44,136,2.0,å±ˆå…ˆç”Ÿ
723b8d61b666,230,11,40,0,å‘¨ä¸€,45,2025-04-09,3,2025-04,37,2025-01-02 17:24:06,2026-01-30 12:36:13,175,1.31,ä¹¦è®°
c1b6956fd829,221,17,21,2,å‘¨ä¸‰,46,2025-01-07,6,2025-02,56,2025-01-06 17:50:16,2026-02-01 19:58:52,106,2.08,ä¸‡ç‰©
u51e773e1c2a6,216,16,36,1,å‘¨äºŒ,39,2025-06-03,7,2025-06,95,2025-02-08 15:42:57,2025-10-19 15:22:59,93,2.32,tmr
52c1c5cbcd66,203,13,17,1,å‘¨äºŒ,32,2025-05-24,4,2025-07,32,2025-01-07 10:59:54,2026-02-02 21:46:51,162,1.25,æ²é›¨æ©™é£
9cccf3a9b11b,202,11,34,4,å‘¨äº”,39,2025-04-03,3,2025-06,36,2025-01-03 17:58:27,2026-02-03 10:22:41,151,1.34,yz
ef6915e9319e,198,15,31,2,å‘¨ä¸‰,39,2025-01-27,3,2025-07,26,2025-01-01 13:40:33,2026-01-26 23:00:10,156,1.27,woowoo
8068f8baa976,196,16,37,2,å‘¨ä¸‰,42,2025-02-25,3,2025-07,34,2025-01-03 19:54:08,2026-02-02 16:50:57,146,1.34,raaaay
ue89ecb8ddea4,193,11,25,2,å‘¨ä¸‰,33,2025-01-01,5,2025-01,71,2025-01-01 13:40:33,2026-02-03 10:22:41,96,2.01,å±…å±…é›©
u89c3c8a98449,167,0,21,6,å‘¨æ—¥,32,2025-01-25,6,2025-01,69,2025-01-03 11:50:30,2025-10-29 21:44:50,88,1.9,æ— æ¢¦
ucff98876a451,164,17,18,0,å‘¨ä¸€,30,2025-05-20,3,2025-06,44,2025-01-12 01:03:39,2025-07-29 23:20:27,114,1.44,æ¸…æºå¦™é“
u1a08ac34c163,147,0,16,3,å‘¨å››,27,2025-04-28,7,2025-04,56,2025-03-18 14:10:54,2026-01-30 14:00:07,65,2.26,comboo
9007426e7f53,146,1,17,1,å‘¨äºŒ,30,2025-01-09,5,2025-01,55,2025-01-01 15:21:25,2026-02-03 00:04:44,90,1.62,Misaki
u1e0a151435d5,136,22,15,6,å‘¨æ—¥,28,2025-09-25,4,2025-09,46,2025-07-06 19:23:17,2026-02-01 21:22:09,93,1.46,hero
5e1f49e741d3,130,17,20,3,å‘¨å››,26,2025-04-12,4,2025-05,23,2025-01-02 20:05:47,2026-01-28 20:52:02,111,1.17,æœˆå§¬
u8397430f5bfc,127,1,17,5,å‘¨å…­,21,2025-01-04,6,2025-01,44,2025-01-01 14:23:48,2025-12-30 22:37:56,88,1.44,äº‘å°˜
u4d5c2567e852,122,20,12,0,å‘¨ä¸€,23,2025-01-10,6,2025-01,61,2025-01-01 10:48:26,2025-05-13 20:00:18,60,2.03,carl
ad31531ee8d6,116,16,20,3,å‘¨å››,30,2025-04-09,5,2025-04,31,2025-01-02 17:24:06,2026-01-30 17:41:23,92,1.26,éœ²è‚©é“ä»”
2dd9eda81d36,116,22,23,5,å‘¨å…­,49,2025-08-31,5,2025-11,17,2025-01-01 17:21:07,2026-01-20 22:53:03,68,1.71,é›ªæ«»
a9a7fa7803c8,116,16,25,2,å‘¨ä¸‰,28,2025-02-19,3,2025-03,18,2025-01-04 20:27:23,2026-01-21 17:08:55,94,1.23,moon
823f1dbb2191,116,11,26,0,å‘¨ä¸€,29,2025-06-13,3,2025-04,21,2025-01-02 17:24:06,2026-01-29 16:48:18,104,1.12,çœ¼é•œèƒ¡åœ°
uc9521b2e7bf5,115,21,13,5,å‘¨å…­,20,2025-04-07,7,2025-09,35,2025-01-04 01:53:03,2025-12-08 18:06:11,45,2.56,å¥¥æ–¯å¡
u6e77129845ea,113,0,23,5,å‘¨å…­,26,2025-08-23,4,2025-01,23,2025-01-11 22:14:30,2026-01-11 14:34:01,81,1.4,ki
u69cd88861799,113,23,16,1,å‘¨äºŒ,25,2025-01-12,4,2025-01,40,2025-01-01 13:40:33,2025-07-29 11:04:46,67,1.69,ashland
u4671660f6ca6,112,17,18,0,å‘¨ä¸€,22,2025-04-27,3,2025-04,33,2025-01-02 17:24:06,2026-01-30 17:41:23,88,1.27,66å¤§äºº
u99f9ce3f0823,110,0,13,6,å‘¨æ—¥,20,2025-06-01,5,2025-06,43,2025-05-23 20:53:37,2025-10-21 10:23:09,68,1.62,cellinia
de3baec74952,109,22,16,1,å‘¨äºŒ,21,2025-01-05,3,2025-01,25,2025-01-01 22:30:32,2026-01-31 19:41:52,94,1.16,aipotu
ub74f763858c8,108,22,16,2,å‘¨ä¸‰,19,2025-12-20,5,2025-12,84,2025-11-10 12:34:34,2026-01-13 00:38:17,45,2.4,å¸¦æ¶äºº6324
uf961293866b6,106,1,12,0,å‘¨ä¸€,22,2026-01-12,8,2026-01,60,2025-12-18 21:52:13,2026-02-03 10:45:26,33,3.21,miio
69215eb418a5,104,1,13,0,å‘¨ä¸€,28,2025-01-06,7,2025-01,54,2025-01-02 00:40:54,2025-04-24 15:34:42,45,2.31,é’é’
2f05a8da42fe,100,15,10,5,å‘¨å…­,24,2025-01-09,5,2025-01,28,2025-01-01 15:21:25,2026-02-03 10:45:26,66,1.52,å´ç”¨ä¹‹äºº
ueb815ce9a6ad,99,12,20,3,å‘¨å››,23,2025-07-02,3,2025-07,18,2025-01-01 18:52:38,2026-01-30 17:41:23,87,1.14,æ´›æ½‡
193d7a57381c,96,16,21,3,å‘¨å››,22,2025-04-12,4,2025-04,31,2025-02-13 17:39:29,2025-07-24 17:38:28,70,1.37,martin
u3bfdcf10cad2,94,11,12,1,å‘¨äºŒ,19,2025-09-24,3,2026-01,38,2025-09-13 17:58:20,2026-02-02 13:05:44,60,1.57,é›¶é£Ÿæ„¿ä»”
u44b723381098,93,20,15,6,å‘¨æ—¥,20,2025-01-22,4,2025-01,41,2025-01-01 12:47:19,2025-12-29 11:05:01,54,1.72,æŒ‚b
7e81b837a36a,93,17,9,4,å‘¨äº”,21,2025-02-15,4,2025-11,23,2025-02-05 23:26:09,2026-01-16 20:43:46,64,1.45,æ°´é¬¼
e17d328f5ee8,92,11,19,3,å‘¨å››,19,2025-05-14,3,2025-05,20,2025-02-05 01:59:09,2026-01-30 12:36:13,73,1.26,pocky
19ed288a5ec9,88,11,17,3,å‘¨å››,21,2025-08-19,3,2025-09,19,2025-03-13 15:54:06,2026-01-28 13:44:30,72,1.22,bsylh
63a95e5e4dc8,86,11,18,4,å‘¨äº”,19,2025-05-06,3,2025-05,28,2025-01-03 11:25:20,2026-01-07 17:36:10,63,1.37,12345
c4f6ba391723,84,15,14,4,å‘¨äº”,19,2025-02-21,2,2025-04,15,2025-01-03 19:54:08,2026-02-02 16:50:57,80,1.05,liyo
ua87dd5f8c30b,83,16,12,1,å‘¨äºŒ,18,2025-05-03,4,2025-06,36,2025-05-01 15:59:24,2025-10-02 01:26:01,52,1.6,æŠ½ç‰Œ=æŠ½è‡ªå·±
f5e2425a1867,82,1,12,0,å‘¨ä¸€,15,2025-01-17,3,2025-01,31,2025-01-01 22:30:32,2026-01-31 22:40:58,64,1.28,yangswag
ufd7a15e5da07,82,11,23,2,å‘¨ä¸‰,15,2025-02-21,2,2026-01,17,2025-02-15 17:41:50,2026-02-02 18:22:49,73,1.12,æ¡Œæ¸¸ç±³
u5ce03a8de52b,80,21,9,0,å‘¨ä¸€,13,2025-01-06,4,2025-01,31,2025-01-05 21:36:38,2025-11-25 01:04:56,55,1.45,åŠæœˆ2
u2c5db661b926,79,23,9,0,å‘¨ä¸€,15,2025-09-17,3,2025-09,19,2025-01-01 18:52:38,2025-11-20 23:35:56,68,1.16,st izem
ue077a7fa5418,78,21,18,4,å‘¨äº”,15,2026-01-26,5,2026-01,35,2025-01-02 00:52:36,2026-02-03 10:45:26,55,1.42,hms
39b331a5bc50,74,16,14,4,å‘¨äº”,21,2025-04-11,3,2025-04,24,2025-01-03 19:54:08,2026-01-09 16:22:15,64,1.16,wanxiangchengguan
u1f37182275f2,73,21,14,6,å‘¨æ—¥,19,2025-05-11,3,2025-04,27,2025-03-06 12:31:15,2025-06-19 20:51:51,56,1.3,æµ®ç”Ÿè‹¥æ¢¦
u2a62d82656de,72,22,9,4,å‘¨äº”,14,2025-12-21,5,2025-12,37,2025-12-18 19:14:31,2026-01-31 19:41:52,34,2.12,è¿œé‡æ±‰å¨œ
1f71e23ff3c4,68,12,12,2,å‘¨ä¸‰,18,2025-05-07,4,2025-05,23,2025-01-18 22:32:09,2026-02-01 12:33:08,57,1.19,xiyue
uf102aef4e1d1,67,20,9,4,å‘¨äº”,15,2025-02-28,4,2025-01,28,2025-01-01 10:48:26,2025-05-05 20:01:37,42,1.6,é™Œä¸–ä¹‹å½±
u172251990b7b,66,16,26,3,å‘¨å››,16,2026-01-28,3,2026-01,14,2025-04-28 19:07:48,2026-01-29 16:06:58,55,1.2,tl
u3d5f69b51720,65,23,8,5,å‘¨å…­,16,2026-01-03,4,2026-01,21,2025-01-01 17:21:07,2026-01-30 17:31:57,43,1.51,beichen
uf976ea1779a2,64,0,7,2,å‘¨ä¸‰,18,2025-12-02,4,2025-11,25,2025-05-22 11:52:35,2026-01-23 12:56:27,40,1.6,æˆ˜æœ¯ç‚¸è½¦
c92ad55e0060,63,0,11,6,å‘¨æ—¥,18,2025-03-09,4,2025-03,28,2025-02-23 22:58:06,2025-11-30 00:15:36,51,1.24,lha123com
cec0e3f37580,62,16,14,2,å‘¨ä¸‰,17,2025-07-11,3,2025-07,24,2025-02-12 17:08:23,2025-12-11 14:39:55,50,1.24,hikaru
u297294d6dd6d,62,0,10,5,å‘¨å…­,11,2025-08-23,3,2025-08,20,2025-02-06 00:42:33,2026-02-02 00:56:16,55,1.13,lolierl
uc8e33ecacc04,61,21,15,5,å‘¨å…­,16,2025-02-22,4,2025-03,27,2025-02-18 01:15:50,2025-10-08 00:04:00,49,1.24,jjc
u539c55af1de8,61,3,10,4,å‘¨äº”,11,2025-05-09,3,2025-06,13,2025-04-21 19:53:25,2026-01-26 00:34:55,50,1.22,lidai
u69d351959f11,61,0,7,6,å‘¨æ—¥,10,2025-01-31,5,2025-02,29,2025-01-19 01:46:14,2025-03-07 19:55:28,32,1.91,é›¨å“‰å—å…®
udd38bde01054,60,11,8,6,å‘¨æ—¥,12,2025-06-29,3,2025-06,21,2025-05-02 19:16:54,2025-11-09 15:44:19,46,1.3,bolas
ub03e91fb5b9d,60,20,6,1,å‘¨äºŒ,11,2025-04-27,2,2025-05,15,2025-01-25 01:43:31,2026-01-19 18:24:01,58,1.03,åƒã€
24c089f92bbe,60,19,9,2,å‘¨ä¸‰,12,2025-06-20,3,2025-06,20,2025-01-12 19:38:15,2025-08-13 23:23:53,49,1.22,è€ç‹
f7b771d6fdff,59,11,6,3,å‘¨å››,13,2025-09-06,3,2025-09,31,2025-03-08 12:56:10,2025-12-31 20:54:51,41,1.44,index
uf7bfe6478f64,58,17,10,3,å‘¨å››,11,2025-03-09,4,2025-03,41,2025-03-05 18:11:15,2025-08-14 23:18:57,29,2.0,ä¹…åˆ«è¾
ua6967fc12f43,57,0,9,0,å‘¨ä¸€,15,2025-01-26,4,2025-02,35,2025-01-12 00:56:11,2026-02-02 23:58:10,33,1.73,tree
ua42acdf95885,56,11,11,6,å‘¨æ—¥,19,2025-04-25,2,2025-04,7,2025-02-02 12:07:09,2026-02-01 11:17:39,54,1.04,æµæ˜Ÿå°å‚»ç“œ
ucd8425d50b0e,56,22,8,5,å‘¨å…­,11,2025-08-16,3,2025-07,9,2025-02-19 21:19:01,2026-01-26 20:07:09,51,1.1,meow328
fbbba39a4cb4,53,15,13,0,å‘¨ä¸€,17,2025-07-28,3,2025-03,14,2025-01-08 18:08:53,2026-01-19 17:39:56,47,1.13,twotwo
udc0d9a6493ff,52,11,8,2,å‘¨ä¸‰,13,2025-02-19,3,2025-03,20,2025-02-08 11:18:32,2025-09-19 12:17:43,42,1.24,x118
ca4b469227f9,52,1,14,4,å‘¨äº”,14,2025-01-17,3,2025-01,19,2025-01-02 00:50:32,2026-01-30 22:34:36,45,1.16,è’é‡ä¾¦æ¢2666
u866dbae0b617,51,21,6,5,å‘¨å…­,10,2025-01-15,3,2025-01,33,2025-01-01 12:47:19,2025-10-07 14:59:45,41,1.24,ä¸€æ¡œæŠ˜çº¸
ucce63866a6d0,51,22,9,5,å‘¨å…­,10,2025-08-16,4,2025-07,9,2025-03-21 22:27:48,2026-01-26 20:07:09,45,1.13,thlee0203
d785f217ef6a,51,1,7,5,å‘¨å…­,9,2025-03-12,3,2025-02,20,2025-01-09 19:05:49,2025-06-01 18:43:09,39,1.31,å°éŸ³
ufd7b5b5d57ab,50,21,5,2,å‘¨ä¸‰,10,2025-07-23,2,2025-07,10,2025-02-19 21:19:01,2026-01-26 20:07:09,46,1.09,zhu791229
u6dd1ec8b8653,49,0,6,5,å‘¨å…­,12,2025-07-12,4,2025-07,28,2025-07-04 14:40:20,2026-01-26 00:34:55,31,1.58,é£é£é£
ua30a21f96400,49,11,7,6,å‘¨æ—¥,13,2025-03-02,2,2025-03,17,2025-01-12 15:35:09,2025-07-31 00:06:21,43,1.14,é›©å–µå–µ
u63b186e8c471,48,18,6,2,å‘¨ä¸‰,10,2025-05-23,3,2025-03,17,2025-03-12 12:24:39,2025-09-15 17:36:40,38,1.26,æœ¨æ›´å°å§å¯çˆ±æ
ue8dc5edc68d1,47,18,7,6,å‘¨æ—¥,9,2025-06-20,3,2025-06,19,2025-05-25 22:24:19,2025-08-13 23:23:53,38,1.24,sa
u5a6edd042503,46,22,10,2,å‘¨ä¸‰,10,2025-07-19,2,2025-03,7,2025-01-08 23:31:06,2026-01-23 20:59:25,44,1.05,é’çœ¼ç™½èœ
f158b51e12e8,46,21,7,5,å‘¨å…­,10,2025-04-12,5,2025-04,24,2025-02-16 02:13:01,2026-01-28 20:52:02,34,1.35,å”¯ä¸€çœŸç†
u4ed4c52c2a9d,46,12,8,0,å‘¨ä¸€,13,2025-03-07,3,2025-03,25,2025-01-19 12:25:40,2026-01-04 17:42:58,35,1.31,Î¼!
uab33c1444ad1,45,14,5,0,å‘¨ä¸€,10,2025-04-20,4,2025-04,27,2025-01-02 01:17:29,2026-01-12 18:29:35,29,1.55,leyline
ubc4840d67121,44,1,6,0,å‘¨ä¸€,9,2025-09-06,4,2025-09,24,2025-08-01 14:43:34,2025-10-06 17:27:33,26,1.69,rÎ±â€”1n
u2c7c2c3f4ec5,43,18,11,2,å‘¨ä¸‰,11,2025-06-20,3,2025-06,11,2025-01-03 18:36:45,2025-08-13 23:23:53,36,1.19,90
657101df5f14,43,16,11,2,å‘¨ä¸‰,15,2025-02-19,2,2025-03,12,2025-01-15 23:24:53,2025-09-22 17:38:19,38,1.13,å¬é£è†é›¨
addb298f4557,42,13,7,2,å‘¨ä¸‰,13,2025-05-26,2,2025-07,19,2025-05-19 13:47:41,2025-08-12 12:35:25,35,1.2,é£é£
13f9446ad048,42,19,7,3,å‘¨å››,8,2025-05-06,3,2025-01,14,2025-01-02 19:01:04,2025-12-11 02:04:00,33,1.27,6mmmm
u63db1cfe7de4,41,23,6,5,å‘¨å…­,10,2025-02-24,4,2025-02,30,2025-01-22 01:38:15,2025-02-24 21:33:26,25,1.64,æµ·å¸¦tt
u334660cb6866,41,22,11,2,å‘¨ä¸‰,10,2025-08-06,2,2025-06,7,2025-01-08 23:31:06,2026-01-30 23:32:58,40,1.02,è‚‰äº†ä¸ªåŒ…
u97d6f70b34d9,41,23,7,6,å‘¨æ—¥,10,2025-06-01,5,2025-02,17,2025-02-16 21:20:48,2025-06-02 11:27:42,23,1.78,å°èŠ±ç«
uf307806d95e1,41,18,7,2,å‘¨ä¸‰,9,2025-12-03,3,2025-12,14,2025-01-20 22:52:24,2026-01-12 18:08:10,36,1.14,ç¦å¿Œ
772804213466,41,22,18,5,å‘¨å…­,11,2025-01-07,1,2025-06,10,2025-01-07 22:15:38,2025-10-04 17:27:15,41,1.0,useful
u3cf5ad36f700,41,22,19,5,å‘¨å…­,11,2025-01-07,1,2025-06,10,2025-01-07 22:15:38,2025-10-04 17:27:15,41,1.0,xiang.fan
fb677bca918a,40,22,18,5,å‘¨å…­,10,2025-01-10,1,2025-06,9,2025-01-10 22:12:15,2025-10-04 17:27:15,40,1.0,hanmoyesang
ucd090a991414,40,15,6,5,å‘¨å…­,11,2025-10-16,3,2026-01,16,2025-10-15 23:34:53,2026-02-02 11:16:43,29,1.38,è™šç©ºè½¦ç¥
3bdf301973af,40,22,20,5,å‘¨å…­,10,2025-01-07,1,2025-06,9,2025-01-07 22:15:38,2025-10-04 17:27:15,40,1.0,æµ·è´¼ç‹
dfc7613bd132,39,16,7,4,å‘¨äº”,9,2026-01-11,3,2026-01,28,2025-01-03 21:01:19,2026-02-01 21:22:09,32,1.22,å°éº¦
u78ac45523fb9,38,12,5,4,å‘¨äº”,9,2025-09-15,3,2025-09,28,2025-09-01 22:41:33,2026-01-20 23:02:07,27,1.41,ä¾ å®¢è°‹
e17f4b9cc1e8,37,16,6,0,å‘¨ä¸€,8,2025-01-06,3,2025-01,23,2025-01-01 17:52:36,2025-09-24 17:33:28,29,1.28,é˜¿å°”
uaa68e76b5075,36,16,5,0,å‘¨ä¸€,11,2025-04-10,6,2025-04,29,2025-03-30 18:29:39,2026-01-19 15:22:41,15,2.4,æ¶é­”ç©å¶
u7175212d4e47,35,0,6,2,å‘¨ä¸‰,9,2025-01-10,1,2025-05,9,2025-01-10 10:04:37,2025-12-19 11:35:33,35,1.0,dprd
uc1dbab628e33,35,0,6,3,å‘¨å››,8,2025-08-01,3,2025-10,11,2025-07-18 14:19:41,2025-10-12 16:40:53,23,1.52,â˜†ç½‘â˜†ç»œâ˜†æš´â˜†åŠ›â˜†
u23bd51ea6fb7,35,23,5,4,å‘¨äº”,7,2025-06-20,3,2025-07,16,2025-04-30 23:53:34,2025-08-13 23:23:53,29,1.21,zhutoujie88
uc98ed952aa9e,34,20,5,0,å‘¨ä¸€,9,2025-03-04,6,2025-02,17,2025-02-18 22:10:23,2025-03-05 00:39:08,14,2.43,å½¼å²¸èŠ±
ufca3984c719f,34,14,3,5,å‘¨å…­,9,2025-04-18,4,2025-04,29,2025-04-12 23:31:10,2025-05-18 12:39:31,17,2.0,èµ¤ç‹é™µ
dddf58451851,33,23,7,6,å‘¨æ—¥,12,2025-08-03,2,2025-08,7,2025-01-29 23:44:08,2026-02-01 19:09:10,30,1.1,ç­‰ä¸ƒæœˆã®é›ª
ufc0263303c64,33,21,7,1,å‘¨äºŒ,11,2025-10-23,3,2025-10,13,2025-01-30 21:49:27,2025-12-23 21:44:54,27,1.22,liu
u67ae71d09c8d,32,1,5,2,å‘¨ä¸‰,9,2025-01-11,5,2025-01,21,2025-01-01 18:52:38,2025-10-27 11:29:45,20,1.6,è½¬ç¬san
b0c02f859489,31,11,8,6,å‘¨æ—¥,6,2025-03-27,2,2025-03,8,2025-01-05 11:13:04,2025-09-29 16:36:16,29,1.07,è´å¶æ–¯
u482a64040b6a,31,13,7,2,å‘¨ä¸‰,8,2025-07-19,2,2025-03,6,2025-01-08 23:31:06,2026-01-23 20:59:25,30,1.03,yuqi
u17982b0dc5fd,31,0,5,2,å‘¨ä¸‰,8,2025-01-10,1,2025-05,9,2025-01-10 10:04:37,2025-12-07 20:04:08,31,1.0,uniruss
u458bf512f076,31,21,11,5,å‘¨å…­,10,2025-03-01,2,2025-03,20,2025-03-01 16:17:45,2025-10-08 00:04:00,28,1.11,quda
ue4d11d66f0ae,31,11,6,4,å‘¨äº”,10,2025-12-05,4,2025-11,13,2025-06-19 12:51:18,2025-12-20 16:11:19,23,1.35,å±…å±…æœ¨
u2e03d1a14777,29,13,6,2,å‘¨ä¸‰,8,2025-08-06,2,2025-03,4,2025-01-14 21:40:48,2026-01-23 20:59:25,27,1.07,mcore
ua65c29bafdd0,29,16,5,4,å‘¨äº”,11,2025-06-13,3,2025-06,18,2025-04-14 17:18:16,2025-09-19 21:13:35,16,1.81,å‡çš„é›ªæ¨±
u720dec6bbbc2,29,23,8,0,å‘¨ä¸€,5,2025-01-13,1,2025-01,7,2025-01-13 23:23:14,2026-02-02 12:29:41,29,1.0,kano
23d55973c44b,29,22,5,2,å‘¨ä¸‰,6,2025-01-26,2,2025-01,19,2025-01-01 10:48:26,2026-01-20 13:55:13,26,1.12,Huasong
uae06b2db053f,29,15,5,5,å‘¨å…­,6,2025-06-02,2,2025-09,13,2025-06-02 00:40:18,2025-10-02 16:58:18,25,1.16,å¥¥æ‘©æ‘©
uaea1d0f78a29,28,0,7,6,å‘¨æ—¥,7,2025-01-10,5,2025-01,16,2025-01-09 21:43:22,2026-02-03 00:04:44,13,2.15,äº”äº¿ä¸ªé“ƒé“›
uc4fd8292c34b,28,0,7,1,å‘¨äºŒ,7,2025-01-06,1,2025-02,8,2025-01-06 04:44:43,2026-02-02 12:29:41,28,1.0,anvelbeta
55ef2445c90c,28,16,6,1,å‘¨äºŒ,7,2025-06-16,2,2025-07,14,2025-02-25 21:59:09,2025-08-01 14:04:03,23,1.22,ä¹™æœ¨
ucffd593d1b98,27,0,5,2,å‘¨ä¸‰,6,2025-12-17,2,2026-01,19,2025-12-17 21:02:11,2026-02-03 00:02:55,21,1.29,memq
u1610c9cf75f5,27,22,9,4,å‘¨äº”,7,2025-07-19,2,2025-07,6,2025-03-28 13:23:29,2025-12-26 09:40:15,24,1.12,colinlin
ua0e8dbc39515,27,22,6,6,å‘¨æ—¥,9,2025-09-07,4,2025-09,18,2025-08-31 16:33:18,2025-11-28 22:12:21,16,1.69,george sun
ub578a12e7c47,27,11,4,0,å‘¨ä¸€,6,2025-07-02,2,2025-06,10,2025-04-19 11:18:39,2025-08-19 16:05:01,26,1.04,å†·æ®‡www
ud5cbfec1d6dd,27,23,7,2,å‘¨ä¸‰,7,2025-09-25,2,2025-09,7,2025-06-16 00:44:05,2025-12-03 22:10:59,25,1.08,kirtust
u9cbbff6bb38c,26,11,5,1,å‘¨äºŒ,7,2025-03-13,2,2025-03,6,2025-01-20 11:24:18,2026-01-16 11:56:12,23,1.13,askera
uc929dd78cebf,25,15,4,5,å‘¨å…­,14,2025-08-31,3,2025-11,6,2025-03-15 14:28:46,2026-01-20 22:53:03,16,1.56,ç©ºæ¡æ‰¿å¤ªéƒ
ubcf674aa76fe,25,22,6,4,å‘¨äº”,7,2025-08-08,2,2025-11,9,2025-07-30 21:21:29,2025-12-24 00:51:56,24,1.04,ç‹—è¿åŠ©æˆ‘
uddad586b1b7d,25,0,7,1,å‘¨äºŒ,7,2025-12-18,3,2025-12,12,2025-01-07 00:09:34,2026-02-01 23:28:11,19,1.32,ooc1997
udf393a8b07eb,25,22,4,1,å‘¨äºŒ,5,2025-07-02,3,2025-07,21,2025-06-30 17:28:54,2025-08-07 18:37:05,15,1.67,é˜¿æ´‹
ubcca500145dd,24,22,4,5,å‘¨å…­,6,2025-08-16,3,2025-08,6,2025-07-20 10:45:06,2025-11-05 23:37:29,19,1.26,j89101212
ue7b395df37fa,24,21,6,3,å‘¨å››,8,2025-03-18,2,2025-05,9,2025-01-08 21:45:05,2025-06-05 21:58:19,21,1.14,èŒ„åŠªåŠ›
u688e5af6a5f8,24,21,4,3,å‘¨å››,6,2025-01-02,2,2025-01,11,2025-01-02 00:40:54,2025-07-29 16:12:49,22,1.09,sargeras
ud6b78f868309,24,12,4,3,å‘¨å››,6,2025-01-06,2,2025-01,14,2025-01-06 16:49:36,2025-02-13 16:03:56,17,1.41,å°ç¬¨è›‹é“ƒé“›
u9947afba1e98,24,23,6,0,å‘¨ä¸€,5,2025-01-06,1,2025-02,6,2025-01-06 04:44:43,2026-02-02 12:29:41,24,1.0,å°æ¸Š
4d162aaeb27a,23,16,6,0,å‘¨ä¸€,7,2025-01-01,2,2025-01,6,2025-01-01 14:23:48,2026-01-10 00:05:26,21,1.1,æ–‡è¿œ
u2700ee4e6a2b,23,0,4,6,å‘¨æ—¥,8,2025-05-03,2,2025-07,7,2025-04-14 12:17:24,2025-09-23 20:07:43,22,1.05,é©±å²©ä¹‹åŠ›
uac7f79345283,23,11,3,0,å‘¨ä¸€,5,2025-03-14,3,2025-03,23,2025-03-02 14:45:02,2025-03-19 19:11:36,11,2.09,å°åè›‹å±…å±…
ud207082af174,23,0,6,1,å‘¨äºŒ,6,2025-12-18,3,2025-12,11,2025-01-07 00:09:34,2026-02-01 23:28:11,18,1.28,sun96
uc572c2571884,22,0,3,6,å‘¨æ—¥,7,2025-01-05,6,2025-01,22,2025-01-01 12:47:19,2025-01-26 17:21:11,10,2.2,mmpdj
u52e386dc1253,22,23,4,4,å‘¨äº”,4,2025-07-20,3,2025-07,22,2025-07-10 22:38:38,2025-07-27 00:50:54,15,1.47,å¥¥æœ—å¾·
69e4b39d9a1e,22,23,9,6,å‘¨æ—¥,6,2025-01-04,1,2025-02,9,2025-01-04 12:46:16,2025-05-11 00:01:12,22,1.0,åœ°çƒå¼¹å°„è£…ç½®
25aeedfe4791,22,14,3,4,å‘¨äº”,5,2025-01-03,2,2025-01,19,2025-01-01 14:23:48,2025-03-04 18:28:26,19,1.16,å›§å›§æ‰“äºº
u92e06408e2d9,21,22,4,5,å‘¨å…­,4,2025-12-26,4,2025-12,16,2025-12-20 15:26:13,2026-01-10 01:49:36,13,1.62,naf-fly
ucc233a2e04bf,21,16,4,3,å‘¨å››,7,2025-04-01,2,2025-04,12,2025-03-27 12:08:16,2025-11-03 14:41:20,19,1.11,è¯å°˜ğŸŸ
u4a6398cb514a,21,11,5,4,å‘¨äº”,6,2025-02-26,4,2025-02,18,2025-02-14 16:42:43,2025-03-02 11:57:53,11,1.91,å¤§åè›‹å±…å±…
59c7524c4759,21,23,6,3,å‘¨å››,6,2025-04-12,4,2025-04,14,2025-01-13 11:06:57,2026-01-30 17:41:23,14,1.5,æœˆè‰²
u278844f8e586,21,3,5,2,å‘¨ä¸‰,6,2025-04-21,2,2025-04,7,2025-04-21 15:12:56,2025-07-22 01:52:07,20,1.05,è¿é£å¸ƒé˜µ
5d35c7163f45,21,12,5,0,å‘¨ä¸€,5,2025-10-12,2,2025-10,9,2025-01-20 13:23:54,2025-11-16 13:52:57,20,1.05,è“è“é¹¿
bc24309a5d68,20,16,7,1,å‘¨äºŒ,7,2025-12-02,2,2025-12,7,2025-01-14 16:29:29,2026-01-13 17:07:51,19,1.05,muyu-a
u548dd163e8a9,20,20,4,6,å‘¨æ—¥,7,2025-04-11,2,2025-05,8,2025-04-11 11:25:57,2026-01-01 00:20:16,16,1.25,å±…å±…
u932fe25b6261,20,0,4,2,å‘¨ä¸‰,5,2025-12-10,2,2025-12,10,2025-12-09 21:13:48,2026-02-01 23:28:11,16,1.25,ys
u4fad1bf3923a,20,18,4,2,å‘¨ä¸‰,4,2026-01-07,3,2026-01,20,2026-01-06 18:20:18,2026-01-20 22:22:32,13,1.54,w.d.gaster
702c931a9f7c,20,21,3,1,å‘¨äºŒ,6,2025-03-13,2,2025-03,5,2025-02-13 21:53:23,2026-01-16 11:56:12,17,1.18,å¤©å¤©æ˜¯å¥½å¤©
uf15f76ed8e91,19,17,5,0,å‘¨ä¸€,6,2025-12-01,2,2025-12,9,2025-11-17 15:52:18,2026-01-29 17:14:06,17,1.12,æ¡¶è£…ä¼é¹…
u537e91256e48,19,22,4,5,å‘¨å…­,5,2025-10-07,2,2025-11,10,2025-10-07 14:59:45,2026-01-17 22:56:05,16,1.19,æ«å¶ç¬å¤
u85565a399638,19,14,3,5,å‘¨å…­,5,2025-10-08,3,2025-10,16,2025-10-04 15:29:10,2025-12-05 11:47:12,13,1.46,æ‚²çµç¬‘éª¨
63805e509cbe,19,23,5,0,å‘¨ä¸€,4,2025-03-03,2,2025-03,19,2025-03-03 01:10:21,2025-03-31 22:47:48,14,1.36,ä¹æ–¹è ¡
u425d3a95fbf9,19,18,5,5,å‘¨å…­,5,2025-02-06,2,2025-02,10,2025-02-01 18:06:35,2025-10-05 17:22:31,14,1.36,104728036
uc59bda8af6dc,19,20,3,5,å‘¨å…­,5,2025-01-11,2,2025-01,12,2025-01-04 20:26:47,2025-03-08 14:46:50,18,1.06,å°åè›‹é“ƒé“›
uef2563337d25,18,12,4,4,å‘¨äº”,5,2025-03-21,3,2025-03,9,2025-03-20 12:29:22,2025-04-14 14:43:31,12,1.5,ğŸ°ğŸŸ
u1e4b1f78aa39,18,16,4,4,å‘¨äº”,5,2025-09-11,2,2025-09,11,2025-09-05 16:09:50,2026-02-02 16:50:57,17,1.06,è°ƒå’Œå¸ˆ
u10655cc0a24e,18,23,3,6,å‘¨æ—¥,4,2025-07-21,3,2025-07,17,2025-07-13 22:16:58,2025-08-03 15:29:11,12,1.5,matrix
ue6027cea32ee,18,22,3,4,å‘¨äº”,5,2026-01-15,3,2026-01,14,2025-12-23 02:09:44,2026-02-01 15:57:27,12,1.5,æˆ‘æ˜¯çŒ«é˜€å¤§äºº
ff2fe6790f8a,17,23,4,0,å‘¨ä¸€,4,2025-09-24,2,2025-10,11,2025-09-08 23:38:57,2025-10-26 00:37:41,13,1.31,æ±‰è£”
u2bb2bd90028d,17,1,5,4,å‘¨äº”,5,2025-09-19,2,2025-09,12,2025-09-19 16:57:11,2025-10-11 00:53:11,13,1.31,å‰‘çš‡
a6ac96546563,17,22,4,0,å‘¨ä¸€,4,2025-09-24,2,2025-10,11,2025-09-08 23:38:57,2025-10-26 00:37:41,13,1.31,ç¾Šç¾Šç¾Š
ufd68b8de4303,17,12,3,6,å‘¨æ—¥,9,2025-02-02,1,2025-05,4,2025-02-01 15:55:39,2025-09-23 20:07:43,17,1.0,sjenka
u6a0fb535ff89,17,17,4,6,å‘¨æ—¥,4,2025-08-03,3,2025-07,9,2025-07-16 17:14:44,2025-08-30 13:39:15,14,1.21,junne
a27aaaff3576,17,0,5,0,å‘¨ä¸€,5,2025-10-02,2,2025-10,7,2025-09-24 23:35:27,2026-02-02 00:56:16,16,1.06,black_UUZ
u6bc07fd47249,16,12,2,1,å‘¨äºŒ,4,2025-08-25,2,2025-03,4,2025-01-28 12:15:34,2026-01-16 11:56:12,15,1.07,bamboozy
de7635ede9fb,16,22,3,1,å‘¨äºŒ,6,2025-01-14,4,2025-01,11,2025-01-02 23:51:54,2025-05-26 01:04:05,12,1.33,FranklinChan
53f4723aa02b,16,19,3,3,å‘¨å››,5,2025-01-02,2,2025-01,15,2025-01-02 11:06:02,2025-02-19 18:10:25,13,1.23,yukikaze
u5fe97af5fdf2,16,22,5,2,å‘¨ä¸‰,6,2025-10-22,2,2025-10,7,2025-10-14 22:41:33,2025-12-03 22:10:59,14,1.14,æ‰èœä¸€æ±¤
2437e5810ba1,16,17,5,1,å‘¨äºŒ,5,2025-12-02,2,2025-12,7,2025-03-27 10:57:38,2026-01-13 17:07:51,15,1.07,xiaojiang
u5fbdedc117db,16,21,2,0,å‘¨ä¸€,4,2025-10-25,2,2025-11,7,2025-09-24 10:46:52,2026-01-26 23:00:10,14,1.14,å±…å±…æ¢¨
u122596705be2,16,11,3,6,å‘¨æ—¥,8,2025-03-07,1,2025-05,4,2025-03-07 22:58:13,2025-09-23 20:07:43,16,1.0,å†¬ã®èŠ±
u1f7f4c6c34ec,16,10,4,1,å‘¨äºŒ,6,2025-03-08,2,2025-10,4,2025-03-08 00:05:25,2026-01-13 12:23:54,14,1.14,wwh
u25d2fdfa8b85,15,11,3,6,å‘¨æ—¥,5,2025-03-02,2,2025-05,8,2025-01-01 20:36:25,2025-06-03 22:36:11,13,1.15,caliloft
u593195c84283,15,21,3,3,å‘¨å››,3,2025-11-25,2,2025-03,3,2025-02-19 21:19:01,2025-11-25 23:57:17,14,1.07,frank62214
67e848d68eac,15,23,7,6,å‘¨æ—¥,4,2025-02-12,1,2025-02,9,2025-02-08 23:27:23,2025-05-11 00:01:12,15,1.0,tmbisheng
u465e201fce5c,15,15,4,0,å‘¨ä¸€,4,2025-07-02,2,2025-07,12,2025-06-29 15:49:01,2025-07-22 15:22:05,10,1.5,æ°æ°
181fafd4960c,15,0,3,3,å‘¨å››,5,2025-01-23,2,2025-01,8,2025-01-03 21:01:19,2025-03-08 16:04:07,14,1.07,wjcxymy
ud767029616a6,15,19,3,1,å‘¨äºŒ,5,2025-02-06,2,2025-02,9,2025-02-05 15:31:59,2025-12-23 21:44:54,11,1.36,æ¨çƒ
u187ca287f2ff,14,22,3,4,å‘¨äº”,4,2025-01-27,3,2025-01,12,2025-01-10 22:53:37,2025-02-07 17:51:57,11,1.27,é˜¿è«
ud128953dcb8c,14,18,3,2,å‘¨ä¸‰,3,2025-12-21,2,2025-12,9,2025-11-19 20:10:26,2026-01-14 02:10:14,13,1.08,çš®å¡ä¸˜
585f0dda8b6d,14,16,6,2,å‘¨ä¸‰,5,2025-02-12,1,2025-04,7,2025-02-12 17:08:23,2025-04-23 14:07:02,14,1.0,å•¦å•¦å•¦
966fec459c13,14,0,5,6,å‘¨æ—¥,4,2025-05-04,2,2025-05,14,2025-05-04 17:58:00,2025-05-30 00:28:27,13,1.08,hongquan
2fc3e9b6d3fc,13,19,3,1,å‘¨äºŒ,5,2025-02-05,1,2025-12,4,2025-01-28 11:39:31,2026-01-16 11:56:12,13,1.0,kahala
uc2265a65f992,13,1,4,2,å‘¨ä¸‰,3,2025-12-20,3,2025-12,13,2025-12-10 21:45:59,2025-12-22 01:14:18,9,1.44,èŠå£«æ³¥é¸­
u30e37960ab52,13,21,4,5,å‘¨å…­,3,2025-01-04,2,2025-02,5,2025-01-02 00:52:36,2025-04-01 21:52:17,12,1.08,lf
ue81df0911958,12,0,6,4,å‘¨äº”,3,2025-12-05,2,2025-12,9,2025-11-23 00:10:40,2026-01-04 00:06:35,10,1.2,nydzsf
u85082c3eee34,12,11,2,2,å‘¨ä¸‰,4,2025-01-20,1,2025-01,3,2025-01-20 11:24:18,2025-12-09 20:06:59,12,1.0,jecin
u67c748ccedda,12,23,3,6,å‘¨æ—¥,7,2025-11-02,2,2025-02,3,2025-02-15 23:51:36,2026-01-17 19:21:15,11,1.09,peterhu58
u6196ef142f6d,12,23,7,6,å‘¨æ—¥,3,2025-01-04,1,2025-02,9,2025-01-04 12:46:16,2025-05-11 00:01:12,12,1.0,dddylan
ba0b522902ed,12,9,3,2,å‘¨ä¸‰,3,2025-01-16,1,2025-03,2,2025-01-16 16:55:47,2025-12-16 13:53:24,12,1.0,hangrui
ue913a8e72cb0,12,11,3,5,å‘¨å…­,3,2025-05-03,1,2025-06,4,2025-05-03 20:12:43,2025-09-17 15:07:03,12,1.0,å¾’æ‰‹å¼€æ ¹å·
ud0d4a329a5e3,12,18,3,6,å‘¨æ—¥,4,2026-01-11,2,2026-01,12,2026-01-06 18:20:18,2026-01-25 22:00:50,11,1.09,å››æœˆ
u81d5ec6a0a54,12,0,6,4,å‘¨äº”,3,2025-12-05,2,2025-12,9,2025-11-23 00:10:40,2026-01-04 00:06:35,10,1.2,alpha7777
1637240fb98f,12,17,6,2,å‘¨ä¸‰,4,2025-04-22,2,2025-04,9,2025-02-12 17:08:23,2025-04-23 14:07:02,11,1.09,ç‚¹ç‚¹
ub4cbe3f67b24,12,22,2,6,å‘¨æ—¥,4,2025-09-04,2,2025-09,10,2025-08-31 15:03:44,2025-10-05 01:41:11,11,1.09,ç«æ˜Ÿå¨
ubfb680681a48,12,11,3,5,å‘¨å…­,3,2025-05-03,1,2025-06,4,2025-05-03 20:12:43,2025-12-12 19:02:38,12,1.0,oldfan
u16470e663061,12,11,3,1,å‘¨äºŒ,4,2025-02-25,1,2025-10,3,2025-02-25 18:25:03,2025-12-10 17:02:45,12,1.0,dolphin159
fd8623c9c453,11,21,3,2,å‘¨ä¸‰,3,2025-01-29,1,2025-07,7,2025-01-29 14:47:27,2025-09-29 21:09:23,11,1.0,å°¼å¤æ‹‰è€¶ç»´åŸº
u428c9fcc5c3f,11,19,2,1,å‘¨äºŒ,4,2025-04-01,2,2025-03,4,2025-01-28 12:15:34,2025-04-01 21:22:46,10,1.1,peach15
20a57d8251ab,11,15,3,5,å‘¨å…­,4,2025-01-04,1,2025-02,5,2025-01-04 21:41:53,2025-08-23 19:28:10,11,1.0,wuser
u90bfcef4201b,11,0,5,4,å‘¨äº”,3,2025-12-05,2,2025-12,8,2025-11-23 00:10:40,2026-01-04 00:06:35,9,1.22,xxx
u27b7063a5163,11,22,4,0,å‘¨ä¸€,3,2025-09-07,2,2025-09,11,2025-09-01 22:18:44,2025-09-29 21:50:29,10,1.1,zuididi
u1703dab9b66a,11,10,3,3,å‘¨å››,4,2025-05-19,2,2025-05,7,2025-05-06 17:19:45,2025-07-09 12:18:17,9,1.22,ä¸œä¸œ
u6e91e1189005,11,22,3,1,å‘¨äºŒ,3,2025-12-16,1,2025-12,8,2025-12-12 23:54:04,2026-01-27 22:49:43,11,1.0,ç”˜é›¨
u14d057be76e8,11,23,2,6,å‘¨æ—¥,7,2025-11-02,2,2025-11,3,2025-02-16 23:04:59,2026-01-17 19:21:15,10,1.1,hhv587666
u471914ff05db,11,23,3,0,å‘¨ä¸€,3,2025-02-04,2,2025-02,4,2025-01-20 23:02:19,2025-09-22 20:18:16,9,1.22,jzymz
u2716b8718049,11,19,2,3,å‘¨å››,3,2025-01-08,2,2025-01,11,2025-01-03 11:50:30,2025-01-23 00:35:29,7,1.57,åŠå±±
u3fe8b245fa5f,10,23,6,5,å‘¨å…­,5,2025-01-04,1,2025-01,3,2025-01-04 23:25:54,2025-05-31 23:29:22,10,1.0,chuangf
udbc540105fa7,10,23,3,0,å‘¨ä¸€,2,2025-08-11,2,2025-08,6,2025-08-11 19:43:02,2025-11-02 17:53:01,6,1.67,henferyl6
d9a8b3f4fe62,10,19,4,3,å‘¨å››,3,2025-05-22,1,2025-12,4,2025-05-22 22:12:11,2026-02-01 19:58:52,10,1.0,no3c
8c4980d6b1cb,10,16,2,0,å‘¨ä¸€,3,2025-09-22,3,2025-09,10,2025-09-18 16:54:24,2025-09-23 18:55:00,6,1.67,åŒ†åŒ†
999c744cd7e3,10,15,2,0,å‘¨ä¸€,3,2025-01-22,1,2025-06,3,2025-01-22 11:41:07,2026-01-10 00:05:26,10,1.0,ä¸šé—®
f54fdd507d1c,10,15,2,0,å‘¨ä¸€,3,2025-01-22,1,2025-06,3,2025-01-22 11:41:07,2026-01-10 00:05:26,10,1.0,å¼ é£
u56947fcdc5c2,10,15,4,0,å‘¨ä¸€,4,2025-03-03,2,2025-03,5,2025-01-17 15:16:55,2025-10-13 17:39:54,9,1.11,echo
u667bb4cd15a4,10,1,2,3,å‘¨å››,2,2025-03-30,2,2025-03,4,2025-01-15 01:31:17,2025-03-30 18:55:34,9,1.11,å“æŸ
u38f2ce624896,10,23,3,3,å‘¨å››,4,2025-03-20,2,2025-04,6,2025-03-20 17:19:04,2025-04-22 01:00:25,7,1.43,duoyu222
ue12a8d01f356,10,22,5,4,å‘¨äº”,2,2025-01-07,1,2025-01,2,2025-01-07 22:15:38,2025-08-11 22:29:13,10,1.0,é­æ¨åˆš
uad95851b66b6,10,23,6,5,å‘¨å…­,5,2025-01-04,1,2025-01,3,2025-01-04 23:25:54,2025-05-31 23:29:22,10,1.0,tsmc no1
e3c453b1eb3a,10,16,5,4,å‘¨äº”,3,2025-02-19,1,2025-04,5,2025-02-19 16:48:42,2025-04-15 15:08:13,10,1.0,dinnerv5
u9ca1b4f8b101,10,17,3,1,å‘¨äºŒ,3,2026-01-06,2,2026-01,8,2025-12-24 12:07:31,2026-01-29 17:14:06,9,1.11,ç‹—å¤´
e578cd4d3823,10,22,3,6,å‘¨æ—¥,3,2025-01-01,1,2025-01,4,2025-01-01 21:52:07,2025-10-05 23:41:15,10,1.0,act5st
5a66d1149dc6,10,20,3,1,å‘¨äºŒ,3,2025-02-05,1,2025-02,4,2025-02-03 00:21:18,2025-12-16 17:06:53,10,1.0,darisen
a70796f6ce41,10,9,3,2,å‘¨ä¸‰,3,2025-01-16,1,2025-03,2,2025-01-16 16:55:47,2025-12-16 13:53:24,10,1.0,fklmgj
5f2df2684d33,10,10,3,3,å‘¨å››,4,2025-05-19,2,2025-05,6,2025-05-19 20:44:02,2025-07-09 12:18:17,8,1.25,å°z
6d226d2ca405,10,9,3,0,å‘¨ä¸€,3,2025-01-16,1,2025-03,2,2025-01-16 16:55:47,2025-12-16 13:53:24,10,1.0,Automuen
uc2201f6c37fc,10,0,6,6,å‘¨æ—¥,3,2025-05-25,2,2025-05,10,2025-05-11 15:31:42,2025-05-30 00:28:27,9,1.11,fdw
u7f881dd033c7,10,23,6,5,å‘¨å…­,5,2025-01-04,1,2025-01,3,2025-01-04 23:25:54,2025-05-31 23:29:22,10,1.0,hypertai123
e1c929a192f3,10,15,2,0,å‘¨ä¸€,3,2025-01-22,1,2025-06,3,2025-01-22 11:41:07,2026-01-10 00:05:26,10,1.0,è€æ
ud3ead75896b4,10,23,6,5,å‘¨å…­,5,2025-01-04,1,2025-01,3,2025-01-04 23:25:54,2025-05-31 23:29:22,10,1.0,secretlegk
ubfc52ae1278a,9,22,2,6,å‘¨æ—¥,3,2026-01-11,2,2026-01,7,2025-12-31 22:34:39,2026-02-03 00:02:55,8,1.12,å·¦ä»™äººæ±Ÿä¸œ
ude9a78d4dfe8,9,20,2,5,å‘¨å…­,2,2025-01-05,1,2025-01,4,2025-01-04 17:38:49,2025-05-21 20:59:47,9,1.0,moe
57bb13ed49f0,9,23,3,0,å‘¨ä¸€,5,2025-05-19,2,2025-05,3,2025-05-12 16:11:02,2025-11-10 23:27:03,8,1.12,guapi
8becbf6c6dd2,9,17,2,1,å‘¨äºŒ,3,2025-03-28,1,2025-12,5,2025-03-27 10:57:38,2026-01-13 17:07:51,9,1.0,æ— æƒ…çš„å‘½è¿
ue01a8307e9cf,9,1,4,6,å‘¨æ—¥,6,2025-03-02,2,2025-01,5,2025-01-08 01:38:18,2025-04-20 01:16:30,8,1.12,5k1
ueccf5997c1bc,9,23,3,2,å‘¨ä¸‰,2,2025-08-13,2,2025-08,5,2025-08-11 21:27:08,2025-11-02 17:53:01,6,1.5,roadtree
9c67be74271c,9,22,3,3,å‘¨å››,2,2025-01-02,1,2025-01,4,2025-01-02 01:11:28,2025-03-06 23:06:46,9,1.0,NPCXiGua
2d8d33416cd1,9,16,3,3,å‘¨å››,2,2025-01-03,2,2025-01,5,2025-01-02 18:55:58,2025-04-21 21:46:17,7,1.29,é“ƒé“›
52a7759f9f57,9,17,3,3,å‘¨å››,2,2025-03-27,1,2025-11,3,2025-03-27 10:57:38,2025-12-09 16:15:18,9,1.0,çº¢èŒ¶
u78c21c747291,9,17,2,2,å‘¨ä¸‰,3,2025-10-22,2,2025-10,8,2025-10-13 17:57:48,2025-11-01 22:13:05,8,1.12,å¤§ç†ŠçŒ«
2450c74ea170,9,16,3,4,å‘¨äº”,3,2025-06-06,3,2025-06,5,2025-03-18 14:10:54,2025-06-23 10:43:11,6,1.5,æ™“é»‘
u4191c543e4b2,9,21,3,1,å‘¨äºŒ,2,2025-01-08,1,2025-01,5,2025-01-08 23:31:06,2025-03-23 12:57:04,9,1.0,colin lin
u47c055fdd149,9,16,2,4,å‘¨äº”,2,2025-01-03,2,2025-01,6,2025-01-02 20:05:47,2025-05-15 21:34:58,8,1.12,å‡‰æ©™
udcb14230a6a1,8,10,1,2,å‘¨ä¸‰,3,2025-01-10,1,2025-04,3,2025-01-10 10:04:37,2025-05-01 22:05:27,8,1.0,mmbk
uf3e8fefbfd8c,8,0,2,3,å‘¨å››,3,2025-06-12,1,2026-01,4,2025-06-12 00:53:08,2026-02-01 23:28:11,8,1.0,obama
1e6dac6d16e2,8,23,4,6,å‘¨æ—¥,4,2025-01-06,1,2025-01,6,2025-01-05 22:43:37,2025-04-20 01:16:30,8,1.0,yuan
uc709b05827b6,8,18,2,0,å‘¨ä¸€,2,2025-01-26,1,2025-04,4,2025-01-26 15:05:54,2025-04-25 13:11:45,8,1.0,æ—¶å°˜
ue822cbe89d9b,8,23,4,5,å‘¨å…­,6,2025-03-01,3,2025-03,7,2025-02-22 23:41:02,2025-03-23 01:48:16,6,1.33,maguawang
u733fe426ddc1,8,22,4,3,å‘¨å››,3,2025-07-10,2,2025-09,5,2025-07-09 15:43:14,2025-09-14 22:17:30,7,1.14,fenglin_18
u7bcf93545d5f,8,23,3,3,å‘¨å››,3,2025-05-08,2,2025-05,5,2025-04-30 01:26:00,2026-01-27 23:06:33,6,1.33,raven
2d6fc80f3e8b,8,23,2,2,å‘¨ä¸‰,4,2025-01-01,2,2026-01,4,2025-01-01 17:13:02,2026-01-28 19:33:30,7,1.14,å½©è™¹
u35b1929863b3,8,10,2,1,å‘¨äºŒ,3,2025-04-29,3,2025-04,8,2025-04-27 16:37:05,2025-04-30 10:57:48,4,2.0,å•æ‰€æ¸¸æ³³
u8f713bc4094b,8,23,3,4,å‘¨äº”,4,2026-01-16,2,2026-01,4,2025-01-21 23:14:59,2026-02-01 03:31:02,6,1.33,my9281
u6fa4182a700b,8,23,2,6,å‘¨æ—¥,4,2025-03-02,2,2025-03,3,2025-01-10 16:35:06,2025-05-10 21:19:25,7,1.14,èŠœæ¹–
u92bf39c22a39,8,12,2,5,å‘¨å…­,4,2025-05-19,2,2025-05,6,2025-05-19 17:50:19,2025-06-07 14:36:35,6,1.33,savingnoob
u31c9c3e54b88,8,14,2,5,å‘¨å…­,2,2025-04-26,2,2025-04,7,2025-04-24 01:42:40,2025-05-01 15:35:57,7,1.14,repeatingcat
u69f9ee18835e,8,2,2,5,å‘¨å…­,3,2025-11-20,1,2025-12,4,2025-11-15 01:52:53,2026-02-03 00:04:41,8,1.0,jiang.cc
ub96e5575a6e5,8,23,3,3,å‘¨å››,3,2025-05-08,2,2025-05,5,2025-04-30 01:26:00,2026-01-27 23:06:33,6,1.33,é©¬ä¿å›½
u7b624de49eb5,8,14,2,4,å‘¨äº”,3,2025-07-18,3,2025-07,7,2025-07-13 22:16:58,2025-08-17 21:20:12,6,1.33,å¤§çŸ¥é—²é—²
ua9206bb2fd0c,7,23,2,5,å‘¨å…­,4,2025-03-29,1,2025-04,5,2025-03-29 01:50:53,2025-05-31 02:53:17,7,1.0,é˜´å¥‰é˜³we
34506382475d,7,1,1,4,å‘¨äº”,3,2025-04-12,1,2025-05,3,2025-04-12 01:21:12,2025-07-11 13:17:06,7,1.0,awaker
u496a9f3def1c,7,1,1,5,å‘¨å…­,3,2025-03-29,1,2025-04,5,2025-03-29 01:50:53,2025-05-31 02:53:17,7,1.0,æ˜Ÿæµ·
2f48d358bdc1,7,16,4,4,å‘¨äº”,3,2025-02-12,1,2025-02,4,2025-02-12 17:08:23,2025-04-11 15:54:16,7,1.0,dddzzz
ua76c30a1f5d6,7,23,2,3,å‘¨å››,3,2025-05-08,2,2025-05,5,2025-04-30 01:26:00,2025-05-11 23:04:08,5,1.4,cola96
uaf86208c2f2d,7,21,1,3,å‘¨å››,2,2025-01-16,2,2025-01,7,2025-01-16 19:26:51,2025-01-22 17:23:04,4,1.75,alaps
ub2b47e7d5193,7,16,2,2,å‘¨ä¸‰,3,2025-10-15,2,2025-10,7,2025-10-01 01:08:37,2025-10-15 10:20:46,5,1.4,meguminqwq
8fb6a4df89a4,7,15,3,3,å‘¨å››,4,2025-05-21,1,2026-01,3,2025-05-21 16:10:34,2026-01-16 20:43:46,7,1.0,ç¾Šç¾Šé˜Ÿç«‹å¤§åŠŸ
ud698d288529a,7,18,3,3,å‘¨å››,2,2025-09-10,2,2025-09,4,2025-08-11 19:41:06,2025-09-14 17:12:04,6,1.17,xiakejuny
ubcea0bd5ffdc,7,23,3,2,å‘¨ä¸‰,2,2025-08-13,2,2025-08,4,2025-08-12 11:21:31,2025-11-02 17:53:01,4,1.75,royfrost
u732c497fce90,7,0,3,1,å‘¨äºŒ,4,2025-12-30,3,2025-12,6,2025-01-07 00:09:34,2025-12-30 18:18:37,4,1.75,roseallenzwt
7d4b2bcea3b2,7,8,1,0,å‘¨ä¸€,2,2025-08-11,1,2025-08,2,2025-08-11 08:48:45,2025-12-01 16:26:24,7,1.0,fenyue
u605ccd3686c6,7,21,3,0,å‘¨ä¸€,2,2025-05-29,1,2025-05,3,2025-05-24 21:42:18,2025-07-30 21:55:30,7,1.0,æ‰­æ›²æ€ª
84892b708d36,7,15,3,3,å‘¨å››,4,2025-05-21,1,2026-01,3,2025-05-21 16:10:34,2026-01-16 20:43:46,7,1.0,wjyå´æ‰
ub76c3681b1d7,7,23,2,3,å‘¨å››,3,2025-05-08,2,2025-05,5,2025-04-30 01:26:00,2025-05-11 23:04:08,5,1.4,spurs001
u60eaee43b548,7,23,4,1,å‘¨äºŒ,2,2025-01-14,1,2025-03,3,2025-01-14 01:11:15,2025-11-28 23:36:47,7,1.0,dzk
ucc028884b688,7,21,2,5,å‘¨å…­,3,2025-02-15,1,2025-02,4,2025-02-15 18:19:46,2025-06-02 22:58:10,7,1.0,yuechen
u9ee1b6a74d6b,7,23,1,2,å‘¨ä¸‰,2,2025-02-05,1,2025-06,4,2025-02-05 23:26:09,2025-06-27 12:57:06,7,1.0,å½’å¿ƒ
uc5e60fb3bd20,7,2,3,1,å‘¨äºŒ,2,2025-05-30,1,2025-05,5,2025-05-27 16:23:50,2025-06-03 02:11:49,7,1.0,çº¢é«˜ç²±
d22f96066a9e,7,23,3,4,å‘¨äº”,3,2025-01-05,1,2026-01,4,2025-01-03 19:54:08,2026-01-30 23:32:58,7,1.0,marquess
ue25e0c887bad,7,21,2,2,å‘¨ä¸‰,2,2025-07-02,1,2025-07,3,2025-07-02 21:16:02,2025-09-24 21:59:56,7,1.0,é½æŸæ—é£çŒª
ue15317a01ced,7,0,3,3,å‘¨å››,2,2025-01-23,1,2025-01,2,2025-01-18 03:30:18,2025-07-02 23:21:22,7,1.0,æ–°å‡ å†…äºšçš„çŒ´ç‹
ue9633562bdcb,7,17,3,6,å‘¨æ—¥,3,2025-02-20,1,2025-02,3,2025-02-20 17:29:12,2025-04-15 23:11:05,7,1.0,scp5637
uf5469f4a898c,7,21,2,6,å‘¨æ—¥,2,2025-05-24,2,2025-05,4,2025-03-09 23:41:35,2025-05-26 01:04:05,6,1.17,ğŸ””â¤ï¸ğŸ’¤
b75e9389bfa9,7,19,2,6,å‘¨æ—¥,5,2026-02-01,3,2026-02,3,2025-09-28 15:55:28,2026-02-01 21:44:48,4,1.75,å§å±±çœ‹æ°´
u3060dd57e6ad,7,11,2,2,å‘¨ä¸‰,3,2025-06-25,1,2025-09,3,2025-06-25 17:16:33,2026-01-12 02:00:04,7,1.0,æº¯æœ›
ue1e8b9331022,7,11,3,1,å‘¨äºŒ,3,2025-01-28,2,2025-01,3,2025-01-20 11:24:18,2025-04-01 18:10:09,6,1.17,æœ€ç»ˆåˆ—è½¦
u1f617361652c,7,11,2,5,å‘¨å…­,2,2025-08-14,2,2025-08,7,2025-08-05 11:55:25,2025-08-23 13:05:51,6,1.17,ä¸€ä¸ªé‡Œçº³ç±³çš„
uaac7ed054272,6,0,2,4,å‘¨äº”,2,2025-12-05,2,2025-12,4,2025-12-05 21:24:49,2026-01-04 00:06:35,5,1.2,---
u62a54f651c8a,6,21,2,1,å‘¨äºŒ,2,2025-03-21,1,2025-03,1,2025-03-21 22:27:48,2025-11-25 23:57:17,6,1.0,anna831121
uc1b3c993183e,6,2,2,2,å‘¨ä¸‰,3,2026-01-06,1,2026-01,4,2025-12-30 04:07:19,2026-01-22 23:01:12,6,1.0,wsxiaohai
ud54670c2b4db,6,22,3,5,å‘¨å…­,2,2025-10-18,1,2025-10,5,2025-10-04 22:33:44,2025-11-07 22:25:22,6,1.0,doffran
ud1689f5e853b,6,20,1,2,å‘¨ä¸‰,2,2025-09-03,2,2025-09,6,2025-09-03 20:47:23,2025-09-13 01:52:15,5,1.2,zongzi
u258e5ea09804,6,1,1,6,å‘¨æ—¥,2,2025-01-23,1,2025-01,2,2025-01-19 17:41:32,2026-01-18 18:30:50,6,1.0,hhn
bfac2758259d,6,10,2,0,å‘¨ä¸€,2,2025-05-26,2,2025-05,3,2025-05-26 00:31:03,2025-06-13 02:09:17,5,1.2,1494164074
u87f9bc8b918b,6,14,2,2,å‘¨ä¸‰,1,2025-04-30,1,2025-06,2,2025-04-30 14:15:43,2025-07-29 16:12:49,6,1.0,ä¸æ¶ˆè€—åå­—çš„ç¡¬å¸
u2928761c95a9,6,15,2,3,å‘¨å››,2,2026-01-02,1,2026-01,5,2025-12-31 22:34:39,2026-01-29 23:14:37,6,1.0,å™©æ¢¦ä¹‹å½±
u5197689e1093,6,22,4,3,å‘¨å››,2,2025-07-10,1,2025-09,5,2025-07-10 22:45:39,2025-09-14 22:17:30,6,1.0,hxy
ue818dc240bd9,6,23,1,0,å‘¨ä¸€,2,2025-05-19,2,2025-05,6,2025-05-19 20:44:02,2025-05-30 10:23:17,4,1.5,åŒ—é£å¹
u1d6428ad859d,6,21,2,2,å‘¨ä¸‰,2,2025-01-01,1,2025-01,1,2025-01-01 21:55:46,2025-10-06 12:35:20,6,1.0,crosshappy
ub1029666653b,6,0,2,6,å‘¨æ—¥,1,2025-07-27,1,2026-01,4,2025-07-27 14:30:45,2026-01-27 02:15:45,6,1.0,è‰¾è’™ä¸­æ³•
uacca927d9ad4,6,22,2,2,å‘¨ä¸‰,1,2025-01-01,1,2025-01,4,2025-01-01 21:52:07,2025-03-23 12:23:47,6,1.0,chiyu001
bddeb4fa16a6,6,19,2,4,å‘¨äº”,3,2026-01-18,2,2025-12,2,2025-07-18 23:48:28,2026-01-18 06:45:58,5,1.2,daiåŠä»™
u2933ce7275a1,6,16,1,4,å‘¨äº”,3,2025-08-22,1,2025-08,5,2025-08-22 16:23:08,2025-09-12 01:55:24,6,1.0,eed
u6548544a601e,5,22,1,3,å‘¨å››,2,2025-12-25,2,2025-12,2,2025-09-28 22:49:42,2026-01-12 18:08:10,4,1.25,rwer1343
6c622219e074,5,21,2,3,å‘¨å››,2,2025-09-11,1,2025-09,4,2025-09-11 21:19:51,2025-10-02 20:56:21,5,1.0,1h111
342cabe8d426,5,20,1,5,å‘¨å…­,3,2025-03-15,1,2025-06,2,2025-03-15 20:43:45,2025-07-19 01:20:13,5,1.0,ä»è€…æ— æ•Œ
c82433ca5ee7,5,14,3,5,å‘¨å…­,3,2025-02-15,1,2025-02,3,2025-02-15 14:49:08,2025-03-15 14:28:46,5,1.0,ä¸€ç›´
u76971e31dd7d,5,21,3,6,å‘¨æ—¥,3,2025-01-12,2,2025-01,2,2025-01-12 21:10:41,2026-01-18 00:11:43,4,1.25,echinochloa
e1ea85369e2d,5,21,2,3,å‘¨å››,2,2025-09-11,1,2025-09,4,2025-09-11 21:19:51,2025-10-02 20:56:21,5,1.0,ç‹å‡¯
u3814aff54c0a,5,20,2,3,å‘¨å››,3,2025-01-23,1,2025-01,2,2025-01-16 20:29:07,2025-11-19 20:10:26,5,1.0,æ¸…é£æ‹‚è¿‡
ubc8fcb9a8984,5,22,2,3,å‘¨å››,3,2025-02-13,1,2025-02,1,2025-02-13 22:16:18,2025-11-17 18:19:59,5,1.0,xscc
u2c0fb1011366,5,22,2,3,å‘¨å››,3,2025-02-13,1,2025-02,1,2025-02-13 22:16:18,2025-11-17 18:19:59,5,1.0,èˆªçˆ·
d6b023ce7046,5,18,2,6,å‘¨æ—¥,2,2025-04-26,1,2026-01,4,2025-04-26 18:07:09,2026-01-18 18:48:42,5,1.0,shorst
u2d6fefa74fe1,5,18,2,2,å‘¨ä¸‰,3,2026-01-07,3,2026-01,5,2026-01-03 18:17:08,2026-01-07 23:52:03,3,1.67,å¤©å‡‰å¤œæ˜
u41247750c2db,5,22,3,6,å‘¨æ—¥,3,2025-09-07,2,2025-09,5,2025-09-01 22:18:44,2025-09-14 22:19:05,4,1.25,herbmaster
uf80664128293,5,15,2,6,å‘¨æ—¥,2,2025-01-19,1,2025-12,2,2025-01-19 15:41:00,2025-12-19 11:35:33,5,1.0,wyxs
u48a3b8508ba3,5,22,2,3,å‘¨å››,3,2025-02-13,1,2025-02,1,2025-02-13 22:16:18,2025-11-17 18:19:59,5,1.0,ä¹¦ç½”é—»
u6f7cf5a0714e,5,18,1,5,å‘¨å…­,2,2025-01-26,1,2025-02,3,2025-01-26 18:34:29,2025-03-29 13:07:21,5,1.0,å°æ¶µ
ue2b3a6972923,5,16,2,4,å‘¨äº”,1,2025-06-27,1,2025-06,3,2025-06-27 16:26:59,2025-07-03 17:20:30,5,1.0,z2560068
u466a89f87e6b,5,23,2,2,å‘¨ä¸‰,2,2025-01-01,2,2025-01,4,2025-01-01 17:13:02,2025-03-11 23:22:52,4,1.25,fangruoning
u93aa7d874d70,5,17,2,1,å‘¨äºŒ,1,2025-01-21,1,2025-01,4,2025-01-21 17:41:31,2025-03-03 01:10:21,5,1.0,muwing
ua09de4e57841,5,1,2,1,å‘¨äºŒ,2,2025-12-23,2,2025-12,4,2025-12-22 00:16:22,2026-01-03 01:24:25,4,1.25,yog
u11d82c3586b3,5,16,1,6,å‘¨æ—¥,2,2026-01-25,2,2026-01,5,2026-01-25 16:31:54,2026-01-29 00:10:18,3,1.67,lingcen
ua25fb7c48105,5,23,3,0,å‘¨ä¸€,2,2025-01-13,1,2025-12,2,2025-01-13 23:23:14,2026-02-02 12:29:41,5,1.0,cyzwq567
u4f00de68e1ce,5,4,2,4,å‘¨äº”,2,2025-11-28,1,2025-12,2,2025-11-28 04:08:14,2026-01-16 20:03:59,5,1.0,å°å†‰
u8fb1d537a2b1,5,23,2,0,å‘¨ä¸€,2,2025-02-17,2,2025-02,5,2025-02-17 01:00:08,2025-02-25 22:47:42,4,1.25,æµé›©
9cb246307229,5,11,1,0,å‘¨ä¸€,1,2025-12-01,1,2025-12,3,2025-11-26 09:54:36,2025-12-07 20:01:48,5,1.0,ymlalala
u545e40a892ba,5,23,2,2,å‘¨ä¸‰,1,2025-03-05,1,2025-03,4,2025-03-05 23:00:26,2025-04-07 23:52:04,5,1.0,xuty
u9840f6d7c328,5,22,2,3,å‘¨å››,3,2025-02-13,1,2025-02,1,2025-02-13 22:16:18,2025-11-17 18:19:59,5,1.0,å¹½çµ
u1ef63d3c8af7,5,2,1,5,å‘¨å…­,2,2025-03-09,1,2025-03,3,2025-03-08 21:18:50,2025-04-12 01:21:12,5,1.0,å°å£«
u1ebf94f7b35e,5,1,1,3,å‘¨å››,2,2025-01-09,1,2025-01,3,2025-01-04 16:14:28,2025-02-06 20:14:56,5,1.0,å¼ æ­£ç›´
ud1b6b1a21299,5,9,1,1,å‘¨äºŒ,2,2025-03-04,1,2025-03,2,2025-03-04 09:28:44,2025-12-16 13:53:24,5,1.0,goldfish
ua4928bcdbe27,5,0,2,4,å‘¨äº”,2,2025-02-14,1,2025-02,2,2025-02-14 00:36:27,2025-07-18 18:48:24,5,1.0,è¶Šå‰é¾™é©¬
u8ab18b592945,5,18,2,2,å‘¨ä¸‰,3,2026-01-07,3,2026-01,5,2026-01-03 18:17:08,2026-01-07 23:52:03,3,1.67,pyt2002
b1ecc21eba6b,5,21,2,3,å‘¨å››,2,2025-09-11,1,2025-09,4,2025-09-11 21:19:51,2025-10-02 20:56:21,5,1.0,ä»»æ°¸æ—º
ec168f3cdf40,5,15,2,3,å‘¨å››,4,2025-12-04,1,2026-01,3,2025-11-27 15:44:27,2026-01-16 20:43:46,5,1.0,ç‘å‡¤
5a77942689b3,5,21,2,3,å‘¨å››,2,2025-09-11,1,2025-09,4,2025-09-11 21:19:51,2025-10-02 20:56:21,5,1.0,wrzzqg
ueae0cff29077,4,21,2,6,å‘¨æ—¥,2,2025-02-02,1,2025-02,3,2025-02-02 21:54:15,2025-10-07 23:13:13,4,1.0,é•¿ç†ç”µæ°”no1
59ce7a2bfade,4,16,2,4,å‘¨äº”,2,2025-04-18,1,2025-04,2,2025-04-18 16:34:19,2025-09-26 16:41:08,4,1.0,ç™½é“¶
ddb4611be4d9,4,1,1,4,å‘¨äº”,2,2025-03-07,2,2025-03,4,2025-03-07 01:47:39,2025-03-13 15:54:06,3,1.33,duoyu111
u771fb35bbe0f,4,12,1,2,å‘¨ä¸‰,2,2025-09-24,2,2025-09,4,2025-09-23 12:27:19,2025-09-25 00:55:53,3,1.33,ç»ˆæœ«ç”µè½¦
708d7d1a4377,4,10,2,0,å‘¨ä¸€,1,2025-06-23,1,2025-08,2,2025-06-23 10:44:37,2025-09-24 21:17:12,4,1.0,jerry81333
u7236bc23b6ec,4,21,2,2,å‘¨ä¸‰,3,2026-01-07,3,2026-01,4,2026-01-06 21:32:15,2026-01-07 23:52:03,2,2.0,etc
u8923ac3007dd,4,14,1,4,å‘¨äº”,2,2025-05-23,1,2025-06,2,2025-05-23 14:46:24,2025-07-13 23:19:02,4,1.0,å°å·
uabe831ca1c43,4,21,2,4,å‘¨äº”,2,2025-02-28,1,2025-02,1,2025-02-28 21:59:02,2025-05-17 15:39:35,4,1.0,æ±é¢¨è°·è‰ç”°
u92d4ef744851,4,12,1,3,å‘¨å››,2,2025-06-26,2,2025-06,3,2025-06-23 12:08:17,2025-07-02 10:21:18,3,1.33,luckydice
322ed467ae60,4,1,2,4,å‘¨äº”,1,2026-01-02,1,2026-01,4,2026-01-02 01:37:58,2026-01-27 02:15:45,4,1.0,wanghaozhe
u70e7173ba11d,4,0,1,6,å‘¨æ—¥,1,2025-03-02,1,2025-03,2,2025-03-02 00:53:51,2025-04-24 19:15:18,4,1.0,éº¦å¡ä¼¦
u7cfc13e9ec9f,4,22,1,6,å‘¨æ—¥,1,2026-01-25,1,2026-01,4,2026-01-25 22:43:07,2026-01-31 23:42:00,4,1.0,æ©˜é›ªè‰å°çˆ±
u7e41dc608300,4,22,2,0,å‘¨ä¸€,2,2025-09-01,1,2025-09,4,2025-09-01 22:18:44,2025-09-10 21:31:42,4,1.0,chrissy
u1b894f0abe44,4,22,2,6,å‘¨æ—¥,2,2025-10-26,2,2025-10,3,2025-10-02 20:28:23,2025-11-08 22:48:22,3,1.33,lipu
u832f1fa63eb3,4,21,1,1,å‘¨äºŒ,1,2025-04-08,1,2025-05,3,2025-04-08 21:09:59,2025-05-14 13:25:05,4,1.0,ä¿¡å‡›
u2556a7bdafb4,4,23,3,2,å‘¨ä¸‰,2,2025-04-23,1,2026-01,3,2025-04-23 17:52:27,2026-01-30 23:32:58,4,1.0,é½é©¬è“
u85990554580c,4,12,1,2,å‘¨ä¸‰,2,2025-09-24,2,2025-09,4,2025-09-23 12:27:19,2025-09-25 00:55:53,3,1.33,poidesu3814
u8e72e824d589,4,22,2,1,å‘¨äºŒ,3,2025-01-28,1,2025-09,3,2025-01-28 23:01:06,2025-09-18 22:15:45,4,1.0,jz258
ua522d8b05d43,4,2,2,1,å‘¨äºŒ,1,2025-07-22,1,2025-07,3,2025-07-22 23:50:46,2025-08-24 02:27:59,4,1.0,å°ç†ŠçŒ«çŒ«çŒ«
39bd7db8afa5,4,17,1,6,å‘¨æ—¥,2,2026-01-18,2,2026-01,4,2026-01-17 23:08:37,2026-01-19 12:32:13,3,1.33,noorder
u8826f88621c7,4,11,2,2,å‘¨ä¸‰,2,2025-06-11,1,2025-06,4,2025-06-11 18:26:00,2025-06-26 11:44:25,4,1.0,æ— æ•Œå¤§ç»¿
32bfb3f9a500,4,23,2,4,å‘¨äº”,1,2025-04-11,1,2025-04,4,2025-04-11 23:48:12,2025-04-28 18:25:39,4,1.0,rjw
b5b18392d531,4,15,2,1,å‘¨äºŒ,2,2025-08-20,1,2025-09,2,2025-08-20 10:51:44,2025-10-21 15:43:40,4,1.0,æœ‰ç‚¹æ€ªz
u4220ecf3651c,4,22,2,1,å‘¨äºŒ,3,2025-01-28,1,2025-09,3,2025-01-28 23:01:06,2025-09-18 22:15:45,4,1.0,langqiu
u16bc63b17298,4,22,2,1,å‘¨äºŒ,3,2025-01-28,1,2025-09,3,2025-01-28 23:01:06,2025-09-18 22:15:45,4,1.0,çº¢çƒ§çŠç‘šé±¼
1c4298faa03b,4,23,2,5,å‘¨å…­,1,2025-05-31,1,2025-05,1,2025-05-31 23:22:29,2025-10-03 00:39:31,4,1.0,kingofweisuo
uc02fb242a57c,4,17,2,2,å‘¨ä¸‰,2,2025-11-26,2,2025-11,4,2025-11-26 09:54:36,2025-11-29 14:45:04,3,1.33,fx
9313f0dd5768,4,17,1,6,å‘¨æ—¥,2,2025-03-30,1,2025-05,2,2025-03-30 17:42:06,2025-05-11 00:01:12,4,1.0,mooncity2
ba5d78cee742,4,0,2,0,å‘¨ä¸€,2,2025-12-07,1,2025-12,4,2025-12-07 23:04:53,2025-12-29 00:08:25,4,1.0,åŒ—å·
c5d9f1e54674,4,18,2,3,å‘¨å››,2,2025-05-22,1,2025-05,2,2025-05-22 18:58:29,2025-06-12 13:02:41,4,1.0,minosa
uba4e8d8c5e23,4,5,2,4,å‘¨äº”,1,2025-12-05,1,2025-12,2,2025-12-05 05:31:39,2026-01-13 05:44:21,4,1.0,alex861504
1c808236b9a4,4,17,4,3,å‘¨å››,1,2025-02-13,1,2025-11,3,2025-02-13 17:39:29,2025-11-18 17:14:10,4,1.0,è‰è‰
u53596b8312a7,4,10,2,0,å‘¨ä¸€,1,2025-06-23,1,2025-08,2,2025-06-23 10:44:37,2025-09-24 21:17:12,4,1.0,niven
u60f093b8432b,4,0,2,1,å‘¨äºŒ,2,2025-12-07,1,2025-12,4,2025-12-07 23:04:53,2025-12-29 00:08:25,4,1.0,ytythahaha
uba7349e7d5f8,4,16,2,5,å‘¨å…­,1,2025-08-23,1,2025-08,4,2025-08-19 17:48:45,2025-08-24 16:38:04,4,1.0,404-student
9ee340255db1,4,0,2,3,å‘¨å››,2,2025-01-30,1,2025-01,1,2025-01-30 00:31:23,2025-04-03 18:31:15,4,1.0,æ°¸è¿œ
1f756f986b89,4,10,2,0,å‘¨ä¸€,1,2025-06-23,1,2025-08,2,2025-06-23 10:44:37,2025-09-24 21:17:12,4,1.0,kimty
u586d367a184d,4,1,1,2,å‘¨ä¸‰,2,2025-06-22,1,2025-06,1,2025-06-22 01:46:19,2025-10-08 00:51:22,4,1.0,å½’æ¥
udde6bf61ba56,4,17,3,4,å‘¨äº”,3,2025-07-25,1,2025-07,2,2025-07-18 18:48:24,2026-01-30 17:15:43,4,1.0,å­å¿ å˜‰åˆ
uc0956156417f,4,1,1,5,å‘¨å…­,2,2025-03-08,2,2025-03,3,2025-03-07 23:39:42,2025-05-01 17:58:07,3,1.33,antares
u4f4767ccd390,4,23,2,4,å‘¨äº”,1,2025-02-07,1,2025-02,2,2025-02-07 17:49:16,2025-05-12 23:52:48,4,1.0,takumin
u11c86216fa1c,4,22,1,6,å‘¨æ—¥,2,2025-02-03,1,2025-06,3,2025-02-03 22:44:05,2025-06-22 17:16:37,4,1.0,scatoladesu
f593b9eed4fd,4,22,2,0,å‘¨ä¸€,2,2025-01-23,1,2025-01,4,2025-01-13 22:07:02,2025-01-23 20:10:30,4,1.0,teemomillion
ucc8695768420,4,21,2,3,å‘¨å››,1,2025-05-29,1,2025-05,3,2025-05-24 21:42:18,2025-06-22 17:29:58,4,1.0,3226075131
u1166f2d8889f,4,1,2,6,å‘¨æ—¥,2,2025-03-09,2,2025-03,4,2025-03-07 01:47:39,2025-03-09 04:52:21,3,1.33,ä¸‰ä½“
ufd1c11d3d204,4,22,2,6,å‘¨æ—¥,2,2026-01-06,1,2026-01,4,2026-01-06 22:13:56,2026-01-18 18:48:42,4,1.0,qfsm000
uf5bdb81e093e,4,0,1,6,å‘¨æ—¥,1,2025-03-02,1,2025-03,2,2025-03-02 00:53:51,2025-04-24 19:15:18,4,1.0,å·´åœ
u9ddd08910546,4,18,2,4,å‘¨äº”,1,2025-01-24,1,2025-01,2,2025-01-24 14:11:32,2025-02-08 18:08:22,4,1.0,æ·±æ©™æµ…æ©™1102
uefc011328868,4,19,1,0,å‘¨ä¸€,2,2025-06-07,1,2025-06,3,2025-06-02 23:17:22,2025-12-29 21:57:28,4,1.0,badwoman
ee9dccf5da41,4,21,1,3,å‘¨å››,2,2025-02-13,1,2025-02,1,2025-02-13 21:14:04,2026-02-03 04:57:50,4,1.0,pokerzzz
cb3cf0858366,4,18,2,4,å‘¨äº”,1,2025-01-24,1,2025-01,2,2025-01-24 14:11:32,2025-02-08 18:08:22,4,1.0,æ”¹å“¥
u6a3b2a961886,4,23,2,5,å‘¨å…­,1,2025-05-31,1,2025-05,1,2025-05-31 23:22:29,2025-10-03 00:39:31,4,1.0,hying
uc3731936845f,4,13,1,4,å‘¨äº”,2,2025-07-01,1,2025-07,1,2025-07-01 13:16:19,2025-11-12 15:38:23,4,1.0,hephait
ue61398504819,4,21,2,5,å‘¨å…­,2,2025-02-03,1,2025-02,1,2025-02-03 21:49:03,2025-07-19 21:53:02,4,1.0,zrh
u428f8c15376d,4,12,1,6,å‘¨æ—¥,1,2025-01-19,1,2025-02,2,2025-01-19 12:26:07,2025-07-09 18:06:08,4,1.0,wnywny123
ufec7a25ae2a6,3,16,1,5,å‘¨å…­,1,2025-01-11,1,2025-01,2,2025-01-11 16:49:50,2025-04-04 22:05:09,3,1.0,ç‹ä¸ƒ
45a14879585d,3,11,2,2,å‘¨ä¸‰,2,2025-02-12,1,2025-02,2,2025-02-08 18:42:54,2025-04-16 11:45:47,3,1.0,åé›„
ucf889e8ad7a5,3,21,1,1,å‘¨äºŒ,2,2026-01-20,1,2026-01,3,2026-01-20 21:15:13,2026-01-27 20:50:56,3,1.0,rance
uc40f09c22475,3,4,2,4,å‘¨äº”,1,2025-11-28,1,2025-12,2,2025-11-28 04:08:14,2025-12-17 04:53:50,3,1.0,qxl
uc3dfeac0f7c1,3,17,1,0,å‘¨ä¸€,2,2025-09-29,2,2025-09,3,2025-09-28 17:28:47,2025-09-29 18:32:22,2,1.5,å°å’Œå°š
ufb109feda27a,3,17,1,6,å‘¨æ—¥,1,2025-01-19,1,2025-01,2,2025-01-19 17:41:32,2025-06-02 22:58:10,3,1.0,ploire
1d1e63383e09,3,22,1,5,å‘¨å…­,2,2025-04-11,1,2025-04,2,2025-04-11 22:26:08,2026-01-31 17:50:59,3,1.0,ç«æ˜Ÿç›‘ç‹±æ”¹é€ ç§¯æåˆ†å­
uc19a767f9798,3,19,1,0,å‘¨ä¸€,2,2025-08-11,2,2025-08,2,2025-08-11 19:43:02,2025-09-12 22:29:34,2,1.5,xixu
ufaaa4461d658,3,0,2,2,å‘¨ä¸‰,1,2025-06-25,1,2025-06,2,2025-06-25 14:38:06,2025-07-04 00:17:21,3,1.0,vuuv
ec493df64312,3,4,1,1,å‘¨äºŒ,1,2025-01-07,1,2025-01,2,2025-01-07 04:23:40,2025-02-08 16:35:40,3,1.0,absol96
2f7494e9d3a0,3,21,1,3,å‘¨å››,2,2025-02-13,1,2025-02,1,2025-02-13 21:14:04,2025-06-12 02:06:18,3,1.0,183454241
3a07a0245b83,3,12,2,2,å‘¨ä¸‰,1,2025-04-30,1,2025-10,2,2025-04-30 12:24:59,2025-10-25 12:05:29,3,1.0,ddxy
u1504829f2660,3,2,1,2,å‘¨ä¸‰,1,2025-01-08,1,2025-06,2,2025-01-08 02:04:27,2025-06-24 22:27:15,3,1.0,ç¾¤æ˜Ÿ
u1a8182e1c836,3,23,3,4,å‘¨äº”,2,2025-02-21,1,2025-02,1,2025-02-21 23:15:40,2025-12-29 23:27:27,3,1.0,sukitayo
uaccdd996a51f,3,12,1,4,å‘¨äº”,2,2025-09-26,1,2025-10,2,2025-09-26 12:31:04,2025-10-03 23:03:58,3,1.0,å°wish
uaf7cda1b3f96,3,1,1,3,å‘¨å››,2,2025-01-02,1,2025-01,2,2025-01-02 01:11:28,2025-02-08 22:42:15,3,1.0,blxg
uf2390cd4836b,3,21,2,6,å‘¨æ—¥,2,2025-02-02,1,2025-02,3,2025-02-02 21:54:15,2025-02-09 21:58:00,3,1.0,waaaa
ub127e12e716d,3,18,1,2,å‘¨ä¸‰,2,2025-09-24,2,2025-09,3,2025-09-24 18:37:42,2025-09-25 00:55:53,2,1.5,zhongye
ub1cdc9500227,3,22,2,1,å‘¨äºŒ,2,2025-01-28,2,2025-01,3,2025-01-26 22:37:01,2025-01-28 22:31:43,2,1.5,é›¾é›¨å’–å–±
u18b2dfeeb55e,3,4,2,4,å‘¨äº”,1,2025-11-28,1,2025-12,2,2025-11-28 04:08:14,2025-12-17 04:53:50,3,1.0,jbhfpku
ub3c19b5c0394,3,1,1,0,å‘¨ä¸€,1,2025-02-17,1,2025-02,3,2025-02-15 16:49:22,2025-02-17 01:00:08,3,1.0,æµ®ç”Ÿæ— æ¢¦
2ae4d2235399,3,15,1,6,å‘¨æ—¥,2,2025-11-30,2,2025-11,2,2025-11-30 15:59:31,2025-12-02 21:36:34,2,1.5,ç–¯æ³•å¸ˆ
fae8c21dad1a,3,16,2,4,å‘¨äº”,2,2025-04-18,1,2025-09,2,2025-04-18 16:34:19,2025-09-26 16:41:08,3,1.0,lizard009
uaad9ddb4433c,3,23,1,6,å‘¨æ—¥,2,2025-03-23,1,2025-03,1,2025-03-23 23:35:41,2025-05-04 21:38:10,3,1.0,nep
u1c44d966862f,3,23,1,5,å‘¨å…­,2,2025-01-08,1,2025-01,3,2025-01-04 17:38:49,2025-01-18 15:10:24,3,1.0,err
fc4bdf9c9eca,3,22,1,4,å‘¨äº”,2,2025-05-03,1,2025-05,1,2025-04-25 21:16:59,2026-01-23 18:07:51,3,1.0,catcher1234
uecffabffe8df,3,22,1,5,å‘¨å…­,2,2025-04-11,1,2025-04,2,2025-04-11 22:26:08,2026-01-31 17:50:59,3,1.0,abcde
ufc061de9e7c9,3,23,1,2,å‘¨ä¸‰,1,2025-01-08,1,2025-01,2,2025-01-08 23:51:07,2025-02-25 15:34:44,3,1.0,æˆ¦ã‚ãªã‘ã‚Œã°æ­»ã¬
38371e26eb09,3,1,1,6,å‘¨æ—¥,1,2025-07-13,1,2025-07,3,2025-07-13 01:15:59,2025-07-17 00:18:51,3,1.0,keyangkeyang666
ua72eff233258,3,23,1,5,å‘¨å…­,2,2025-04-12,1,2025-04,3,2025-04-12 23:31:10,2025-04-26 21:01:47,3,1.0,èŒæ–°æœˆè‰²
u139945287160,3,1,2,5,å‘¨å…­,1,2026-01-03,1,2025-12,2,2025-12-23 16:51:51,2026-01-03 01:24:25,3,1.0,å›¾å—2025
u1a7d5238121f,3,22,1,1,å‘¨äºŒ,1,2026-01-20,1,2026-01,3,2026-01-20 22:22:32,2026-01-29 23:14:37,3,1.0,æ°´æ™¶
ua6bbb16bbe3d,3,14,1,2,å‘¨ä¸‰,1,2025-06-25,1,2025-06,2,2025-06-25 14:38:06,2025-11-22 17:27:02,3,1.0,vikiy
u130fba59dcc2,3,19,1,6,å‘¨æ—¥,2,2025-06-15,1,2025-06,3,2025-06-15 19:38:53,2025-06-22 17:16:37,3,1.0,æ±‰å ¡åŒ…
u1246af92721c,3,22,2,5,å‘¨å…­,1,2025-10-11,1,2025-10,2,2025-10-11 22:41:42,2026-01-06 22:32:22,3,1.0,silainmaou
38d8e3fdd892,3,22,1,1,å‘¨äºŒ,2,2025-03-13,1,2025-03,3,2025-03-11 18:27:30,2025-03-18 17:00:33,3,1.0,éº¦å…‹æ–¯éŸ¦
ua6a6ff7c11b5,3,21,2,0,å‘¨ä¸€,1,2025-07-14,1,2025-07,3,2025-07-14 21:35:13,2025-07-17 20:32:48,3,1.0,altria
u9e3719160091,3,22,1,1,å‘¨äºŒ,2,2025-03-13,1,2025-03,3,2025-03-11 18:27:30,2025-03-18 17:00:33,3,1.0,å¥¥æœ¬æµ·é»˜
u8892a146e358,3,0,2,4,å‘¨äº”,1,2025-02-14,1,2025-02,2,2025-02-14 00:36:27,2025-05-05 21:39:12,3,1.0,æ¬§é˜³å¸æœº
u1e23dfdbfa69,3,22,1,0,å‘¨ä¸€,1,2025-02-03,1,2025-06,2,2025-02-03 22:44:05,2025-06-22 17:16:37,3,1.0,mkspencer233
u6fe8d56b7309,3,23,1,4,å‘¨äº”,1,2025-07-25,1,2025-07,3,2025-07-25 23:07:44,2025-07-30 21:55:30,3,1.0,liangpi
uf470a1480c6f,3,22,2,6,å‘¨æ—¥,1,2025-10-12,1,2025-10,2,2025-10-11 22:41:42,2026-01-06 22:32:22,3,1.0,femme
u3d3a770d9b25,3,21,1,3,å‘¨å››,2,2025-06-19,1,2025-07,2,2025-06-19 21:51:30,2025-07-31 17:37:51,3,1.0,mapliar
93833d8b6163,3,23,1,6,å‘¨æ—¥,2,2025-03-23,1,2025-03,1,2025-03-23 23:35:41,2025-05-04 21:38:10,3,1.0,wmsnow
91b9bfa9b05e,3,17,1,6,å‘¨æ—¥,2,2026-01-18,2,2026-01,3,2026-01-17 23:08:37,2026-01-18 17:54:59,2,1.5,èœä¸
u65cf71bbda10,3,1,1,6,å‘¨æ—¥,1,2025-07-13,1,2025-07,3,2025-07-13 01:15:59,2025-07-17 00:18:51,3,1.0,928949719
c6e15a2e99c8,3,23,2,4,å‘¨äº”,1,2025-03-07,1,2026-01,2,2025-03-07 20:34:28,2026-01-29 23:47:21,3,1.0,æˆ‘è¶…å‡¶çš„
u3be47ade0bd4,3,20,1,0,å‘¨ä¸€,2,2025-05-19,2,2025-05,2,2025-05-19 20:44:02,2025-07-09 12:18:17,2,1.5,è‘«èŠ¦å¨ƒ
8f2e5eac0cda,3,0,1,6,å‘¨æ—¥,1,2026-01-18,1,2026-01,3,2026-01-17 23:08:37,2026-01-19 12:32:13,3,1.0,nitrene
8da7d2cdd0a6,3,15,1,4,å‘¨äº”,1,2025-02-14,1,2025-02,1,2025-02-14 15:57:12,2025-04-02 17:28:47,3,1.0,ç«¥è¯
u343914bdfe86,3,22,1,5,å‘¨å…­,2,2025-01-03,1,2025-01,1,2025-01-03 22:03:57,2025-03-08 16:04:07,3,1.0,konan
ca90f1372734,3,22,2,1,å‘¨äºŒ,1,2025-10-28,1,2025-10,2,2025-10-28 22:24:45,2025-11-01 22:06:57,3,1.0,ç”°äºŒ
u9a7c645c3751,3,0,2,3,å‘¨å››,1,2025-01-16,1,2025-01,1,2025-01-16 00:49:50,2025-05-25 00:32:28,3,1.0,zslzsl
824d9ae64cc6,3,23,1,6,å‘¨æ—¥,2,2025-03-23,1,2025-03,1,2025-03-23 23:35:41,2025-05-04 21:38:10,3,1.0,æ„šè€…
d31b527e4ef7,3,0,2,3,å‘¨å››,1,2025-01-16,1,2025-01,1,2025-01-16 00:49:50,2025-05-25 00:32:28,3,1.0,fengling
u6f6cc22e6880,3,22,2,1,å‘¨äºŒ,1,2025-10-28,1,2025-10,2,2025-10-28 22:24:45,2025-11-01 22:06:57,3,1.0,ç»¯å¤œ
u3ed3ded0ec5e,3,21,2,0,å‘¨ä¸€,1,2025-07-14,1,2025-07,3,2025-07-14 21:35:13,2025-07-17 20:32:48,3,1.0,å¤§è‹±è­¦å¯Ÿ
u606291e201d5,3,21,1,6,å‘¨æ—¥,3,2025-07-13,1,2025-07,2,2025-07-13 21:35:28,2025-08-10 16:56:29,3,1.0,arcticus
u5fe884ea0df2,3,23,2,4,å‘¨äº”,3,2025-09-12,1,2025-09,1,2025-09-12 23:04:53,2026-01-30 16:33:37,3,1.0,lazy1021
ude7cc7a9b2a0,3,22,1,5,å‘¨å…­,2,2025-04-11,1,2025-04,2,2025-04-11 22:26:08,2026-01-31 17:50:59,3,1.0,funny
b300769c6269,3,13,2,0,å‘¨ä¸€,1,2025-01-20,1,2026-01,2,2025-01-20 13:23:54,2026-01-30 12:36:13,3,1.0,æ”¯æ”¯
adaffd9d64d0,3,10,1,0,å‘¨ä¸€,2,2025-02-10,2,2025-02,2,2025-01-16 10:53:20,2025-02-10 18:11:17,2,1.5,åä¸ƒ
u46a5cb64aeb4,3,23,1,1,å‘¨äºŒ,1,2025-11-04,1,2025-11,3,2025-11-04 23:06:58,2025-11-09 00:58:35,3,1.0,min
udf856e1bf05e,3,23,1,5,å‘¨å…­,1,2025-12-27,1,2025-12,2,2025-12-27 23:00:00,2026-01-01 15:41:00,3,1.0,æ„šé±¼äºå®‡è‚²æ¸”åŸŸ
u4fa6d95cb881,3,15,1,3,å‘¨å››,1,2025-02-20,1,2025-02,3,2025-02-20 15:48:25,2025-02-24 17:13:36,3,1.0,seventeen
a44c15b60f07,3,16,2,2,å‘¨ä¸‰,1,2025-05-21,1,2025-05,1,2025-05-21 16:10:34,2026-01-08 16:15:27,3,1.0,ç‰§æ®‡
ude355e10534e,3,18,1,2,å‘¨ä¸‰,3,2026-01-07,3,2026-01,3,2026-01-07 18:04:56,2026-01-07 23:52:03,1,3.0,namedal
u5e7bfe0068b4,3,23,2,6,å‘¨æ—¥,2,2025-02-23,1,2025-02,2,2025-02-23 23:33:38,2025-03-02 00:38:26,3,1.0,chieribot
141c3a29fa52,3,21,1,3,å‘¨å››,1,2025-02-13,1,2025-02,1,2025-02-13 21:14:04,2026-02-03 04:57:50,3,1.0,steamriki
u579e4921eb69,3,17,1,1,å‘¨äºŒ,2,2025-01-15,1,2025-01,2,2025-01-14 00:37:21,2025-04-22 11:12:05,3,1.0,æš®æœˆ
9bd35e1d778b,3,23,3,4,å‘¨äº”,2,2025-02-21,1,2025-02,1,2025-02-21 23:15:40,2025-12-29 23:27:27,3,1.0,ffz36
u5a829f836cfc,3,1,1,2,å‘¨ä¸‰,1,2025-11-26,1,2025-12,2,2025-11-26 01:57:21,2025-12-08 16:30:05,3,1.0,abutuoke
9389aeb858c3,3,23,1,6,å‘¨æ—¥,2,2025-03-23,1,2025-03,1,2025-03-23 23:35:41,2025-05-04 21:38:10,3,1.0,requiemia
u5e39c49b44d4,3,22,1,0,å‘¨ä¸€,1,2025-01-27,1,2025-01,2,2025-01-27 22:00:06,2025-03-23 12:23:47,3,1.0,nagasaki
u2d5c1705fe93,3,11,1,0,å‘¨ä¸€,1,2025-01-20,1,2025-01,2,2025-01-20 11:24:18,2025-02-19 10:39:10,3,1.0,ä¸çª„
ud902ede97a03,3,23,1,5,å‘¨å…­,1,2026-01-31,1,2026-01,3,2026-01-27 21:54:36,2026-01-31 23:42:00,3,1.0,çš®å°”å˜¶
7c7e5eaba90f,3,22,1,5,å‘¨å…­,2,2025-04-11,1,2025-04,2,2025-04-11 22:26:08,2026-01-31 17:50:59,3,1.0,ä¸å¦‚åŸç¥
u26a1338ca127,3,16,2,5,å‘¨å…­,1,2025-08-23,1,2025-08,3,2025-08-21 23:49:38,2025-08-24 16:38:04,3,1.0,snitch1412
u99c9f8f49715,3,21,2,0,å‘¨ä¸€,1,2025-07-14,1,2025-07,3,2025-07-14 21:35:13,2025-07-17 20:32:48,3,1.0,aa-ä»£æ‰“ä»£ç»ƒ
ud0152010cfe7,3,23,1,2,å‘¨ä¸‰,2,2025-11-02,1,2025-11,2,2025-11-02 23:44:41,2025-12-03 02:19:29,3,1.0,è‰é±¼
u2085f4d4d25b,3,10,1,5,å‘¨å…­,1,2025-01-04,1,2025-01,1,2025-01-04 10:33:10,2026-01-14 13:47:00,3,1.0,wq
u20a7e1f67b6c,3,23,1,0,å‘¨ä¸€,2,2025-12-07,1,2025-12,3,2025-12-07 23:04:53,2025-12-29 00:08:25,3,1.0,æ­³æœˆ
u22c299652197,3,0,2,6,å‘¨æ—¥,2,2025-08-10,1,2025-08,1,2025-08-10 01:34:18,2025-12-01 00:03:50,3,1.0,arashi02
u8b8636bed8d0,3,23,2,6,å‘¨æ—¥,1,2025-06-22,1,2025-06,2,2025-06-22 23:03:16,2025-07-02 23:21:22,3,1.0,hanaseikai
u8a40e86a2e9b,3,23,1,1,å‘¨äºŒ,1,2025-04-22,1,2025-04,1,2025-04-22 23:37:51,2025-09-06 16:06:48,3,1.0,é•¿ä¸‰
62b235a5c382,3,1,2,4,å‘¨äº”,1,2026-01-02,1,2026-01,3,2026-01-02 01:37:58,2026-01-24 01:16:08,3,1.0,hqlf
65d0504e9e7c,3,17,1,3,å‘¨å››,2,2025-05-22,1,2025-05,2,2025-05-22 17:39:25,2025-06-12 02:06:18,3,1.0,ä¸€ç¯
ud2f4fade62f9,3,21,2,6,å‘¨æ—¥,2,2025-02-02,1,2025-02,3,2025-02-02 21:54:15,2025-02-09 21:58:00,3,1.0,cyx
uf8dd04fc1875,3,23,2,6,å‘¨æ—¥,1,2025-06-22,1,2025-06,2,2025-06-22 23:03:16,2025-07-02 23:21:22,3,1.0,roland
6bcbb72b2696,3,17,1,2,å‘¨ä¸‰,2,2025-03-08,1,2025-04,2,2025-03-08 17:56:38,2025-04-23 14:07:02,3,1.0,joe
ud3ada8bb4d05,3,21,1,6,å‘¨æ—¥,3,2025-07-13,1,2025-07,2,2025-07-13 21:35:28,2025-08-10 16:56:29,3,1.0,fdpat04
u28cdd46d2807,3,21,1,4,å‘¨äº”,2,2025-09-10,1,2025-09,3,2025-09-10 21:31:42,2025-09-19 19:44:19,3,1.0,horipse
u27d435e41823,3,15,1,5,å‘¨å…­,2,2025-01-04,1,2025-01,3,2025-01-04 15:42:46,2025-01-25 22:34:04,3,1.0,luoxiao
uf8f47e95eac7,3,21,1,1,å‘¨äºŒ,1,2025-01-21,1,2025-01,2,2025-01-20 22:52:24,2026-01-01 15:38:03,3,1.0,ç©ºå¿ƒç¥
u79369c0e3b7e,3,0,2,3,å‘¨å››,1,2025-01-16,1,2025-01,1,2025-01-16 00:49:50,2025-05-25 00:32:28,3,1.0,æéº»éº»åœ°
u7a25849c2ebd,3,15,2,4,å‘¨äº”,1,2025-01-31,1,2025-02,2,2025-01-31 15:32:47,2025-02-05 13:06:09,3,1.0,æ¨æ–½ç“¦æ ¼
ud5ce44a3743a,3,16,1,5,å‘¨å…­,2,2025-03-08,2,2025-03,2,2025-03-08 13:14:44,2025-04-17 21:32:46,2,1.5,ç‰ç±³é¢
u7cb47e59a1c7,3,22,1,0,å‘¨ä¸€,2,2025-07-07,1,2025-07,3,2025-07-07 22:39:13,2025-07-24 17:24:08,3,1.0,ç‰§ç‰›æµé©¬
u677098933c1c,3,16,2,4,å‘¨äº”,2,2025-04-18,1,2025-04,2,2025-04-18 16:34:19,2025-09-26 16:41:08,3,1.0,å¤šå–æ©™æ±
u80a09ce69f74,3,20,1,3,å‘¨å››,1,2025-05-29,1,2025-05,2,2025-05-26 21:17:31,2025-06-22 17:29:58,3,1.0,ä¸€éƒ¨åˆ†äºº
e15715f0c35d,3,23,1,0,å‘¨ä¸€,1,2025-04-28,1,2025-04,3,2025-04-24 00:33:11,2025-04-28 23:19:00,3,1.0,yiannis
ued69bf35c038,2,16,1,6,å‘¨æ—¥,2,2025-06-08,2,2025-06,2,2025-06-08 16:39:03,2025-06-08 19:49:02,1,2.0,kawasakitaki
ud0568adebc26,2,23,1,4,å‘¨äº”,1,2025-03-07,1,2025-03,2,2025-03-07 23:39:42,2025-03-08 01:53:39,2,1.0,enderhl
ucb243e85eab6,2,15,1,6,å‘¨æ—¥,1,2025-08-03,1,2025-08,2,2025-08-02 14:11:08,2025-08-03 15:42:29,2,1.0,captain
ucfc2db02c260,2,21,1,3,å‘¨å››,1,2025-06-19,1,2025-06,1,2025-06-19 21:51:30,2025-07-02 00:16:06,2,1.0,èŒ¹æ¢¦
ue04625a9f7f6,2,21,1,0,å‘¨ä¸€,1,2025-06-30,1,2025-06,1,2025-06-30 21:09:57,2025-07-04 00:17:21,2,1.0,litianping
uf6586ec28673,2,21,1,1,å‘¨äºŒ,2,2026-01-13,1,2026-01,2,2026-01-13 21:04:32,2026-01-27 01:26:39,2,1.0,å¡å°”å¨…
ufa5ee7d4ac4d,2,16,1,6,å‘¨æ—¥,2,2025-03-23,2,2025-03,2,2025-03-23 16:28:01,2025-03-23 18:18:48,1,2.0,linxi
uc72987a84c09,2,21,1,6,å‘¨æ—¥,1,2025-03-30,1,2025-03,1,2025-03-30 21:07:08,2025-04-05 17:24:09,2,1.0,hirah
ud8e0e8453130,2,14,1,6,å‘¨æ—¥,1,2025-07-27,1,2025-07,1,2025-07-27 14:30:45,2025-08-20 00:55:09,2,1.0,seele
ue97f2d87944b,2,18,1,2,å‘¨ä¸‰,1,2025-12-10,1,2025-12,2,2025-12-09 21:13:48,2025-12-10 18:15:13,2,1.0,lyy
uf66d6d9a36d0,2,23,1,4,å‘¨äº”,1,2025-03-07,1,2025-03,2,2025-03-07 23:39:42,2025-03-08 01:53:39,2,1.0,zhushou2333
ucf4fa7169547,2,1,1,2,å‘¨ä¸‰,1,2025-08-06,1,2025-08,2,2025-08-06 01:54:21,2025-08-09 06:57:18,2,1.0,æ¯”ç¿¼é¾™æ¸Š
udb5a069df585,2,2,1,6,å‘¨æ—¥,2,2025-07-06,2,2025-07,2,2025-07-06 02:31:19,2025-07-06 16:41:37,1,2.0,vicsage
uce366f4e7452,2,18,1,2,å‘¨ä¸‰,1,2025-07-09,1,2025-07,2,2025-07-08 23:58:46,2025-07-09 18:06:05,2,1.0,happysheep
ucad2b2faf403,2,23,2,3,å‘¨å››,1,2025-03-20,1,2025-03,1,2025-03-20 23:14:22,2025-05-19 23:00:53,2,1.0,ä¸ƒæœˆä¸å†°æ·‡æ·‹
ud9f57184e5a8,2,22,1,2,å‘¨ä¸‰,1,2025-09-24,1,2025-09,2,2025-09-24 22:12:11,2025-09-25 00:55:53,2,1.0,sheng
ue9071a0d634b,2,21,1,0,å‘¨ä¸€,1,2025-06-30,1,2025-06,1,2025-06-30 21:09:57,2025-07-04 00:17:21,2,1.0,voicer
ud49887f95c37,2,21,1,0,å‘¨ä¸€,1,2025-10-06,1,2025-10,2,2025-10-05 17:22:31,2025-10-06 21:41:04,2,1.0,miss cat
ue9e2744d6428,2,21,1,2,å‘¨ä¸‰,2,2025-04-16,1,2025-04,1,2025-04-16 21:15:56,2025-05-28 22:45:35,2,1.0,yushanbao
uebace003e1f4,2,2,1,6,å‘¨æ—¥,1,2025-08-17,1,2025-08,1,2025-08-17 02:11:05,2025-09-06 16:06:48,2,1.0,xqqqqq
ueef8ce60a0a8,2,1,1,6,å‘¨æ—¥,2,2025-06-29,1,2025-06,1,2025-06-29 01:47:30,2025-07-06 05:19:02,2,1.0,neko
ud34f4872d502,2,22,1,5,å‘¨å…­,1,2025-10-11,1,2025-10,2,2025-10-06 01:27:53,2025-10-11 22:30:45,2,1.0,å‹‡æ•¢ç‰›é©¬
uebec078ca50d,2,1,1,4,å‘¨äº”,2,2025-08-22,1,2025-08,1,2025-08-22 01:54:45,2025-09-19 16:57:11,2,1.0,è èå°ç¬¼åŒ…
u5791c0c0606c,2,16,1,2,å‘¨ä¸‰,1,2025-07-02,1,2025-07,2,2025-07-02 16:51:36,2025-07-03 17:20:30,2,1.0,sanshui
uc7027cd025dc,2,14,1,5,å‘¨å…­,1,2025-05-24,1,2025-05,1,2025-05-24 14:15:57,2025-06-05 22:25:10,2,1.0,é’é¸¾qwq
ffec2985a098,2,0,1,3,å‘¨å››,1,2025-01-30,1,2025-01,1,2025-01-30 00:31:23,2025-02-01 23:51:42,2,1.0,aptx4869
u11fa7b8259df,2,16,1,1,å‘¨äºŒ,1,2025-12-02,1,2025-12,1,2025-12-02 16:42:51,2026-01-16 20:03:59,2,1.0,dogfly
u1327ad97cdef,2,0,1,0,å‘¨ä¸€,1,2025-03-10,1,2025-03,2,2025-03-10 00:35:47,2025-03-11 21:39:15,2,1.0,é“±æ˜Ÿ
u13aceb7fba28,2,17,1,0,å‘¨ä¸€,1,2025-05-05,1,2025-05,2,2025-05-05 17:32:18,2025-05-20 00:00:03,2,1.0,è‹ä¸–
u13f74f340b5d,2,0,1,1,å‘¨äºŒ,1,2025-01-28,1,2025-01,1,2025-01-28 00:37:09,2025-02-02 17:25:35,2,1.0,jtb0701
u1513bbcae7d4,2,18,1,3,å‘¨å››,1,2025-01-02,1,2025-01,2,2025-01-02 18:06:34,2025-01-11 12:58:04,2,1.0,184
u167482ca8de5,2,23,2,0,å‘¨ä¸€,1,2025-10-06,1,2025-10,2,2025-10-06 23:13:52,2025-10-07 23:13:13,2,1.0,æˆ‘è¦ç§æ ‘
u1809b1a9d2d3,2,17,1,1,å‘¨äºŒ,1,2026-01-13,1,2026-01,2,2026-01-13 17:55:18,2026-01-22 18:42:39,2,1.0,ripples
u18fce18b580f,2,11,2,3,å‘¨å››,1,2025-01-02,1,2025-01,1,2025-01-02 11:53:35,2025-05-20 11:40:39,2,1.0,åb
u1aafafb0f845,2,14,1,6,å‘¨æ—¥,1,2025-07-27,1,2025-07,1,2025-07-27 14:30:45,2025-08-20 00:55:09,2,1.0,5-3
u1c4c924106ef,2,0,1,6,å‘¨æ—¥,1,2025-02-09,1,2025-02,2,2025-02-09 00:51:15,2025-02-11 21:56:15,2,1.0,cloud
u20a0a27c048d,2,20,1,0,å‘¨ä¸€,1,2025-12-15,1,2025-12,1,2025-12-15 20:00:27,2026-01-06 23:25:27,2,1.0,åŒ—è¾°
u21726466e46b,2,0,2,6,å‘¨æ—¥,1,2025-04-20,1,2025-04,2,2025-04-17 00:04:41,2025-04-20 00:07:08,2,1.0,æ³•å‘é‡
u217939028231,2,12,1,1,å‘¨äºŒ,1,2025-01-28,1,2025-01,1,2025-01-28 12:15:34,2025-03-13 11:04:09,2,1.0,ç‚¹å­
u277fb59c91bf,2,19,1,2,å‘¨ä¸‰,1,2026-01-28,1,2026-01,2,2026-01-27 01:26:39,2026-01-28 19:33:30,2,1.0,chiyo0131
u2d7fb6f964e6,2,15,1,5,å‘¨å…­,1,2025-05-03,1,2025-05,2,2025-05-03 15:15:11,2025-05-05 23:06:20,2,1.0,é‚ªæ¶boss
u2d99dde04a5b,2,21,1,0,å‘¨ä¸€,1,2025-06-30,1,2025-06,1,2025-06-30 21:09:57,2025-10-14 20:46:28,2,1.0,å“ˆå“¥
u2fb8509a6df3,2,21,1,4,å‘¨äº”,1,2025-04-11,1,2025-04,2,2025-04-11 21:59:57,2025-04-16 23:27:35,2,1.0,swws
u30c6e89d6385,2,16,1,6,å‘¨æ—¥,2,2025-03-23,2,2025-03,2,2025-03-23 16:28:01,2025-03-23 18:18:48,1,2.0,mayo
u32affef991ca,2,22,1,5,å‘¨å…­,1,2025-10-11,1,2025-10,2,2025-10-06 01:27:53,2025-10-11 22:30:45,2,1.0,çŒ«çŒ«å¤´
u343a603bfdf1,2,0,1,3,å‘¨å››,1,2025-01-23,1,2025-01,2,2025-01-23 00:30:18,2025-01-26 02:31:45,2,1.0,carlo573
u345e53c10ee7,2,0,1,0,å‘¨ä¸€,1,2025-03-10,1,2025-03,2,2025-03-10 00:35:47,2025-03-11 21:39:15,2,1.0,ice_change
u3bec7da9f607,2,16,1,2,å‘¨ä¸‰,1,2025-07-09,1,2025-07,1,2025-07-09 16:12:00,2025-10-27 21:02:56,2,1.0,é˜¿æ¬¢æ¬¢æ¬¢
u4038249a7b11,2,0,1,1,å‘¨äºŒ,1,2025-01-28,1,2025-01,1,2025-01-28 00:37:09,2025-02-02 17:25:35,2,1.0,razorzzz
u43bd3a9c3eb1,2,14,1,3,å‘¨å››,1,2025-12-11,1,2025-12,2,2025-12-10 16:38:40,2025-12-11 14:39:55,2,1.0,é˜¿é’°
u44a7b83b09e3,2,3,1,3,å‘¨å››,1,2025-01-23,1,2025-01,1,2025-01-23 03:31:48,2026-01-12 18:29:35,2,1.0,lingdang
u119bf1445b23,2,1,1,2,å‘¨ä¸‰,1,2025-02-05,1,2025-02,2,2025-02-05 01:59:09,2025-02-06 17:37:07,2,1.0,å°æ½˜
f246de47bed0,2,0,2,2,å‘¨ä¸‰,1,2026-01-28,1,2026-01,2,2026-01-28 00:54:52,2026-01-29 00:10:18,2,1.0,827717358
u46cdaba59281,2,1,1,5,å‘¨å…­,1,2026-01-03,1,2026-01,1,2025-12-22 00:16:22,2026-01-03 01:24:25,2,1.0,shallowvir
ee663dfbfa69,2,23,2,3,å‘¨å››,1,2025-02-27,1,2025-02,1,2025-02-27 23:40:28,2025-05-14 23:17:38,2,1.0,ç‰§ç¾Šäºº
19b32659a584,2,14,1,6,å‘¨æ—¥,1,2025-03-30,1,2025-03,1,2025-03-30 14:17:55,2025-05-16 21:53:32,2,1.0,unnamed
1eaa851a54e7,2,7,1,6,å‘¨æ—¥,1,2025-12-07,1,2025-12,2,2025-12-07 07:11:07,2025-12-11 00:54:53,2,1.0,adonkey
22e0f97b8ec7,2,12,1,0,å‘¨ä¸€,1,2026-01-19,1,2026-01,2,2026-01-18 17:54:59,2026-01-19 12:32:13,2,1.0,è¯—ç¼˜
2beee8801c2a,2,13,1,1,å‘¨äºŒ,1,2025-04-08,1,2025-04,2,2025-04-08 13:34:36,2025-04-09 12:52:48,2,1.0,æ‰“è„¸å“¥
2e4694f1a92d,2,11,1,5,å‘¨å…­,1,2025-04-26,1,2025-04,1,2025-04-26 11:59:59,2025-12-12 19:19:03,2,1.0,å¥¶ç‰›
32b187c7c87d,2,16,1,4,å‘¨äº”,2,2025-06-20,1,2025-06,1,2025-06-20 16:46:43,2025-08-01 09:58:26,2,1.0,fanhua
34fb260b5198,2,15,1,0,å‘¨ä¸€,1,2025-01-27,1,2025-01,1,2025-01-27 15:18:27,2025-05-01 18:12:18,2,1.0,åˆ¶è£è‹æ€»çš„é»„sir
390c9a894acd,2,22,2,1,å‘¨äºŒ,1,2025-10-28,1,2025-10,1,2025-10-28 22:24:45,2025-11-01 22:06:57,2,1.0,åŒå­
42379d275bbe,2,15,1,0,å‘¨ä¸€,1,2025-01-27,1,2025-01,1,2025-01-27 15:18:27,2025-05-01 18:12:18,2,1.0,suyiteng
4c30e054df22,2,17,1,1,å‘¨äºŒ,1,2025-05-06,1,2025-05,1,2025-05-06 17:19:45,2025-06-12 11:00:55,2,1.0,ws14159
4db643ee2548,2,20,1,2,å‘¨ä¸‰,1,2025-01-29,1,2025-01,1,2025-01-29 20:55:43,2025-02-02 18:15:58,2,1.0,é¥½é¥½
5227c4dc32ab,2,4,1,1,å‘¨äºŒ,1,2025-01-14,1,2025-01,1,2025-01-14 04:50:33,2025-02-26 21:39:44,2,1.0,å¦¹æ§
5e3b92010006,2,21,1,3,å‘¨å››,1,2025-02-13,1,2025-02,1,2025-02-13 21:14:04,2025-07-09 18:06:08,2,1.0,reignslei
5f8b2f92bb1b,2,0,2,6,å‘¨æ—¥,1,2025-04-20,1,2025-04,2,2025-04-17 00:04:41,2025-04-20 00:07:08,2,1.0,522630
70c3f7cfe1eb,2,17,1,5,å‘¨å…­,1,2025-03-08,1,2025-03,1,2025-03-08 17:56:38,2025-04-15 15:08:13,2,1.0,xixo
7250ced91fd6,2,21,1,6,å‘¨æ—¥,1,2025-03-30,1,2025-03,1,2025-03-30 21:07:08,2025-04-05 17:24:09,2,1.0,sanduo
8367faa6305f,2,21,2,6,å‘¨æ—¥,1,2025-01-12,1,2025-01,2,2025-01-12 21:19:01,2025-01-25 21:33:25,2,1.0,zhangcheng
89f1c507bebd,2,3,1,3,å‘¨å››,1,2025-01-23,1,2025-01,1,2025-01-23 03:31:48,2026-01-12 18:29:35,2,1.0,45
9f16a77b9dfd,2,20,1,1,å‘¨äºŒ,1,2025-04-29,1,2025-04,1,2025-04-29 20:09:31,2025-12-01 22:06:17,2,1.0,dogelas
a7c93d48d96d,2,21,1,6,å‘¨æ—¥,1,2025-03-30,1,2025-03,1,2025-03-30 21:07:08,2025-04-05 17:24:09,2,1.0,biaodi
b1dcfe037b21,2,0,2,6,å‘¨æ—¥,1,2025-04-20,1,2025-04,2,2025-04-17 00:04:41,2025-04-20 00:07:08,2,1.0,ç¡«é…¸é’¡å¼é‡233
bc3c336de363,2,15,1,0,å‘¨ä¸€,1,2025-01-27,1,2025-01,1,2025-01-27 15:18:27,2025-05-01 18:12:18,2,1.0,å°å¿ƒå°æ–°å°æ˜Ÿ
c05937ad2314,2,2,1,2,å‘¨ä¸‰,1,2025-01-08,1,2025-01,1,2025-01-08 02:04:27,2025-05-30 20:00:58,2,1.0,æ™šé’Ÿ
c38d78201c1a,2,21,1,2,å‘¨ä¸‰,1,2025-01-01,1,2025-01,2,2025-01-01 21:52:07,2025-01-04 14:52:24,2,1.0,twer
c41cd9aa00f3,2,15,1,0,å‘¨ä¸€,1,2025-01-27,1,2025-01,1,2025-01-27 15:18:27,2025-05-01 18:12:18,2,1.0,maggiezheng
u44c483e131c1,2,22,1,4,å‘¨äº”,1,2025-10-10,1,2025-10,2,2025-10-06 10:35:55,2025-10-10 22:23:55,2,1.0,zhuzi
u479e4c13ad25,2,23,1,1,å‘¨äºŒ,1,2025-04-22,1,2025-04,1,2025-04-22 23:37:51,2025-09-06 16:06:48,2,1.0,mcx
uc28e327cb7b1,2,17,1,6,å‘¨æ—¥,1,2025-02-23,1,2025-02,1,2025-02-23 17:58:03,2025-10-04 20:44:19,2,1.0,alley
u89aa7048cf37,2,16,1,6,å‘¨æ—¥,2,2025-03-23,2,2025-03,2,2025-03-23 16:28:01,2025-03-23 18:18:48,1,2.0,å¢¨é±¼ä¸¸123
u8c22b3aebbc6,2,22,1,3,å‘¨å››,1,2025-06-05,1,2025-06,2,2025-06-02 02:05:55,2025-06-05 22:55:05,2,1.0,ç«æ˜ŸçŒ«
u8d82c082188d,2,1,1,6,å‘¨æ—¥,1,2025-06-22,1,2025-06,1,2025-06-22 01:46:19,2025-07-02 03:20:35,2,1.0,èœ©ç¿¼
u8e7647d3922e,2,20,2,0,å‘¨ä¸€,2,2025-03-31,1,2025-03,1,2025-03-31 20:37:03,2025-10-13 20:27:37,2,1.0,å°ç€å°”
u9245e3a0605b,2,23,2,0,å‘¨ä¸€,1,2025-10-06,1,2025-10,2,2025-10-06 23:13:52,2025-10-07 23:13:13,2,1.0,çƒ­å¿ƒå¸‚æ°‘1å…ˆç”Ÿ
u92972e8c3d4f,2,21,1,2,å‘¨ä¸‰,2,2025-04-16,1,2025-04,1,2025-04-16 21:15:56,2025-05-28 22:45:35,2,1.0,ç™½æ­¦ç”·
u94c1478ff958,2,19,1,5,å‘¨å…­,1,2025-07-26,1,2025-07,1,2025-07-26 19:35:31,2025-08-05 22:51:36,2,1.0,liz0203
u953b71df6d74,2,0,1,6,å‘¨æ—¥,1,2025-02-09,1,2025-02,2,2025-02-09 00:51:15,2025-02-11 21:56:15,2,1.0,å«å«å“¥å“¥
u9ebc40a0dfa7,2,17,1,6,å‘¨æ—¥,1,2026-01-04,1,2026-01,2,2026-01-04 17:04:48,2026-01-08 11:06:03,2,1.0,ç†ŠçŒ«å¤´
u9fdf9c2ccd16,2,21,1,4,å‘¨äº”,1,2025-02-14,1,2025-02,1,2025-02-14 21:48:45,2025-04-12 14:26:44,2,1.0,adam1203
ua0e37107a5b9,2,23,1,0,å‘¨ä¸€,1,2025-04-28,1,2025-04,2,2025-04-27 03:31:49,2025-04-28 23:19:00,2,1.0,idoit
ua1cb032a2ddc,2,12,1,6,å‘¨æ—¥,1,2025-08-24,1,2025-08,1,2025-08-24 12:23:39,2025-10-09 16:58:44,2,1.0,è¾¾è¾¾
ua2927f8dca5d,2,21,1,3,å‘¨å››,1,2025-04-03,1,2025-04,1,2025-04-03 21:31:49,2025-05-14 23:17:38,2,1.0,7x
ua2a2d97d7937,2,0,1,6,å‘¨æ—¥,1,2025-02-09,1,2025-02,2,2025-02-09 00:51:15,2025-02-11 21:56:15,2,1.0,metroleo
ua6add19293f2,2,21,1,4,å‘¨äº”,1,2025-02-14,1,2025-02,1,2025-02-14 21:48:45,2025-04-12 14:26:44,2,1.0,azzhh
ua913e741dcd5,2,23,1,0,å‘¨ä¸€,1,2025-06-30,1,2025-06,1,2025-06-30 23:17:26,2025-07-15 00:00:35,2,1.0,èŠ±å·
uab40f804bf17,2,21,1,3,å‘¨å››,1,2025-11-27,1,2025-11,2,2025-11-27 21:47:12,2025-11-29 01:30:19,2,1.0,pyrrhus
ub559cc098229,2,1,1,1,å‘¨äºŒ,1,2025-11-25,1,2025-11,1,2025-11-25 01:11:39,2025-12-14 13:47:15,2,1.0,efhk
ub6aacd4ce2df,2,23,2,4,å‘¨äº”,2,2025-02-21,1,2025-02,1,2025-02-21 23:15:40,2025-04-18 23:37:20,2,1.0,cqdelinzi
ub9134a1787a8,2,17,1,2,å‘¨ä¸‰,1,2025-06-04,1,2025-06,1,2025-06-04 17:04:49,2025-12-16 20:42:19,2,1.0,è·è›‹
ub92358251d85,2,1,1,3,å‘¨å››,2,2025-12-18,1,2025-12,1,2025-12-18 01:41:58,2026-01-08 21:34:29,2,1.0,zt
ub9d521e06c3e,2,0,1,6,å‘¨æ—¥,1,2025-11-23,1,2025-11,1,2025-11-23 00:10:40,2025-12-18 23:33:28,2,1.0,xyh
uba6e8de85d7d,2,1,1,3,å‘¨å››,1,2025-07-10,1,2025-07,2,2025-07-10 01:56:05,2025-07-13 23:01:46,2,1.0,yuy
ubf01abed7e58,2,22,1,5,å‘¨å…­,1,2025-10-11,1,2025-10,2,2025-10-06 01:27:53,2025-10-11 22:30:45,2,1.0,kiss
uc19bfac53cd6,2,22,2,1,å‘¨äºŒ,1,2025-01-07,1,2025-01,2,2025-01-07 22:30:39,2025-01-09 22:19:23,2,1.0,assassinmo
uc26149a6fd25,2,20,1,2,å‘¨ä¸‰,1,2025-10-01,1,2025-10,2,2025-10-01 20:38:46,2025-10-02 15:53:49,2,1.0,æ—ç¾½
u89e8985305e2,2,21,1,6,å‘¨æ—¥,1,2025-03-30,1,2025-03,1,2025-03-30 21:07:08,2025-04-05 17:24:09,2,1.0,beiyuan
u894d30bc0737,2,23,1,0,å‘¨ä¸€,1,2025-04-28,1,2025-04,1,2025-04-28 23:58:50,2025-07-20 18:38:24,2,1.0,æ¯›æ¯›
u4ca2bf1641ed,2,23,2,2,å‘¨ä¸‰,1,2025-01-15,1,2025-01,1,2025-01-15 23:20:45,2025-02-03 23:56:31,2,1.0,nobody
u883b59e98005,2,11,1,1,å‘¨äºŒ,1,2025-08-05,1,2025-08,2,2025-08-05 11:55:25,2025-08-14 10:38:44,2,1.0,greymk
u4e4bd389b8f3,2,14,1,6,å‘¨æ—¥,1,2025-07-27,1,2025-07,1,2025-07-27 14:30:45,2025-08-20 00:55:09,2,1.0,mmm672345
u4e84c62299ea,2,0,1,3,å‘¨å››,1,2025-01-02,1,2025-01,2,2025-01-02 00:48:14,2025-01-14 15:37:03,2,1.0,shoval
u4f38266e650d,2,20,1,5,å‘¨å…­,2,2025-10-25,1,2025-10,1,2025-10-25 20:50:12,2025-11-15 18:48:53,2,1.0,jojo123
u4f7b6bd0c8af,2,21,2,6,å‘¨æ—¥,2,2025-02-02,1,2025-02,2,2025-02-02 21:54:15,2025-02-09 21:58:00,2,1.0,å°èƒœé™ˆ
u51c5336da75d,2,19,1,2,å‘¨ä¸‰,1,2025-01-22,1,2025-01,1,2025-01-22 19:54:37,2025-02-08 23:02:26,2,1.0,1224798779
u5314570ee9eb,2,1,1,6,å‘¨æ—¥,2,2025-06-29,1,2025-06,1,2025-06-29 01:47:30,2025-07-06 05:19:02,2,1.0,maozhuzi
u565f90551d3e,2,23,2,5,å‘¨å…­,1,2025-08-09,1,2025-08,2,2025-08-09 23:21:10,2025-08-10 23:35:00,2,1.0,birdpig
u58b1a0def4be,2,23,2,1,å‘¨äºŒ,1,2025-10-07,1,2025-10,2,2025-10-06 23:13:52,2025-10-07 23:13:13,2,1.0,æˆ‘å¼ä½ å¦ˆ
u594949fa1277,2,17,1,2,å‘¨ä¸‰,1,2025-01-15,1,2025-01,2,2025-01-14 00:37:21,2025-01-15 17:53:04,2,1.0,æ…ç‹¬ssy
u5b4438057778,2,2,1,2,å‘¨ä¸‰,1,2025-02-19,1,2025-02,1,2025-02-19 02:09:22,2025-08-04 14:47:52,2,1.0,è¯·å«æˆ‘ç«åæ¡‘
u60a72b8ddbee,2,16,1,1,å‘¨äºŒ,2,2025-09-30,2,2025-09,2,2025-09-30 16:23:17,2025-09-30 20:55:22,1,2.0,æ¼‚é‚£ä¸ªæµ®
u62a7d5737b5b,2,15,1,2,å‘¨ä¸‰,1,2025-02-26,1,2025-02,1,2025-02-26 15:46:56,2025-03-31 23:32:18,2,1.0,empty_zhm
u637a8cd12e58,2,20,1,0,å‘¨ä¸€,1,2025-12-15,1,2025-12,1,2025-12-15 20:00:27,2026-01-06 23:25:27,2,1.0,æˆ´æ–¯è’™
u6798c732ac39,2,22,2,5,å‘¨å…­,1,2025-10-11,1,2025-10,1,2025-10-11 22:41:42,2026-01-06 22:32:22,2,1.0,ç‰›é€¼è½°è½°çš„èƒ½é‡ç“¶å°ä¼™å„¿ï¼
u6c909670abfe,2,11,1,3,å‘¨å››,1,2026-01-08,1,2026-01,1,2026-01-08 11:06:03,2026-02-02 16:50:57,2,1.0,little moster
u6d71dc3f03f1,2,15,1,2,å‘¨ä¸‰,2,2025-10-01,2,2025-10,2,2025-10-01 15:00:09,2025-10-01 17:07:06,1,2.0,alley-caesar
u6e42416b4fa0,2,21,1,0,å‘¨ä¸€,1,2025-01-06,1,2025-01,1,2025-01-06 21:00:24,2025-02-16 00:06:56,2,1.0,å£«é“é¸¢ç§
u6eb9cf2c3641,2,21,1,3,å‘¨å››,2,2025-01-16,2,2025-01,2,2025-01-16 19:26:51,2025-01-16 21:29:41,1,2.0,ç»ˆæ˜¥å‡
u6ed59bc32151,2,0,2,1,å‘¨äºŒ,2,2025-01-07,1,2025-01,2,2025-01-07 00:09:34,2025-01-14 00:04:35,2,1.0,æ—ä¹‹çˆ¶
u745e63d1dfc5,2,17,1,3,å‘¨å››,1,2025-01-09,1,2025-01,2,2025-01-09 17:43:32,2025-01-10 16:35:06,2,1.0,éº»ç“œ
u7c36da709da5,2,23,2,4,å‘¨äº”,2,2025-02-21,1,2025-02,1,2025-02-21 23:15:40,2025-04-18 23:37:20,2,1.0,å‡‰æ±Ÿ
u828c525a8dc1,2,0,1,1,å‘¨äºŒ,1,2025-08-26,1,2025-08,2,2025-08-25 17:17:15,2025-08-26 00:30:37,2,1.0,å´æ–‡ä¼Ÿ
u84b335200370,2,14,1,1,å‘¨äºŒ,2,2025-06-03,2,2025-06,2,2025-06-03 14:30:54,2025-06-03 16:30:02,1,2.0,å•µå•µå®‡å®å®
u8542c8ad261c,2,0,2,3,å‘¨å››,1,2025-01-16,1,2025-01,1,2025-01-16 00:49:50,2025-05-25 00:32:28,2,1.0,æ¥“è¯
u876cab515385,2,16,1,6,å‘¨æ—¥,2,2025-03-23,2,2025-03,2,2025-03-23 16:28:01,2025-03-23 18:18:48,1,2.0,apple
uff664b401924,2,17,1,2,å‘¨ä¸‰,1,2025-06-04,1,2025-06,1,2025-06-04 17:04:49,2025-12-16 20:42:19,2,1.0,wings
