user_id,total_games,total_wins,total_position_sum,total_score_sum,total_generations_sum,total_tr_sum,total_cards_played_sum,tr_games,cards_games,avg_position,avg_score,avg_generations,avg_tr,avg_cards_played,min_score,max_score,min_position,win_rate,user_name
u5165be88bfe8,878,61,2870,57199,5010,24523.0,30467.0,875,875,3.269,65.15,5.71,28.03,34.82,20,156,1,6.95,qinchen1027
u6d6573b0a95a,444,148,950,37236,2466,15333.0,17701.0,444,444,2.14,83.86,5.55,34.53,39.87,28,176,1,33.33,carl01
uae379c6cf28a,417,65,1170,29483,2303,13472.0,12753.0,416,416,2.806,70.7,5.52,32.38,30.66,27,136,1,15.59,mio
u77a0648885c2,392,41,1147,28425,2282,13038.0,13696.0,390,390,2.926,72.51,5.82,33.43,35.12,27,159,1,10.46,alon
u3d3749fe94f7,382,61,1054,28292,2130,12967.0,13992.0,381,381,2.759,74.06,5.58,34.03,36.72,26,185,1,15.97,aloon
uab026a7dc67f,338,99,747,27678,1927,11221.0,12108.0,335,335,2.21,81.89,5.7,33.5,36.14,28,144,1,29.29,Áé©ÁÅ´Êòü
u66d74bb150f1,313,62,813,22715,1721,10889.0,9047.0,311,311,2.597,72.57,5.5,35.01,29.09,32,143,1,19.81,Áï™ËñØ‰ºÅÈπÖ
u264ae5f51ae5,313,125,621,25611,1718,10984.0,10340.0,311,311,1.984,81.82,5.49,35.32,33.25,25,162,1,39.94,ÊÑø‰ªîwish
uf9d58493c13c,300,130,611,26258,1675,10866.0,11937.0,300,300,2.037,87.53,5.58,36.22,39.79,22,171,1,43.33,ikun
u4352bd3577a0,293,59,729,22995,1601,10345.0,9486.0,291,291,2.488,78.48,5.46,35.55,32.6,26,153,1,20.14,bosir
ucfab59936c55,278,83,665,21032,1531,8764.0,9555.0,276,276,2.392,75.65,5.51,31.75,34.62,21,224,1,29.86,Êú®ÊòüÂ§ßÂì•Ë¢´ÂØπÈù¢ÊäìËµ∞Âï¶
u4aef53cdf749,273,30,844,19143,1688,8527.0,10054.0,272,272,3.092,70.12,6.18,31.35,36.96,22,166,1,10.99,Â±àÂÖàÁîü
723b8d61b666,230,60,559,19932,1668,8584.0,8615.0,230,230,2.43,86.66,7.25,37.32,37.46,49,157,1,26.09,‰π¶ËÆ∞
c1b6956fd829,222,83,486,19989,1290,6881.0,10452.0,221,221,2.189,90.04,5.81,31.14,47.29,20,241,1,37.39,‰∏áÁâ©
u51e773e1c2a6,217,66,497,17090,1182,7245.0,7209.0,215,215,2.29,78.76,5.45,33.7,33.53,28,168,1,30.41,tmr
52c1c5cbcd66,204,28,575,13820,1111,6841.0,6021.0,203,203,2.819,67.75,5.45,33.7,29.66,24,146,1,13.73,Ê≤êÈõ®Ê©ôÈ£é
9cccf3a9b11b,203,63,441,16307,1116,6960.0,7162.0,202,202,2.172,80.33,5.5,34.46,35.46,41,197,1,31.03,yz
ef6915e9319e,200,93,389,17993,1148,6877.0,8718.0,191,191,1.945,89.96,5.74,36.01,45.64,31,258,1,46.5,woowoo
8068f8baa976,196,48,458,15577,1135,7653.0,6053.0,194,194,2.337,79.47,5.79,39.45,31.2,28,178,1,24.49,raaaay
ue89ecb8ddea4,194,75,397,16853,1111,6514.0,8140.0,192,192,2.046,86.87,5.73,33.93,42.4,40,164,1,38.66,Â±ÖÂ±ÖÈõ©
u89c3c8a98449,167,30,473,13533,986,5010.0,8561.0,167,167,2.832,81.04,5.9,30.0,51.26,28,228,1,17.96,Êó†Ê¢¶
ucff98876a451,165,46,373,13486,938,5873.0,5930.0,164,164,2.261,81.73,5.68,35.81,36.16,39,176,1,27.88,Ê∏ÖÊ∫êÂ¶ôÈÅì
u1a08ac34c163,147,69,282,13073,824,5272.0,5826.0,147,147,1.918,88.93,5.61,35.86,39.63,50,179,1,46.94,comboo
9007426e7f53,146,61,276,13345,836,5014.0,6069.0,146,146,1.89,91.4,5.73,34.34,41.57,55,164,1,41.78,Misaki
u1e0a151435d5,137,47,298,11177,778,4661.0,5545.0,136,136,2.175,81.58,5.68,34.27,40.77,25,152,1,34.31,hero
5e1f49e741d3,130,23,351,10640,933,4789.0,4037.0,130,130,2.7,81.85,7.18,36.84,31.05,51,141,1,17.69,ÊúàÂß¨
u8397430f5bfc,127,46,286,10518,700,4427.0,4759.0,127,127,2.252,82.82,5.51,34.86,37.47,38,177,1,36.22,‰∫ëÂ∞ò
u4d5c2567e852,122,36,276,10394,698,4178.0,4995.0,122,122,2.262,85.2,5.72,34.25,40.94,28,169,1,29.51,carl
823f1dbb2191,116,41,254,10014,832,4371.0,3648.0,116,116,2.19,86.33,7.17,37.68,31.45,51,150,1,35.34,ÁúºÈïúËÉ°Âú∞
uc9521b2e7bf5,116,11,361,7802,681,3233.0,3489.0,115,115,3.112,67.26,5.87,28.11,30.34,30,176,1,9.48,Â••ÊñØÂç°
2dd9eda81d36,116,27,282,8085,603,4056.0,2978.0,116,116,2.431,69.7,5.2,34.97,25.67,34,118,1,23.28,Èõ™Ê´ª
a9a7fa7803c8,116,28,302,8692,672,4446.0,3675.0,116,116,2.603,74.93,5.79,38.33,31.68,28,133,1,24.14,moon
ad31531ee8d6,116,34,278,9969,835,4287.0,4127.0,116,116,2.397,85.94,7.2,36.96,35.58,42,136,1,29.31,Èú≤ËÇ©Èùì‰ªî
u69cd88861799,114,26,263,9505,658,3787.0,4076.0,113,113,2.307,83.38,5.77,33.51,36.07,31,141,1,22.81,ashland
u6e77129845ea,114,32,283,8939,650,3625.0,3898.0,113,113,2.482,78.41,5.7,32.08,34.5,42,123,1,28.07,ki
u4671660f6ca6,112,10,326,8556,773,4158.0,2879.0,112,112,2.911,76.39,6.9,37.12,25.71,40,125,1,8.93,66Â§ß‰∫∫
u99f9ce3f0823,110,27,272,8517,616,3574.0,4220.0,110,110,2.473,77.43,5.6,32.49,38.36,33,154,1,24.55,cellinia
de3baec74952,109,43,237,9352,608,3587.0,4073.0,109,109,2.174,85.8,5.58,32.91,37.37,34,176,1,39.45,aipotu
ub74f763858c8,108,38,244,8596,612,4026.0,3638.0,108,108,2.259,79.59,5.67,37.28,33.69,40,160,1,35.19,Â∏¶ÊÅ∂‰∫∫6324
uf961293866b6,107,32,247,8165,590,3380.0,3693.0,106,106,2.308,76.31,5.51,31.89,34.84,25,214,1,29.91,miio
69215eb418a5,104,58,173,10109,570,4049.0,4896.0,104,104,1.663,97.2,5.48,38.93,47.08,35,226,1,55.77,ÈíùÈíù
2f05a8da42fe,100,33,217,7916,542,3608.0,3511.0,100,100,2.17,79.16,5.42,36.08,35.11,35,180,1,33.0,Âê¥Áî®‰πã‰∫∫
ueb815ce9a6ad,99,36,204,8849,674,3662.0,3839.0,99,99,2.061,89.38,6.81,36.99,38.78,37,168,1,36.36,Ê¥õÊΩá
193d7a57381c,96,23,234,7943,667,3560.0,2990.0,96,96,2.438,82.74,6.95,37.08,31.15,48,124,1,23.96,martin
u3bfdcf10cad2,95,72,123,8947,535,3377.0,3882.0,94,94,1.295,94.18,5.63,35.93,41.3,57,180,1,75.79,Èõ∂È£üÊÑø‰ªî
7e81b837a36a,94,31,205,8755,546,3261.0,4474.0,93,93,2.181,93.14,5.81,35.06,48.11,46,477,1,32.98,Ê∞¥È¨º
u44b723381098,93,41,183,7441,492,3346.0,2919.0,93,93,1.968,80.01,5.29,35.98,31.39,33,139,1,44.09,ÊåÇb
e17d328f5ee8,92,23,237,7536,663,3321.0,3188.0,92,92,2.576,81.91,7.21,36.1,34.65,46,141,1,25.0,pocky
19ed288a5ec9,88,21,223,6550,497,2861.0,2912.0,88,88,2.534,74.43,5.65,32.51,33.09,41,169,1,23.86,bsylh
63a95e5e4dc8,86,45,154,7011,553,3603.0,2053.0,86,86,1.791,81.52,6.43,41.9,23.87,55,128,1,52.33,12345
c4f6ba391723,84,25,195,6860,504,3056.0,2665.0,84,84,2.321,81.67,6.0,36.38,31.73,39,122,1,29.76,liyo
ua87dd5f8c30b,83,15,213,6320,467,2804.0,2695.0,83,83,2.566,76.14,5.63,33.78,32.47,30,154,1,18.07,ÊäΩÁâå=ÊäΩËá™Â∑±
ufd7a15e5da07,82,14,220,5804,469,2458.0,2587.0,82,82,2.683,70.78,5.72,29.98,31.55,29,132,1,17.07,Ê°åÊ∏∏Á±≥
f5e2425a1867,82,28,165,7203,460,2864.0,3052.0,82,82,2.012,87.84,5.61,34.93,37.22,52,160,1,34.15,yangswag
u5ce03a8de52b,81,10,242,5742,473,2636.0,2066.0,80,80,2.988,70.89,5.84,32.95,25.82,16,126,1,12.35,ÂçäÊúà2
ue077a7fa5418,79,25,175,6067,465,2687.0,2478.0,77,77,2.215,76.8,5.89,34.9,32.18,44,125,1,31.65,hms
u2c5db661b926,79,5,232,5307,447,2360.0,2154.0,79,79,2.937,67.18,5.66,29.87,27.27,20,106,1,6.33,st izem
39b331a5bc50,74,18,193,5748,440,2745.0,2245.0,70,70,2.608,77.68,5.95,39.21,32.07,34,125,1,24.32,wanxiangchengguan
u1f37182275f2,74,24,166,6287,424,2605.0,2975.0,73,73,2.243,84.96,5.73,35.68,40.75,26,161,1,32.43,ÊµÆÁîüËã•Ê¢¶
u2a62d82656de,72,19,190,5409,436,2259.0,2335.0,69,69,2.639,75.12,6.06,32.74,33.84,25,148,1,26.39,ËøúÈáéÊ±âÂ®ú
1f71e23ff3c4,68,14,183,5028,369,2407.0,2401.0,68,68,2.691,73.94,5.43,35.4,35.31,31,127,1,20.59,xiyue
uf102aef4e1d1,68,25,145,5639,372,2382.0,2668.0,67,67,2.132,82.93,5.47,35.55,39.82,41,141,1,36.76,Èôå‰∏ñ‰πãÂΩ±
u172251990b7b,66,14,166,5215,374,2213.0,2131.0,66,66,2.515,79.02,5.67,33.53,32.29,47,133,1,21.21,tl
uf976ea1779a2,65,23,133,5451,371,2192.0,2335.0,64,64,2.046,83.86,5.71,34.25,36.48,44,142,1,35.38,ÊàòÊúØÁÇ∏ËΩ¶
u3d5f69b51720,65,10,186,4904,368,2200.0,2182.0,65,65,2.862,75.45,5.66,33.85,33.57,37,157,1,15.38,beichen
c92ad55e0060,63,16,171,4714,360,1914.0,2251.0,63,63,2.714,74.83,5.71,30.38,35.73,34,130,1,25.4,lha123com
u297294d6dd6d,62,10,170,4460,343,1887.0,1871.0,62,62,2.742,71.94,5.53,30.44,30.18,36,139,1,16.13,lolierl
uc8e33ecacc04,62,23,128,5008,453,2039.0,2102.0,61,61,2.065,80.77,7.31,33.43,34.46,54,123,1,37.1,jjc
cec0e3f37580,62,13,154,4945,395,2265.0,1948.0,60,60,2.484,79.76,6.37,37.75,32.47,15,129,1,20.97,hikaru
u69d351959f11,61,14,165,4629,344,1992.0,2327.0,61,61,2.705,75.89,5.64,32.66,38.15,34,139,1,22.95,Èõ®ÂìâÂçóÂÖÆ
u539c55af1de8,61,11,150,4966,358,1952.0,2305.0,61,61,2.459,81.41,5.87,32.0,37.79,40,128,1,18.03,lidai
ub03e91fb5b9d,60,12,153,4704,335,1946.0,2172.0,60,60,2.55,78.4,5.58,32.43,36.2,41,154,1,20.0,ÂçÉ„ÄÅ
udd38bde01054,60,13,157,4642,332,1954.0,2011.0,60,60,2.617,77.37,5.53,32.57,33.52,34,141,1,21.67,bolas
24c089f92bbe,60,22,125,4939,504,2185.0,1765.0,60,60,2.083,82.32,8.4,36.42,29.42,47,124,1,36.67,ËÄÅÁéã
f7b771d6fdff,59,6,197,3556,342,1507.0,1854.0,59,59,3.339,60.27,5.8,25.54,31.42,21,109,1,10.17,index
uf7bfe6478f64,58,13,149,4305,320,1997.0,1799.0,58,58,2.569,74.22,5.52,34.43,31.02,41,141,1,22.41,‰πÖÂà´Ëæû
ua6967fc12f43,57,27,103,5291,338,2104.0,2308.0,57,57,1.807,92.82,5.93,36.91,40.49,58,138,1,47.37,tree
ucd8425d50b0e,56,25,105,4900,363,2214.0,1837.0,56,56,1.875,87.5,6.48,39.54,32.8,42,151,1,44.64,meow328
ua42acdf95885,56,23,121,4188,315,1787.0,1958.0,55,55,2.161,74.79,5.62,32.49,35.6,32,140,1,41.07,ÊµÅÊòüÂ∞èÂÇªÁìú
fbbba39a4cb4,53,7,168,3497,305,1670.0,1243.0,49,49,3.17,65.98,5.75,34.08,25.37,33,108,1,13.21,twotwo
ca4b469227f9,52,5,156,3760,295,1654.0,1921.0,52,52,3.0,72.31,5.67,31.81,36.94,43,111,1,9.62,ËçíÈáé‰æ¶Êé¢2666
udc0d9a6493ff,52,11,137,3933,294,1848.0,1693.0,52,52,2.635,75.63,5.65,35.54,32.56,41,182,1,21.15,x118
u866dbae0b617,51,15,122,4078,286,1752.0,1647.0,51,51,2.392,79.96,5.61,34.35,32.29,41,138,1,29.41,‰∏ÄÊ°úÊäòÁ∫∏
ucce63866a6d0,51,9,147,3719,335,1855.0,1573.0,51,51,2.882,72.92,6.57,36.37,30.84,43,128,1,17.65,thlee0203
d785f217ef6a,51,12,116,4576,294,1783.0,2196.0,51,51,2.275,89.73,5.76,34.96,43.06,45,139,1,23.53,Â∞èÈü≥
ufd7b5b5d57ab,50,4,150,3505,331,1650.0,1246.0,50,50,3.0,70.1,6.62,33.0,24.92,44,115,1,8.0,zhu791229
u6dd1ec8b8653,49,9,144,3739,289,1526.0,1847.0,49,49,2.939,76.31,5.9,31.14,37.69,43,178,1,18.37,È£ûÈ£ûÈ£û
ua30a21f96400,49,17,110,3850,275,1457.0,1556.0,40,40,2.245,78.57,5.61,36.42,38.9,22,139,1,34.69,Èõ©ÂñµÂñµ
u63b186e8c471,48,15,116,4246,284,1501.0,2186.0,46,46,2.417,88.46,5.92,32.63,47.52,34,234,1,31.25,Êú®Êõ¥Â∞èÂßêÂèØÁà±Êçè
uab33c1444ad1,47,8,139,3245,288,1382.0,1410.0,45,45,2.957,69.04,6.13,30.71,31.33,31,138,1,17.02,leyline
ue8dc5edc68d1,47,9,133,3490,390,1498.0,1484.0,47,47,2.83,74.26,8.3,31.87,31.57,38,113,1,19.15,sa
u4ed4c52c2a9d,46,13,94,3644,244,1670.0,1384.0,46,46,2.043,79.22,5.3,36.3,30.09,50,190,1,28.26,Œº!
f158b51e12e8,46,14,98,4174,334,1738.0,1736.0,46,46,2.13,90.74,7.26,37.78,37.74,57,133,1,30.43,ÂîØ‰∏ÄÁúüÁêÜ
u5a6edd042503,46,12,107,3541,289,1384.0,1490.0,46,46,2.326,76.98,6.28,30.09,32.39,36,124,1,26.09,ÈùíÁúºÁôΩËèú
ubc4840d67121,44,2,123,3247,243,1473.0,1432.0,44,44,2.795,73.8,5.52,33.48,32.55,42,129,1,4.55,rŒ±‚Äî1n
u2c7c2c3f4ec5,43,8,112,3270,363,1432.0,1274.0,43,43,2.605,76.05,8.44,33.3,29.63,50,104,1,18.6,90
657101df5f14,43,4,143,3103,258,1327.0,1526.0,43,43,3.326,72.16,6.0,30.86,35.49,32,124,1,9.3,Âê¨È£éËÅÜÈõ®
addb298f4557,42,10,94,3526,252,1569.0,1479.0,42,42,2.238,83.95,6.0,37.36,35.21,44,163,1,23.81,È£éÈ£é
13f9446ad048,42,23,72,3734,225,1688.0,1448.0,42,42,1.714,88.9,5.36,40.19,34.48,50,203,1,54.76,6mmmm
u97d6f70b34d9,41,16,84,3599,232,1367.0,1812.0,41,41,2.049,87.78,5.66,33.34,44.2,42,148,1,39.02,Â∞èËä±ÁÅ´
u63db1cfe7de4,41,11,95,3466,238,1419.0,1551.0,41,41,2.317,84.54,5.8,34.61,37.83,47,139,1,26.83,Êµ∑Â∏¶tt
u334660cb6866,41,10,113,3148,250,1250.0,1531.0,41,41,2.756,76.78,6.1,30.49,37.34,40,157,1,24.39,ËÇâ‰∫Ü‰∏™ÂåÖ
uf307806d95e1,41,12,98,3134,302,1210.0,1429.0,41,41,2.39,76.44,7.37,29.51,34.85,50,120,1,29.27,Á¶ÅÂøå
u3cf5ad36f700,41,6,112,2974,246,1307.0,1316.0,41,41,2.732,72.54,6.0,31.88,32.1,37,107,1,14.63,xiang.fan
772804213466,41,20,77,3517,247,1526.0,1520.0,41,41,1.878,85.78,6.02,37.22,37.07,47,143,1,48.78,useful
3bdf301973af,40,14,84,3135,241,1365.0,1258.0,40,40,2.1,78.38,6.02,34.12,31.45,53,104,1,35.0,Êµ∑Ë¥ºÁéã
fb677bca918a,40,2,125,2765,241,1202.0,1359.0,40,40,3.125,69.12,6.02,30.05,33.98,40,127,1,5.0,hanmoyesang
ucd090a991414,40,7,96,3282,224,1363.0,1729.0,40,40,2.4,82.05,5.6,34.08,43.22,31,143,1,17.5,ËôöÁ©∫ËΩ¶Á•û
dfc7613bd132,40,4,110,2967,227,1206.0,1289.0,39,39,2.75,74.18,5.68,30.92,33.05,48,135,1,10.0,Â∞èÈ∫¶
u78ac45523fb9,38,4,115,2635,236,1135.0,1167.0,38,38,3.026,69.34,6.21,29.87,30.71,37,138,1,10.53,‰æ†ÂÆ¢Ë∞ã
e17f4b9cc1e8,37,16,77,3271,209,1318.0,1295.0,37,37,2.081,88.41,5.65,35.62,35.0,44,132,1,43.24,ÈòøÂ∞î
uaa68e76b5075,36,0,129,1994,219,835.0,1060.0,36,36,3.583,55.39,6.08,23.19,29.44,25,105,2,0.0,ÊÅ∂È≠îÁé©ÂÅ∂
uc1dbab628e33,35,10,74,2831,196,1237.0,1337.0,35,35,2.114,80.89,5.6,35.34,38.2,42,114,1,28.57,‚òÜÁΩë‚òÜÁªú‚òÜÊö¥‚òÜÂäõ‚òÜ
u23bd51ea6fb7,35,14,70,2853,289,1213.0,1055.0,35,35,2.0,81.51,8.26,34.66,30.14,54,129,1,40.0,zhutoujie88
u7175212d4e47,35,9,80,2944,240,1082.0,1287.0,35,35,2.286,84.11,6.86,30.91,36.77,38,150,1,25.71,dprd
uc98ed952aa9e,34,6,96,2511,194,1069.0,1113.0,34,34,2.824,73.85,5.71,31.44,32.74,42,142,1,17.65,ÂΩºÂ≤∏Ëä±
ufca3984c719f,34,12,74,2952,195,1246.0,1364.0,34,34,2.176,86.82,5.74,36.65,40.12,47,138,1,35.29,Ëµ§ÁéãÈôµ
dddf58451851,33,18,55,2988,189,1267.0,1332.0,33,33,1.667,90.55,5.73,38.39,40.36,52,149,1,54.55,Á≠â‰∏ÉÊúà„ÅÆÈõ™
ufc0263303c64,33,15,63,2729,309,1022.0,1356.0,33,33,1.909,82.7,9.36,30.97,41.09,54,127,1,45.45,liu
u67ae71d09c8d,32,1,98,2475,192,1069.0,1087.0,32,32,3.062,77.34,6.0,33.41,33.97,40,138,1,3.12,ËΩ¨Áû¨san
b0c02f859489,32,11,74,2577,173,1058.0,1097.0,31,31,2.312,80.53,5.41,34.13,35.39,42,129,1,34.38,Ë¥ùÂè∂ÊñØ
ue4d11d66f0ae,31,13,68,2305,162,999.0,1126.0,31,31,2.194,74.35,5.23,32.23,36.32,32,134,1,41.94,Â±ÖÂ±ÖÊú®
u482a64040b6a,31,7,75,2440,200,1030.0,947.0,31,31,2.419,78.71,6.45,33.23,30.55,42,128,1,22.58,yuqi
u458bf512f076,31,7,78,2489,232,1009.0,1015.0,31,31,2.516,80.29,7.48,32.55,32.74,54,126,1,22.58,quda
u17982b0dc5fd,31,8,79,2479,213,966.0,1185.0,31,31,2.548,79.97,6.87,31.16,38.23,38,142,1,25.81,uniruss
u720dec6bbbc2,30,7,75,2300,206,918.0,1013.0,29,29,2.5,76.67,6.87,31.66,34.93,38,129,1,23.33,kano
23d55973c44b,30,1,96,2059,169,894.0,774.0,29,29,3.2,68.63,5.63,30.83,26.69,45,89,1,3.33,Huasong
uc4fd8292c34b,29,5,76,2166,196,907.0,980.0,28,28,2.621,74.69,6.76,32.39,35.0,30,101,1,17.24,anvelbeta
u2e03d1a14777,29,5,79,2088,174,899.0,878.0,29,29,2.724,72.0,6.0,31.0,30.28,29,160,1,17.24,mcore
uae06b2db053f,29,6,77,2265,171,945.0,1092.0,29,29,2.655,78.1,5.9,32.59,37.66,42,138,1,20.69,Â••Êë©Êë©
ua65c29bafdd0,29,11,59,2490,162,1044.0,1103.0,29,29,2.034,85.86,5.59,36.0,38.03,54,139,1,37.93,ÂÅáÁöÑÈõ™Ê®±
ud5cbfec1d6dd,28,6,75,2379,248,1061.0,930.0,26,26,2.679,84.96,8.86,40.81,35.77,23,123,1,21.43,kirtust
ua0e8dbc39515,28,4,79,1888,159,922.0,585.0,27,27,2.821,67.43,5.68,34.15,21.67,29,105,1,14.29,george sun
55ef2445c90c,28,7,64,2025,156,1025.0,640.0,28,28,2.286,72.32,5.57,36.61,22.86,43,110,1,25.0,‰πôÊú®
uaea1d0f78a29,28,6,79,2152,161,892.0,1222.0,28,28,2.821,76.86,5.75,31.86,43.64,43,149,1,21.43,‰∫î‰∫ø‰∏™ÈìÉÈìõ
ucffd593d1b98,27,11,59,2109,154,921.0,795.0,27,27,2.185,78.11,5.7,34.11,29.44,44,116,1,40.74,memq
ub578a12e7c47,27,11,48,2213,143,999.0,902.0,27,27,1.778,81.96,5.3,37.0,33.41,56,132,1,40.74,ÂÜ∑ÊÆáwww
u1610c9cf75f5,27,7,61,2003,162,1102.0,557.0,27,27,2.259,74.19,6.0,40.81,20.63,47,114,1,25.93,colinlin
u9cbbff6bb38c,26,8,59,2901,222,1163.0,1362.0,26,26,2.269,111.58,8.54,44.73,52.38,52,171,1,30.77,askera
uc929dd78cebf,25,3,67,1440,117,839.0,491.0,25,25,2.68,57.6,4.68,33.56,19.64,37,99,1,12.0,Á©∫Êù°ÊâøÂ§™ÈÉé
ubcf674aa76fe,25,8,58,2018,140,865.0,853.0,25,25,2.32,80.72,5.6,34.6,34.12,37,114,1,32.0,ÁãóËøêÂä©Êàë
udf393a8b07eb,25,1,79,1656,139,746.0,768.0,25,25,3.16,66.24,5.56,29.84,30.72,37,109,1,4.0,ÈòøÊ¥ã
uddad586b1b7d,25,15,40,2113,150,823.0,895.0,25,25,1.6,84.52,6.0,32.92,35.8,44,127,1,60.0,ooc1997
ud6b78f868309,24,7,45,2204,143,862.0,942.0,24,24,1.875,91.83,5.96,35.92,39.25,54,135,1,29.17,Â∞èÁ¨®ËõãÈìÉÈìõ
ue7b395df37fa,24,5,56,2148,166,916.0,1062.0,24,24,2.333,89.5,6.92,38.17,44.25,46,144,1,20.83,ËåÑÂä™Âäõ
ubcca500145dd,24,7,54,2067,163,930.0,861.0,24,24,2.25,86.12,6.79,38.75,35.88,40,146,1,29.17,j89101212
uac7f79345283,24,14,39,2277,137,830.0,987.0,23,23,1.625,94.88,5.71,36.09,42.91,61,208,1,58.33,Â∞èÂùèËõãÂ±ÖÂ±Ö
u9947afba1e98,24,17,35,2207,163,950.0,1036.0,24,24,1.458,91.96,6.79,39.58,43.17,60,128,1,70.83,Â∞èÊ∏ä
u688e5af6a5f8,24,5,63,1994,138,789.0,923.0,24,24,2.625,83.08,5.75,32.88,38.46,49,142,1,20.83,sargeras
u2700ee4e6a2b,23,5,60,1662,135,735.0,866.0,23,23,2.609,72.26,5.87,31.96,37.65,40,126,1,21.74,È©±Â≤©‰πãÂäõ
ud207082af174,23,7,47,1706,135,845.0,537.0,23,23,2.043,74.17,5.87,36.74,23.35,40,113,1,30.43,sun96
4d162aaeb27a,23,6,58,1950,139,760.0,827.0,23,23,2.522,84.78,6.04,33.04,35.96,51,173,1,26.09,ÊñáËøú
69e4b39d9a1e,22,8,44,1939,158,735.0,1088.0,22,22,2.0,88.14,7.18,33.41,49.45,55,126,1,36.36,Âú∞ÁêÉÂºπÂ∞ÑË£ÖÁΩÆ
25aeedfe4791,22,8,50,1743,118,767.0,665.0,22,22,2.273,79.23,5.36,34.86,30.23,34,118,1,36.36,ÂõßÂõßÊâì‰∫∫
u52e386dc1253,22,0,74,1293,131,572.0,616.0,22,22,3.364,58.77,5.95,26.0,28.0,29,89,2,0.0,Â••ÊúóÂæ∑
uc572c2571884,22,3,64,1532,131,710.0,694.0,22,22,2.909,69.64,5.95,32.27,31.55,38,113,1,13.64,mmpdj
ucc233a2e04bf,21,11,39,1743,119,757.0,787.0,21,21,1.857,83.0,5.67,36.05,37.48,47,134,1,52.38,ËèØÂ∞òüêü
u4a6398cb514a,21,11,35,1923,114,826.0,891.0,21,21,1.667,91.57,5.43,39.33,42.43,61,135,1,52.38,Â§ßÂùèËõãÂ±ÖÂ±Ö
59c7524c4759,21,8,48,1962,149,813.0,806.0,21,21,2.286,93.43,7.1,38.71,38.38,55,132,1,38.1,ÊúàËâ≤
u92e06408e2d9,21,0,59,1524,129,648.0,712.0,21,21,2.81,72.57,6.14,30.86,33.9,48,119,2,0.0,naf-fly
u278844f8e586,21,12,36,2305,138,790.0,1058.0,21,21,1.714,109.76,6.57,37.62,50.38,54,203,1,57.14,ËøéÈ£éÂ∏ÉÈòµ
5d35c7163f45,21,0,65,1757,162,766.0,781.0,21,21,3.095,83.67,7.71,36.48,37.19,57,122,2,0.0,ËìùËìùÈπø
63805e509cbe,20,4,44,1685,114,660.0,618.0,19,19,2.2,84.25,5.7,34.74,32.53,63,128,1,20.0,‰πùÊñπË†°
bc24309a5d68,20,6,47,1437,122,681.0,640.0,20,20,2.35,71.85,6.1,34.05,32.0,44,111,1,30.0,muyu-a
u548dd163e8a9,20,10,38,1654,113,707.0,710.0,20,20,1.9,82.7,5.65,35.35,35.5,58,132,1,50.0,Â±ÖÂ±Ö
uf15f76ed8e91,20,6,44,1651,191,648.0,656.0,18,18,2.2,82.55,9.55,36.0,36.44,29,102,1,30.0,Ê°∂Ë£Ö‰ºÅÈπÖ
702c931a9f7c,20,5,53,2069,173,816.0,1015.0,20,20,2.65,103.45,8.65,40.8,50.75,43,199,1,25.0,Â§©Â§©ÊòØÂ•ΩÂ§©
u4fad1bf3923a,20,2,66,1272,123,548.0,674.0,20,20,3.3,63.6,6.15,27.4,33.7,32,135,1,10.0,w.d.gaster
u932fe25b6261,20,0,63,1276,116,587.0,484.0,20,20,3.15,63.8,5.8,29.35,24.2,35,100,2,0.0,ys
u85565a399638,19,3,52,1433,111,598.0,692.0,19,19,2.737,75.42,5.84,31.47,36.42,27,123,1,15.79,ÊÇ≤ÁÅµÁ¨ëÈ™®
u537e91256e48,19,2,59,1233,103,623.0,518.0,19,19,3.105,64.89,5.42,32.79,27.26,29,113,1,10.53,Êû´Âè∂ÁÅ¨Â§è
u425d3a95fbf9,19,13,27,1857,182,625.0,867.0,19,19,1.421,97.74,9.58,32.89,45.63,67,151,1,68.42,104728036
uc59bda8af6dc,19,5,44,1556,107,691.0,675.0,19,19,2.316,81.89,5.63,36.37,35.53,56,116,1,26.32,Â∞èÂùèËõãÈìÉÈìõ
u10655cc0a24e,18,2,50,1304,108,573.0,445.0,18,18,2.778,72.44,6.0,31.83,24.72,49,98,1,11.11,matrix
u1e4b1f78aa39,18,2,53,1229,112,638.0,503.0,18,18,2.944,68.28,6.22,35.44,27.94,50,104,1,11.11,Ë∞ÉÂíåÂ∏à
uef2563337d25,18,11,27,1682,105,651.0,710.0,18,18,1.5,93.44,5.83,36.17,39.44,68,126,1,61.11,üê∞üêü
ue6027cea32ee,18,3,56,1222,113,525.0,693.0,18,18,3.111,67.89,6.28,29.17,38.5,33,132,1,16.67,ÊàëÊòØÁå´ÈòÄÂ§ß‰∫∫
ufd68b8de4303,17,0,53,1030,109,499.0,495.0,17,17,3.118,60.59,6.41,29.35,29.12,30,98,2,0.0,sjenka
u6a0fb535ff89,17,0,63,834,97,468.0,351.0,17,17,3.706,49.06,5.71,27.53,20.65,31,82,3,0.0,junne
ff2fe6790f8a,17,5,45,1719,148,592.0,953.0,17,17,2.647,101.12,8.71,34.82,56.06,44,165,1,29.41,Ê±âË£î
u2bb2bd90028d,17,6,42,1189,96,524.0,679.0,17,17,2.471,69.94,5.65,30.82,39.94,35,113,1,35.29,ÂâëÁöá
a6ac96546563,17,6,39,1895,148,560.0,1011.0,17,17,2.294,111.47,8.71,32.94,59.47,73,174,1,35.29,ÁæäÁæäÁæä
a27aaaff3576,17,4,43,1307,94,564.0,630.0,17,17,2.529,76.88,5.53,33.18,37.06,45,109,1,23.53,black_UUZ
u1f7f4c6c34ec,16,5,40,1333,100,598.0,613.0,16,16,2.5,83.31,6.25,37.38,38.31,51,123,1,31.25,wwh
2437e5810ba1,16,6,35,1243,97,553.0,528.0,16,16,2.188,77.69,6.06,34.56,33.0,50,103,1,37.5,xiaojiang
u6bc07fd47249,16,8,27,2012,133,776.0,917.0,16,16,1.688,125.75,8.31,48.5,57.31,72,206,1,50.0,bamboozy
de7635ede9fb,16,3,43,1182,92,478.0,516.0,16,16,2.688,73.88,5.75,29.88,32.25,50,101,1,18.75,FranklinChan
u122596705be2,16,1,46,1025,93,503.0,443.0,16,16,2.875,64.06,5.81,31.44,27.69,46,127,1,6.25,ÂÜ¨„ÅÆËä±
53f4723aa02b,16,5,38,1198,88,516.0,542.0,16,16,2.375,74.88,5.5,32.25,33.88,45,104,1,31.25,yukikaze
u5fbdedc117db,16,1,47,1078,92,485.0,510.0,16,16,2.938,67.38,5.75,30.31,31.88,42,95,1,6.25,Â±ÖÂ±ÖÊ¢®
u5fe97af5fdf2,16,3,47,1266,136,500.0,509.0,13,13,2.938,79.12,8.5,38.46,39.15,31,137,1,18.75,ÊùâËèú‰∏ÄÊ±§
181fafd4960c,16,12,20,1398,90,514.0,582.0,15,15,1.25,87.38,5.62,34.27,38.8,66,129,1,75.0,wjcxymy
u465e201fce5c,15,0,55,839,85,439.0,397.0,15,15,3.667,55.93,5.67,29.27,26.47,37,67,3,0.0,ÊÅ∞ÊÅ∞
67e848d68eac,15,3,34,1221,109,529.0,604.0,15,15,2.267,81.4,7.27,35.27,40.27,54,103,1,20.0,tmbisheng
ud767029616a6,15,1,51,981,142,376.0,477.0,15,15,3.4,65.4,9.47,25.07,31.8,49,94,1,6.67,Êù®ÁÉÅ
u25d2fdfa8b85,15,6,32,1272,90,549.0,554.0,15,15,2.133,84.8,6.0,36.6,36.93,50,135,1,40.0,caliloft
u593195c84283,15,0,52,941,103,491.0,352.0,15,15,3.467,62.73,6.87,32.73,23.47,51,78,2,0.0,frank62214
966fec459c13,14,5,29,1140,112,483.0,373.0,14,14,2.071,81.43,8.0,34.5,26.64,47,106,1,35.71,hongquan
585f0dda8b6d,14,7,29,1360,110,531.0,527.0,14,14,2.071,97.14,7.86,37.93,37.64,46,157,1,50.0,Âï¶Âï¶Âï¶
u187ca287f2ff,14,0,40,990,79,479.0,442.0,14,14,2.857,70.71,5.64,34.21,31.57,47,108,2,0.0,ÈòøËé´
ud128953dcb8c,14,6,28,1180,93,476.0,510.0,14,14,2.0,84.29,6.64,34.0,36.43,50,124,1,42.86,ÁöÆÂç°‰∏ò
uc2265a65f992,13,2,33,880,63,429.0,364.0,13,13,2.538,67.69,4.85,33.0,28.0,49,98,1,15.38,ËäùÂ£´Ê≥•È∏≠
2fc3e9b6d3fc,13,1,34,1370,114,613.0,673.0,13,13,2.615,105.38,8.77,47.15,51.77,70,143,1,7.69,kahala
u30e37960ab52,13,0,43,818,83,359.0,415.0,13,13,3.308,62.92,6.38,27.62,31.92,41,82,2,0.0,lf
ue81df0911958,12,2,39,819,102,464.0,331.0,12,12,3.25,68.25,8.5,38.67,27.58,47,89,1,16.67,nydzsf
ud0d4a329a5e3,12,0,40,709,75,331.0,354.0,12,12,3.333,59.08,6.25,27.58,29.5,40,86,2,0.0,ÂõõÊúà
u16470e663061,12,3,33,940,74,437.0,471.0,12,12,2.75,78.33,6.17,36.42,39.25,41,112,1,25.0,dolphin159
u6196ef142f6d,12,4,32,930,86,378.0,581.0,12,12,2.667,77.5,7.17,31.5,48.42,43,110,1,33.33,dddylan
u67c748ccedda,12,5,24,877,109,387.0,374.0,12,12,2.0,73.08,9.08,32.25,31.17,54,111,1,41.67,peterhu58
ubfb680681a48,12,2,30,930,84,419.0,423.0,12,12,2.5,77.5,7.0,34.92,35.25,54,114,1,16.67,oldfan
ub4cbe3f67b24,12,0,40,706,65,366.0,322.0,12,12,3.333,58.83,5.42,30.5,26.83,39,88,2,0.0,ÁÅ´ÊòüÂ®Å
1637240fb98f,12,4,26,1028,77,485.0,342.0,12,12,2.167,85.67,6.42,40.42,28.5,69,103,1,33.33,ÁÇπÁÇπ
u81d5ec6a0a54,12,3,27,894,102,466.0,382.0,12,12,2.25,74.5,8.5,38.83,31.83,53,99,1,25.0,alpha7777
u85082c3eee34,12,0,41,813,101,407.0,348.0,11,11,3.417,67.75,8.42,37.0,31.64,29,82,2,0.0,jecin
ba0b522902ed,12,0,39,775,67,385.0,276.0,12,12,3.25,64.58,5.58,32.08,23.0,44,127,2,0.0,hangrui
ue913a8e72cb0,12,6,27,1047,85,474.0,473.0,12,12,2.25,87.25,7.08,39.5,39.42,47,122,1,50.0,ÂæíÊâãÂºÄÊ†πÂè∑
20a57d8251ab,11,1,32,760,63,341.0,390.0,11,11,2.909,69.09,5.73,31.0,35.45,35,120,1,9.09,wuser
u2716b8718049,11,2,28,988,65,438.0,403.0,11,11,2.545,89.82,5.91,39.82,36.64,30,153,1,18.18,ÂçäÂ±±
u27b7063a5163,11,6,21,777,66,385.0,266.0,11,11,1.909,70.64,6.0,35.0,24.18,40,104,1,54.55,zuididi
u90bfcef4201b,11,3,23,837,92,403.0,329.0,11,11,2.091,76.09,8.36,36.64,29.91,58,99,1,27.27,xxx
u471914ff05db,11,0,34,804,90,371.0,279.0,11,11,3.091,73.09,8.18,33.73,25.36,52,108,2,0.0,jzymz
u1703dab9b66a,11,2,25,912,93,377.0,373.0,11,11,2.273,82.91,8.45,34.27,33.91,67,144,1,18.18,‰∏ú‰∏ú
u14d057be76e8,11,1,37,678,98,335.0,271.0,11,11,3.364,61.64,8.91,30.45,24.64,47,75,1,9.09,hhv587666
u428c9fcc5c3f,11,2,31,1003,93,428.0,425.0,11,11,2.818,91.18,8.45,38.91,38.64,60,130,1,18.18,peach15
fd8623c9c453,11,2,26,965,64,334.0,426.0,11,11,2.364,87.73,5.82,30.36,38.73,57,128,1,18.18,Â∞ºÂè§ÊãâËÄ∂Áª¥Âü∫
u6e91e1189005,11,1,33,700,62,323.0,341.0,11,11,3.0,63.64,5.64,29.36,31.0,35,107,1,9.09,ÁîòÈõ®
u3fe8b245fa5f,10,0,33,682,86,301.0,425.0,10,10,3.3,68.2,8.6,30.1,42.5,47,94,2,0.0,chuangf
uc2201f6c37fc,10,1,24,765,77,309.0,262.0,10,10,2.4,76.5,7.7,30.9,26.2,63,105,1,10.0,fdw
uad95851b66b6,10,4,21,858,86,329.0,488.0,10,10,2.1,85.8,8.6,32.9,48.8,55,121,1,40.0,tsmc no1
u7f881dd033c7,10,2,26,770,86,279.0,389.0,10,10,2.6,77.0,8.6,27.9,38.9,58,135,1,20.0,hypertai123
ud3ead75896b4,10,4,20,837,86,313.0,455.0,10,10,2.0,83.7,8.6,31.3,45.5,60,129,1,40.0,secretlegk
u667bb4cd15a4,10,2,30,838,91,388.0,358.0,10,10,3.0,83.8,9.1,38.8,35.8,59,131,1,20.0,ÂçìÊüê
udbc540105fa7,10,2,31,644,90,291.0,261.0,10,10,3.1,64.4,9.0,29.1,26.1,48,95,1,20.0,henferyl6
ue12a8d01f356,10,1,32,635,61,262.0,243.0,10,10,3.2,63.5,6.1,26.2,24.3,47,92,1,10.0,È≠èÊù®Âàö
u38f2ce624896,10,4,22,882,57,365.0,392.0,10,10,2.2,88.2,5.7,36.5,39.2,58,124,1,40.0,duoyu222
u9ca1b4f8b101,10,5,18,829,89,395.0,369.0,10,10,1.8,82.9,8.9,39.5,36.9,60,97,1,50.0,ÁãóÂ§¥
u56947fcdc5c2,10,1,30,680,59,408.0,275.0,10,10,3.0,68.0,5.9,40.8,27.5,44,90,1,10.0,echo
8c4980d6b1cb,10,0,26,667,60,290.0,290.0,10,10,2.6,66.7,6.0,29.0,29.0,29,116,2,0.0,ÂåÜÂåÜ
6d226d2ca405,10,1,27,698,56,301.0,303.0,10,10,2.7,69.8,5.6,30.1,30.3,50,127,1,10.0,Automuen
999c744cd7e3,10,2,22,875,66,365.0,423.0,10,10,2.2,87.5,6.6,36.5,42.3,66,107,1,20.0,‰∏öÈóÆ
5f2df2684d33,10,5,21,884,84,267.0,363.0,8,8,2.1,88.4,8.4,33.38,45.38,57,125,1,50.0,Â∞èz
a70796f6ce41,10,7,14,834,56,347.0,344.0,10,10,1.4,83.4,5.6,34.7,34.4,62,105,1,70.0,fklmgj
d9a8b3f4fe62,10,6,19,688,51,317.0,291.0,10,10,1.9,68.8,5.1,31.7,29.1,42,92,1,60.0,no3c
e1c929a192f3,10,0,35,701,66,307.0,297.0,10,10,3.5,70.1,6.6,30.7,29.7,47,99,2,0.0,ËÄÅÊùé
f54fdd507d1c,10,3,24,856,66,342.0,345.0,10,10,2.4,85.6,6.6,34.2,34.5,65,128,1,30.0,Âº†È£û
5a66d1149dc6,10,2,24,804,61,375.0,323.0,10,10,2.4,80.4,6.1,37.5,32.3,46,126,1,20.0,darisen
e3c453b1eb3a,10,3,21,937,78,333.0,414.0,10,10,2.1,93.7,7.8,33.3,41.4,60,109,1,30.0,dinnerv5
e578cd4d3823,10,3,23,980,61,360.0,407.0,10,10,2.3,98.0,6.1,36.0,40.7,35,227,1,30.0,act5st
57bb13ed49f0,9,3,19,777,65,383.0,253.0,9,9,2.111,86.33,7.22,42.56,28.11,69,108,1,33.33,guapi
52a7759f9f57,9,1,27,583,56,248.0,220.0,9,9,3.0,64.78,6.22,27.56,24.44,46,85,1,11.11,Á∫¢Ëå∂
ue01a8307e9cf,9,1,22,892,66,325.0,492.0,9,9,2.444,99.11,7.33,36.11,54.67,50,185,1,11.11,5k1
u78c21c747291,9,5,13,758,51,319.0,324.0,9,9,1.444,84.22,5.67,35.44,36.0,58,126,1,55.56,Â§ßÁÜäÁå´
2450c74ea170,9,0,31,587,49,244.0,346.0,9,9,3.444,65.22,5.44,27.11,38.44,24,107,2,0.0,ÊôìÈªë
u4191c543e4b2,9,5,17,781,61,357.0,215.0,9,9,1.889,86.78,6.78,39.67,23.89,57,159,1,55.56,colin lin
8becbf6c6dd2,9,1,26,648,55,264.0,296.0,9,9,2.889,72.0,6.11,29.33,32.89,42,98,1,11.11,Êó†ÊÉÖÁöÑÂëΩËøê
ude9a78d4dfe8,9,7,13,870,84,242.0,417.0,9,9,1.444,96.67,9.33,26.89,46.33,69,146,1,77.78,moe
ubfc52ae1278a,9,0,27,556,56,270.0,295.0,9,9,3.0,61.78,6.22,30.0,32.78,40,90,2,0.0,Â∑¶‰ªô‰∫∫Ê±ü‰∏ú
u47c055fdd149,9,0,30,652,67,317.0,251.0,9,9,3.333,72.44,7.44,35.22,27.89,62,88,2,0.0,ÂáâÊ©ô
ueccf5997c1bc,9,6,15,741,81,298.0,288.0,9,9,1.667,82.33,9.0,33.11,32.0,64,109,1,66.67,roadtree
2d8d33416cd1,9,5,16,885,56,348.0,423.0,9,9,1.778,98.33,6.22,38.67,47.0,40,150,1,55.56,ÈìÉÈìõ
9c67be74271c,9,3,21,650,72,318.0,278.0,9,9,2.333,72.22,8.0,35.33,30.89,53,90,1,33.33,NPCXiGua
u7bcf93545d5f,8,6,13,717,75,309.0,330.0,8,8,1.625,89.62,9.38,38.62,41.25,53,148,1,75.0,raven
u69f9ee18835e,8,2,18,548,50,211.0,187.0,7,7,2.25,68.5,6.25,30.14,26.71,46,87,1,25.0,jiang.cc
u7b624de49eb5,8,0,29,466,48,222.0,233.0,8,8,3.625,58.25,6.0,27.75,29.12,35,80,3,0.0,Â§ßÁü•Èó≤Èó≤
u733fe426ddc1,8,2,16,581,55,288.0,202.0,8,8,2.0,72.62,6.88,36.0,25.25,57,105,1,25.0,fenglin_18
u6fa4182a700b,8,0,29,447,53,238.0,257.0,8,8,3.625,55.88,6.62,29.75,32.12,38,70,3,0.0,ËäúÊπñ
u8f713bc4094b,8,1,25,711,72,277.0,285.0,7,7,3.125,88.88,9.0,39.57,40.71,34,271,1,12.5,my9281
ue822cbe89d9b,8,3,15,660,78,239.0,301.0,8,8,1.875,82.5,9.75,29.88,37.62,65,110,1,37.5,maguawang
udcb14230a6a1,8,3,20,717,63,268.0,335.0,8,8,2.5,89.62,7.88,33.5,41.88,57,146,1,37.5,mmbk
u92bf39c22a39,8,0,27,510,45,222.0,217.0,8,8,3.375,63.75,5.62,27.75,27.12,40,85,2,0.0,savingnoob
uf3e8fefbfd8c,8,1,25,584,54,240.0,296.0,8,8,3.125,73.0,6.75,30.0,37.0,35,121,1,12.5,obama
u35b1929863b3,8,1,20,598,43,289.0,237.0,8,8,2.5,74.75,5.38,36.12,29.62,55,94,1,12.5,ÂéïÊâÄÊ∏∏Ê≥≥
uc709b05827b6,8,3,17,741,46,284.0,370.0,8,8,2.125,92.62,5.75,35.5,46.25,62,184,1,37.5,Êó∂Â∞ò
84892b708d36,8,1,22,622,51,264.0,225.0,7,7,2.75,77.75,6.38,37.71,32.14,49,101,1,12.5,wjyÂê¥Êâç
ub96e5575a6e5,8,0,25,560,75,264.0,217.0,8,8,3.125,70.0,9.38,33.0,27.12,59,92,2,0.0,È©¨‰øùÂõΩ
1e6dac6d16e2,8,4,17,1000,57,365.0,534.0,8,8,2.125,125.0,7.12,45.62,66.75,74,231,1,50.0,yuan
u31c9c3e54b88,8,1,24,575,48,175.0,314.0,6,6,3.0,71.88,6.0,29.17,52.33,33,137,1,12.5,repeatingcat
2d6fc80f3e8b,8,3,18,740,59,248.0,356.0,7,7,2.25,92.5,7.38,35.43,50.86,26,175,1,37.5,ÂΩ©Ëôπ
ua9206bb2fd0c,7,5,11,576,54,203.0,268.0,7,7,1.571,82.29,7.71,29.0,38.29,55,121,1,71.43,Èò¥Â•âÈò≥we
u9ee1b6a74d6b,7,1,24,412,41,213.0,171.0,7,7,3.429,58.86,5.86,30.43,24.43,47,86,1,14.29,ÂΩíÂøÉ
uc5e60fb3bd20,7,4,11,639,39,266.0,261.0,7,7,1.571,91.29,5.57,38.0,37.29,72,122,1,57.14,Á∫¢È´òÁ≤±
ue9633562bdcb,7,1,16,563,45,242.0,230.0,7,7,2.286,80.43,6.43,34.57,32.86,61,120,1,14.29,scp5637
2f48d358bdc1,7,0,25,519,56,252.0,262.0,7,7,3.571,74.14,8.0,36.0,37.43,57,110,2,0.0,dddzzz
7d4b2bcea3b2,7,0,22,412,34,208.0,172.0,7,7,3.143,58.86,4.86,29.71,24.57,38,87,2,0.0,fenyue
u605ccd3686c6,7,5,9,572,64,267.0,257.0,7,7,1.286,81.71,9.14,38.14,36.71,66,110,1,71.43,Êâ≠Êõ≤ÊÄ™
u60eaee43b548,7,3,16,603,63,227.0,245.0,7,7,2.286,86.14,9.0,32.43,35.0,60,110,1,42.86,dzk
ud698d288529a,7,4,11,680,63,224.0,302.0,7,7,1.571,97.14,9.0,32.0,43.14,63,124,1,57.14,xiakejuny
ubcea0bd5ffdc,7,1,20,540,65,212.0,180.0,7,7,2.857,77.14,9.29,30.29,25.71,59,94,1,14.29,royfrost
ue15317a01ced,7,3,12,658,74,272.0,320.0,7,7,1.714,94.0,10.57,38.86,45.71,74,124,1,42.86,Êñ∞Âá†ÂÜÖ‰∫öÁöÑÁå¥Áéã
ua76c30a1f5d6,7,1,14,574,66,259.0,237.0,7,7,2.0,82.0,9.43,37.0,33.86,64,98,1,14.29,cola96
ub76c3681b1d7,7,1,21,497,66,274.0,155.0,7,7,3.0,71.0,9.43,39.14,22.14,64,78,1,14.29,spurs001
8fb6a4df89a4,7,0,25,475,46,206.0,209.0,7,7,3.571,67.86,6.57,29.43,29.86,46,91,2,0.0,ÁæäÁæäÈòüÁ´ãÂ§ßÂäü
ub2b47e7d5193,7,4,12,568,56,216.0,264.0,7,7,1.714,81.14,8.0,30.86,37.71,66,94,1,57.14,meguminqwq
b75e9389bfa9,7,0,20,517,42,231.0,242.0,7,7,2.857,73.86,6.0,33.0,34.57,50,102,2,0.0,ÂçßÂ±±ÁúãÊ∞¥
34506382475d,7,3,12,630,39,273.0,299.0,7,7,1.714,90.0,5.57,39.0,42.71,67,114,1,42.86,awaker
uaf86208c2f2d,7,3,15,553,38,264.0,218.0,7,7,2.143,79.0,5.43,37.71,31.14,67,86,1,42.86,alaps
u732c497fce90,7,1,21,460,42,170.0,241.0,7,7,3.0,65.71,6.0,24.29,34.43,45,91,1,14.29,roseallenzwt
ue1e8b9331022,7,4,10,782,61,345.0,302.0,7,7,1.429,111.71,8.71,49.29,43.14,80,144,1,57.14,ÊúÄÁªàÂàóËΩ¶
ue25e0c887bad,7,4,11,819,63,286.0,371.0,7,7,1.571,117.0,9.0,40.86,53.0,79,177,1,57.14,ÈΩêÊüèÊûóÈ£ûÁå™
d22f96066a9e,7,1,21,443,43,208.0,209.0,7,7,3.0,63.29,6.14,29.71,29.86,40,107,1,14.29,marquess
ud1689f5e853b,7,1,19,419,39,200.0,106.0,6,6,2.714,59.86,5.57,33.33,17.67,43,75,1,14.29,zongzi
ucc028884b688,7,2,14,572,52,236.0,271.0,7,7,2.0,81.71,7.43,33.71,38.71,62,102,1,28.57,yuechen
u3060dd57e6ad,7,2,19,655,53,259.0,331.0,7,7,2.714,93.57,7.57,37.0,47.29,40,131,1,28.57,Ê∫ØÊúõ
u1f617361652c,7,2,17,501,51,208.0,225.0,7,7,2.429,71.57,7.29,29.71,32.14,42,104,1,28.57,‰∏Ä‰∏™ÈáåÁ∫≥Á±≥ÁöÑ
uf5469f4a898c,7,2,17,563,39,206.0,263.0,7,7,2.429,80.43,5.57,29.43,37.57,55,108,1,28.57,üîî‚ù§Ô∏èüí§
u496a9f3def1c,7,1,19,496,57,203.0,257.0,7,7,2.714,70.86,8.14,29.0,36.71,49,131,1,14.29,ÊòüÊµ∑
u87f9bc8b918b,6,1,18,436,35,202.0,214.0,6,6,3.0,72.67,5.83,33.67,35.67,48,87,1,16.67,‰∏çÊ∂àËÄóÂêçÂ≠óÁöÑÁ°¨Â∏Å
u2928761c95a9,6,0,14,429,39,205.0,161.0,6,6,2.333,71.5,6.5,34.17,26.83,52,95,2,0.0,Âô©Ê¢¶‰πãÂΩ±
u1d6428ad859d,6,4,9,569,47,249.0,290.0,6,6,1.5,94.83,7.83,41.5,48.33,68,147,1,66.67,crosshappy
uacca927d9ad4,6,0,21,433,38,187.0,244.0,6,6,3.5,72.17,6.33,31.17,40.67,40,108,3,0.0,chiyu001
u258e5ea09804,6,3,14,509,53,199.0,268.0,6,6,2.333,84.83,8.83,33.17,44.67,43,140,1,50.0,hhn
uaac7ed054272,6,3,11,472,50,213.0,155.0,6,6,1.833,78.67,8.33,35.5,25.83,68,106,1,50.0,---
bfac2758259d,6,0,22,323,38,174.0,169.0,6,6,3.667,53.83,6.33,29.0,28.17,40,65,3,0.0,1494164074
ub1029666653b,6,2,11,39,50,254.0,295.0,6,6,1.833,6.5,8.33,42.33,49.17,-422,106,1,33.33,ËâæËíô‰∏≠Ê≥ï
u2933ce7275a1,6,0,22,293,34,154.0,160.0,6,6,3.667,48.83,5.67,25.67,26.67,31,67,3,0.0,eed
ec168f3cdf40,6,1,13,576,39,200.0,269.0,5,5,2.167,96.0,6.5,40.0,53.8,83,126,1,16.67,ÁëûÂá§
ue818dc240bd9,6,1,14,541,54,265.0,221.0,6,6,2.333,90.17,9.0,44.17,36.83,61,126,1,16.67,ÂåóÈ£éÂêπ
u62a54f651c8a,6,0,20,402,40,203.0,148.0,6,6,3.333,67.0,6.67,33.83,24.67,51,87,2,0.0,anna831121
ud54670c2b4db,6,4,9,510,46,225.0,235.0,6,6,1.5,85.0,7.67,37.5,39.17,77,100,1,66.67,doffran
uc1b3c993183e,6,1,17,391,35,181.0,167.0,6,6,2.833,65.17,5.83,30.17,27.83,44,105,1,16.67,wsxiaohai
bddeb4fa16a6,6,2,14,468,43,182.0,193.0,5,5,2.333,78.0,7.17,36.4,38.6,29,135,1,33.33,daiÂçä‰ªô
u5197689e1093,6,4,10,445,41,193.0,167.0,6,6,1.667,74.17,6.83,32.17,27.83,57,88,1,66.67,hxy
342cabe8d426,5,0,19,260,29,24.0,21.0,1,1,3.8,52.0,5.8,24.0,21.0,33,68,3,0.0,‰ªÅËÄÖÊó†Êïå
ud1b6b1a21299,5,0,17,315,30,126.0,136.0,5,5,3.4,63.0,6.0,25.2,27.2,48,93,2,0.0,goldfish
ue2b3a6972923,5,0,11,459,51,188.0,221.0,5,5,2.2,91.8,10.2,37.6,44.2,70,109,2,0.0,z2560068
e1ea85369e2d,5,1,14,477,38,172.0,264.0,5,5,2.8,95.4,7.6,34.4,52.8,59,127,1,20.0,ÁéãÂáØ
u466a89f87e6b,5,2,11,379,30,150.0,90.0,4,4,2.2,75.8,6.0,37.5,22.5,42,94,1,40.0,fangruoning
ua09de4e57841,5,1,12,322,43,148.0,130.0,5,5,2.4,64.4,8.6,29.6,26.0,50,77,1,20.0,yog
d6b023ce7046,5,3,9,528,43,189.0,263.0,5,5,1.8,105.6,8.6,37.8,52.6,63,146,1,60.0,shorst
u2d6fefa74fe1,5,0,16,290,48,156.0,187.0,5,5,3.2,58.0,9.6,31.2,37.4,43,77,2,0.0,Â§©ÂáâÂ§úÊòé
u76971e31dd7d,5,0,17,313,34,142.0,134.0,5,5,3.4,62.6,6.8,28.4,26.8,46,79,2,0.0,echinochloa
uf80664128293,5,1,13,367,32,177.0,122.0,5,5,2.6,73.4,6.4,35.4,24.4,54,97,1,20.0,wyxs
u8ab18b592945,5,3,7,429,48,189.0,157.0,5,5,1.4,85.8,9.6,37.8,31.4,69,100,1,60.0,pyt2002
u41247750c2db,5,0,12,331,31,148.0,108.0,5,5,2.4,66.2,6.2,29.6,21.6,53,85,2,0.0,herbmaster
c82433ca5ee7,5,1,13,357,26,151.0,162.0,5,5,2.6,71.4,5.2,30.2,32.4,45,93,1,20.0,‰∏ÄÁõ¥
uabe831ca1c43,5,0,15,317,34,113.0,106.0,4,4,3.0,63.4,6.8,28.25,26.5,44,81,2,0.0,Êù±È¢®Ë∞∑ËçâÁî∞
ubc8fcb9a8984,5,2,13,354,41,164.0,148.0,5,5,2.6,70.8,8.2,32.8,29.6,53,85,1,40.0,xscc
9cb246307229,5,1,10,341,29,149.0,164.0,5,5,2.0,68.2,5.8,29.8,32.8,55,80,1,20.0,ymlalala
u3814aff54c0a,5,1,12,372,42,136.0,205.0,5,5,2.4,74.4,8.4,27.2,41.0,54,95,1,20.0,Ê∏ÖÈ£éÊãÇËøá
u1ebf94f7b35e,5,0,19,323,30,122.0,168.0,5,5,3.8,64.6,6.0,24.4,33.6,26,112,3,0.0,Âº†Ê≠£Áõ¥
u8fb1d537a2b1,5,1,11,469,27,197.0,215.0,5,5,2.2,93.8,5.4,39.4,43.0,63,129,1,20.0,ÊµÅÈõ©
u1ef63d3c8af7,5,0,14,339,29,162.0,173.0,5,5,2.8,67.8,5.8,32.4,34.6,36,99,2,0.0,Â∞èÂ£´
u92d4ef744851,5,2,11,442,30,136.0,137.0,4,4,2.2,88.4,6.0,34.0,34.25,60,113,1,40.0,luckydice
u93aa7d874d70,5,3,8,480,31,171.0,221.0,5,5,1.6,96.0,6.2,34.2,44.2,75,143,1,60.0,muwing
u9840f6d7c328,5,0,12,412,41,203.0,165.0,5,5,2.4,82.4,8.2,40.6,33.0,72,102,2,0.0,ÂπΩÁÅµ
ua4928bcdbe27,5,2,9,524,54,251.0,177.0,5,5,1.8,104.8,10.8,50.2,35.4,100,109,1,40.0,Ë∂äÂâçÈæôÈ©¨
b1ecc21eba6b,5,1,15,403,38,175.0,180.0,5,5,3.0,80.6,7.6,35.0,36.0,36,123,1,20.0,‰ªªÊ∞∏Êó∫
ua25fb7c48105,5,0,15,326,33,134.0,199.0,5,5,3.0,65.2,6.6,26.8,39.8,54,80,2,0.0,cyzwq567
u6548544a601e,5,1,12,427,34,168.0,188.0,5,5,2.4,85.4,6.8,33.6,37.6,57,109,1,20.0,rwer1343
u6f7cf5a0714e,5,0,16,271,38,140.0,127.0,5,5,3.2,54.2,7.6,28.0,25.4,46,60,3,0.0,Â∞èÊ∂µ
5a77942689b3,5,2,8,580,38,183.0,335.0,5,5,1.6,116.0,7.6,36.6,67.0,79,178,1,40.0,wrzzqg
6c622219e074,5,1,13,492,38,179.0,250.0,5,5,2.6,98.4,7.6,35.8,50.0,68,155,1,20.0,1h111
u2c0fb1011366,5,2,13,374,41,133.0,164.0,5,5,2.6,74.8,8.2,26.6,32.8,50,106,1,40.0,Ëà™Áà∑
u4f00de68e1ce,5,4,7,451,39,196.0,182.0,5,5,1.4,90.2,7.8,39.2,36.4,55,143,1,80.0,Â∞èÂÜâ
uc0956156417f,5,1,13,315,50,120.0,129.0,4,4,2.6,63.0,10.0,30.0,32.25,61,65,1,20.0,antares
u11d82c3586b3,5,0,19,289,33,103.0,109.0,5,5,3.8,57.8,6.6,20.6,21.8,40,72,3,0.0,lingcen
u48a3b8508ba3,5,1,12,400,41,149.0,200.0,5,5,2.4,80.0,8.2,29.8,40.0,72,102,1,20.0,‰π¶ÁΩîÈóª
u545e40a892ba,5,1,10,493,30,190.0,240.0,5,5,2.0,98.6,6.0,38.0,48.0,93,105,1,20.0,xuty
cb3cf0858366,4,1,11,344,41,156.0,139.0,4,4,2.75,86.0,10.25,39.0,34.75,72,100,1,25.0,ÊîπÂì•
u11c86216fa1c,4,1,10,297,36,115.0,101.0,4,4,2.5,74.25,9.0,28.75,25.25,49,99,1,25.0,scatoladesu
9313f0dd5768,4,0,12,353,31,126.0,184.0,4,4,3.0,88.25,7.75,31.5,46.0,66,105,2,0.0,mooncity2
1f756f986b89,4,1,7,417,38,108.0,197.0,4,4,1.75,104.25,9.5,27.0,49.25,93,124,1,25.0,kimty
u4220ecf3651c,4,1,9,255,32,121.0,103.0,4,4,2.25,63.75,8.0,30.25,25.75,51,97,1,25.0,langqiu
a44c15b60f07,4,0,12,264,23,79.0,110.0,3,3,3.0,66.0,5.75,26.33,36.67,53,73,2,0.0,ÁâßÊÆá
u16bc63b17298,4,2,8,241,32,126.0,98.0,4,4,2.0,60.25,8.0,31.5,24.5,55,65,1,50.0,Á∫¢ÁÉßÁèäÁëöÈ±º
u7cfc13e9ec9f,4,1,10,377,38,145.0,119.0,4,4,2.5,94.25,9.5,36.25,29.75,55,112,1,25.0,Ê©òÈõ™ËéâÂ∞èÁà±
u771fb35bbe0f,4,1,11,269,43,135.0,114.0,4,4,2.75,67.25,10.75,33.75,28.5,48,86,1,25.0,ÁªàÊú´ÁîµËΩ¶
u7e41dc608300,4,0,14,222,26,100.0,86.0,4,4,3.5,55.5,6.5,25.0,21.5,39,75,3,0.0,chrissy
uefc011328868,4,0,15,210,23,88.0,113.0,4,4,3.75,52.5,5.75,22.0,28.25,35,64,3,0.0,badwoman
322ed467ae60,4,2,10,-164,32,201.0,202.0,4,4,2.5,-41.0,8.0,50.25,50.5,-464,132,1,50.0,wanghaozhe
f593b9eed4fd,4,0,14,330,28,159.0,180.0,4,4,3.5,82.5,7.0,39.75,45.0,71,93,3,0.0,teemomillion
u428f8c15376d,4,0,14,231,24,103.0,155.0,4,4,3.5,57.75,6.0,25.75,38.75,37,112,2,0.0,wnywny123
u832f1fa63eb3,4,1,11,364,26,137.0,172.0,4,4,2.75,91.0,6.5,34.25,43.0,59,107,1,25.0,‰ø°Âáõ
708d7d1a4377,4,0,13,345,38,115.0,175.0,4,4,3.25,86.25,9.5,28.75,43.75,72,98,3,0.0,jerry81333
c5d9f1e54674,4,0,15,282,25,127.0,144.0,4,4,3.75,70.5,6.25,31.75,36.0,45,97,3,0.0,minosa
u586d367a184d,4,1,8,392,42,153.0,147.0,4,4,2.0,98.0,10.5,38.25,36.75,90,110,1,25.0,ÂΩíÊù•
u85990554580c,4,0,11,277,43,146.0,133.0,4,4,2.75,69.25,10.75,36.5,33.25,64,79,2,0.0,poidesu3814
u53596b8312a7,4,0,15,276,38,115.0,105.0,4,4,3.75,69.0,9.5,28.75,26.25,56,80,3,0.0,niven
uc3731936845f,4,2,10,417,29,171.0,191.0,4,4,2.5,104.25,7.25,42.75,47.75,53,146,1,50.0,hephait
u8826f88621c7,4,1,11,279,21,122.0,129.0,4,4,2.75,69.75,5.25,30.5,32.25,57,81,1,25.0,Êó†ÊïåÂ§ßÁªø
u8923ac3007dd,4,2,9,340,24,127.0,163.0,4,4,2.25,85.0,6.0,31.75,40.75,55,112,1,50.0,Â∞èÂè∑
u8e72e824d589,4,0,14,232,32,117.0,84.0,4,4,3.5,58.0,8.0,29.25,21.0,46,85,2,0.0,jz258
39bd7db8afa5,4,1,8,294,30,160.0,98.0,4,4,2.0,73.5,7.5,40.0,24.5,61,86,1,25.0,noorder
udde6bf61ba56,4,2,7,399,45,135.0,185.0,4,4,1.75,99.75,11.25,33.75,46.25,95,107,1,50.0,Â≠êÂø†ÂòâÂêà
ueae0cff29077,4,1,7,306,38,162.0,123.0,4,4,1.75,76.5,9.5,40.5,30.75,60,91,1,25.0,ÈïøÁêÜÁîµÊ∞îno1
ua522d8b05d43,4,2,7,389,23,167.0,145.0,4,4,1.75,97.25,5.75,41.75,36.25,67,118,1,50.0,Â∞èÁÜäÁå´Áå´Áå´
u6a3b2a961886,4,0,13,246,22,123.0,94.0,4,4,3.25,61.5,5.5,30.75,23.5,54,72,2,0.0,hying
ue61398504819,4,1,11,250,24,174.0,65.0,4,4,2.75,62.5,6.0,43.5,16.25,40,82,1,25.0,zrh
ucc8695768420,4,0,11,270,36,141.0,116.0,4,4,2.75,67.5,9.0,35.25,29.0,61,77,2,0.0,3226075131
uba7349e7d5f8,4,2,7,314,38,119.0,117.0,4,4,1.75,78.5,9.5,29.75,29.25,73,82,1,50.0,404-student
u9ddd08910546,4,1,9,340,41,152.0,148.0,4,4,2.25,85.0,10.25,38.0,37.0,67,95,1,25.0,Ê∑±Ê©ôÊµÖÊ©ô1102
uba4e8d8c5e23,4,0,14,246,27,116.0,99.0,4,4,3.5,61.5,6.75,29.0,24.75,41,86,2,0.0,alex861504
59ce7a2bfade,4,1,10,262,28,113.0,95.0,3,3,2.5,65.5,7.0,37.67,31.67,37,85,1,25.0,ÁôΩÈì∂
ee9dccf5da41,4,2,10,359,35,112.0,178.0,4,4,2.5,89.75,8.75,28.0,44.5,65,118,1,50.0,pokerzzz
u60f093b8432b,4,0,13,314,32,136.0,115.0,4,4,3.25,78.5,8.0,34.0,28.75,71,92,2,0.0,ytythahaha
1c4298faa03b,4,1,9,263,22,108.0,146.0,4,4,2.25,65.75,5.5,27.0,36.5,50,81,1,25.0,kingofweisuo
1c808236b9a4,4,1,11,338,30,154.0,115.0,4,4,2.75,84.5,7.5,38.5,28.75,58,114,1,25.0,ËéâËéâ
ufd1c11d3d204,4,2,7,392,33,161.0,172.0,4,4,1.75,98.0,8.25,40.25,43.0,82,130,1,50.0,qfsm000
u1b894f0abe44,4,2,6,337,38,147.0,153.0,4,4,1.5,84.25,9.5,36.75,38.25,65,97,1,50.0,lipu
32bfb3f9a500,4,0,11,319,24,130.0,184.0,4,4,2.75,79.75,6.0,32.5,46.0,63,119,2,0.0,rjw
u2556a7bdafb4,4,2,8,386,25,180.0,131.0,4,4,2.0,96.5,6.25,45.0,32.75,64,146,1,50.0,ÈΩêÈ©¨Ëìù
9ee340255db1,4,0,8,408,28,149.0,210.0,4,4,2.0,102.0,7.0,37.25,52.5,69,120,2,0.0,Ê∞∏Ëøú
ddb4611be4d9,4,1,8,369,25,169.0,118.0,4,4,2.0,92.25,6.25,42.25,29.5,75,111,1,25.0,duoyu111
u7236bc23b6ec,4,0,13,265,36,137.0,124.0,4,4,3.25,66.25,9.0,34.25,31.0,37,82,3,0.0,etc
uc02fb242a57c,4,0,13,206,27,113.0,96.0,4,4,3.25,51.5,6.75,28.25,24.0,47,55,2,0.0,fx
ba5d78cee742,4,4,4,584,31,203.0,256.0,4,4,1.0,146.0,7.75,50.75,64.0,109,182,1,100.0,ÂåóÂ∑ù
u70e7173ba11d,4,1,10,349,33,138.0,199.0,4,4,2.5,87.25,8.25,34.5,49.75,65,117,1,25.0,È∫¶Âç°‰º¶
b5b18392d531,4,0,12,361,27,138.0,172.0,4,4,3.0,90.25,6.75,34.5,43.0,68,102,2,0.0,ÊúâÁÇπÊÄ™z
u1166f2d8889f,4,0,14,250,23,108.0,146.0,4,4,3.5,62.5,5.75,27.0,36.5,35,77,2,0.0,‰∏â‰Ωì
uf5bdb81e093e,4,2,7,388,33,158.0,174.0,4,4,1.75,97.0,8.25,39.5,43.5,73,115,1,50.0,Â∑¥Âçú
u4f4767ccd390,4,1,9,424,37,153.0,171.0,4,4,2.25,106.0,9.25,38.25,42.75,70,132,1,25.0,takumin
adaffd9d64d0,3,0,9,209,17,97.0,59.0,3,3,3.0,69.67,5.67,32.33,19.67,59,87,2,0.0,ÂçÅ‰∏É
ua72eff233258,3,0,9,221,20,84.0,139.0,3,3,3.0,73.67,6.67,28.0,46.33,69,77,3,0.0,ËêåÊñ∞ÊúàËâ≤
ud5ce44a3743a,3,1,5,298,15,128.0,117.0,3,3,1.667,99.33,5.0,42.67,39.0,77,117,1,33.33,ÁéâÁ±≥Èù¢
u2085f4d4d25b,3,0,12,132,18,68.0,75.0,3,3,4.0,44.0,6.0,22.67,25.0,38,47,4,0.0,wq
u26a1338ca127,3,1,7,248,29,111.0,99.0,3,3,2.333,82.67,9.67,37.0,33.0,62,107,1,33.33,snitch1412
7c7e5eaba90f,3,0,7,203,18,101.0,69.0,3,3,2.333,67.67,6.0,33.67,23.0,50,80,2,0.0,‰∏çÂ¶ÇÂéüÁ•û
6bcbb72b2696,3,0,7,255,24,107.0,104.0,3,3,2.333,85.0,8.0,35.67,34.67,63,105,2,0.0,joe
62b235a5c382,3,0,10,-1679,25,105.0,168.0,3,3,3.333,-559.67,8.33,35.0,56.0,-1281,48,2,0.0,hqlf
ua6bbb16bbe3d,3,2,6,174,19,102.0,66.0,3,3,2.0,58.0,6.33,34.0,22.0,47,74,1,66.67,vikiy
ua6a6ff7c11b5,3,0,12,196,29,129.0,70.0,3,3,4.0,65.33,9.67,43.0,23.33,58,74,4,0.0,altria
u28cdd46d2807,3,2,6,220,18,116.0,52.0,3,3,2.0,73.33,6.0,38.67,17.33,72,75,1,66.67,horipse
ud3ada8bb4d05,3,2,4,292,19,117.0,145.0,3,3,1.333,97.33,6.33,39.0,48.33,86,118,1,66.67,fdpat04
93833d8b6163,3,1,6,226,24,102.0,97.0,3,3,2.0,75.33,8.0,34.0,32.33,55,87,1,33.33,wmsnow
ufaaa4461d658,3,0,8,193,23,85.0,63.0,3,3,2.667,64.33,7.67,28.33,21.0,54,77,2,0.0,vuuv
ub127e12e716d,3,0,8,199,32,98.0,74.0,3,3,2.667,66.33,10.67,32.67,24.67,60,70,2,0.0,zhongye
u2d5c1705fe93,3,0,11,194,23,92.0,91.0,3,3,3.667,64.67,7.67,30.67,30.33,54,80,3,0.0,‰∏çÁ™Ñ
ufec7a25ae2a6,3,1,6,178,23,94.0,52.0,3,3,2.0,59.33,7.67,31.33,17.33,53,63,1,33.33,Áéã‰∏É
ud0568adebc26,3,1,8,208,30,62.0,64.0,2,2,2.667,69.33,10.0,31.0,32.0,51,82,1,33.33,enderhl
ud0152010cfe7,3,2,6,249,24,83.0,145.0,3,3,2.0,83.0,8.0,27.67,48.33,52,103,1,66.67,ËçâÈ±º
u22c299652197,3,0,9,271,28,116.0,129.0,3,3,3.0,90.33,9.33,38.67,43.0,89,92,2,0.0,arashi02
8da7d2cdd0a6,3,0,11,150,17,97.0,62.0,3,3,3.667,50.0,5.67,32.33,20.67,44,56,3,0.0,Á´•ËØù
8f2e5eac0cda,3,1,6,218,22,103.0,73.0,3,3,2.0,72.67,7.33,34.33,24.33,60,96,1,33.33,nitrene
uc19a767f9798,3,0,9,167,25,96.0,69.0,3,3,3.0,55.67,8.33,32.0,23.0,46,61,2,0.0,xixu
1d1e63383e09,3,0,12,178,18,78.0,81.0,3,3,4.0,59.33,6.0,26.0,27.0,43,68,4,0.0,ÁÅ´ÊòüÁõëÁã±ÊîπÈÄ†ÁßØÊûÅÂàÜÂ≠ê
ub3c19b5c0394,3,1,6,354,21,116.0,267.0,3,3,2.0,118.0,7.0,38.67,89.0,103,130,1,33.33,ÊµÆÁîüÊó†Ê¢¶
u20a7e1f67b6c,3,0,8,249,23,73.0,90.0,2,2,2.667,83.0,7.67,36.5,45.0,68,97,2,0.0,Ê≠≥Êúà
ub1cdc9500227,3,1,9,189,25,89.0,72.0,3,3,3.0,63.0,8.33,29.67,24.0,48,83,1,33.33,ÈõæÈõ®ÂíñÂñ±
91b9bfa9b05e,3,0,10,186,22,91.0,59.0,3,3,3.333,62.0,7.33,30.33,19.67,55,75,2,0.0,Ëèú‰∏Å
uc40f09c22475,3,0,11,193,22,112.0,67.0,3,3,3.667,64.33,7.33,37.33,22.33,55,79,3,0.0,qxl
824d9ae64cc6,3,0,10,167,24,92.0,69.0,3,3,3.333,55.67,8.0,30.67,23.0,51,61,2,0.0,ÊÑöËÄÖ
ufc061de9e7c9,3,0,9,225,27,93.0,89.0,3,3,3.0,75.0,9.0,31.0,29.67,66,81,2,0.0,Êà¶„Çè„Å™„Åë„Çå„Å∞Ê≠ª„Å¨
uaf7cda1b3f96,3,1,5,221,23,103.0,68.0,3,3,1.667,73.67,7.67,34.33,22.67,64,81,1,33.33,blxg
9389aeb858c3,3,0,10,165,24,107.0,93.0,3,3,3.333,55.0,8.0,35.67,31.0,45,67,3,0.0,requiemia
u343914bdfe86,3,2,5,251,16,132.0,83.0,3,3,1.667,83.67,5.33,44.0,27.67,79,87,1,66.67,konan
uaccdd996a51f,3,1,5,232,16,90.0,120.0,3,3,1.667,77.33,5.33,30.0,40.0,60,99,1,33.33,Â∞èwish
9bd35e1d778b,3,1,7,298,31,90.0,138.0,3,3,2.333,99.33,10.33,30.0,46.0,72,142,1,33.33,ffz36
ucf889e8ad7a5,3,1,6,227,18,91.0,79.0,3,3,2.0,75.67,6.0,30.33,26.33,59,90,1,33.33,rance
ud2f4fade62f9,3,3,3,244,30,110.0,105.0,3,3,1.0,81.33,10.0,36.67,35.0,69,96,1,100.0,cyx
ufb109feda27a,3,0,8,208,30,78.0,100.0,3,3,2.667,69.33,10.0,26.0,33.33,43,87,2,0.0,ploire
uc3dfeac0f7c1,3,2,6,237,18,108.0,91.0,3,3,2.0,79.0,6.0,36.0,30.33,49,99,1,66.67,Â∞èÂíåÂ∞ö
uaad9ddb4433c,3,2,4,263,24,110.0,101.0,3,3,1.333,87.67,8.0,36.67,33.67,74,103,1,66.67,nep
u3be47ade0bd4,3,0,12,186,28,87.0,79.0,3,3,4.0,62.0,9.33,29.0,26.33,55,68,4,0.0,Ëë´Ëä¶Â®É
uf470a1480c6f,3,1,8,216,32,102.0,73.0,3,3,2.667,72.0,10.67,34.0,24.33,59,79,1,33.33,femme
45a14879585d,3,0,9,228,22,112.0,60.0,3,3,3.0,76.0,7.33,37.33,20.0,60,98,2,0.0,ÂçéÈõÑ
u1a8182e1c836,3,0,8,276,31,96.0,91.0,3,3,2.667,92.0,10.33,32.0,30.33,82,110,2,0.0,sukitayo
u65cf71bbda10,3,2,6,297,29,135.0,76.0,3,3,2.0,99.0,9.67,45.0,25.33,87,112,1,66.67,928949719
uf66d6d9a36d0,3,0,8,203,30,71.0,64.0,2,2,2.667,67.67,10.0,35.5,32.0,58,84,2,0.0,zhushou2333
u46a5cb64aeb4,3,2,6,249,27,91.0,131.0,3,3,2.0,83.0,9.0,30.33,43.67,50,116,1,66.67,min
u677098933c1c,3,1,5,259,22,99.0,121.0,3,3,1.667,86.33,7.33,33.0,40.33,77,99,1,33.33,Â§öÂñùÊ©ôÊ±Å
ec493df64312,3,3,3,303,21,112.0,119.0,3,3,1.0,101.0,7.0,37.33,39.67,77,119,1,100.0,absol96
u1a7d5238121f,3,0,11,181,20,98.0,92.0,3,3,3.667,60.33,6.67,32.67,30.67,43,76,3,0.0,Ê∞¥Êô∂
e15715f0c35d,3,2,4,297,31,117.0,131.0,3,3,1.333,99.0,10.33,39.0,43.67,73,125,1,66.67,yiannis
2f7494e9d3a0,3,1,6,240,25,104.0,89.0,3,3,2.0,80.0,8.33,34.67,29.67,71,94,1,33.33,183454241
uf8dd04fc1875,3,0,9,191,30,69.0,130.0,3,3,3.0,63.67,10.0,23.0,43.33,60,69,3,0.0,roland
u6f6cc22e6880,3,0,11,166,21,89.0,92.0,3,3,3.667,55.33,7.0,29.67,30.67,44,77,3,0.0,ÁªØÂ§ú
u6fe8d56b7309,3,0,8,197,28,89.0,96.0,3,3,2.667,65.67,9.33,29.67,32.0,64,67,2,0.0,liangpi
d31b527e4ef7,3,0,11,187,17,98.0,69.0,3,3,3.667,62.33,5.67,32.67,23.0,59,65,3,0.0,fengling
u1c44d966862f,3,0,10,182,27,85.0,98.0,3,3,3.333,60.67,9.0,28.33,32.67,51,69,2,0.0,err
65d0504e9e7c,3,2,4,277,25,115.0,132.0,3,3,1.333,92.33,8.33,38.33,44.0,88,100,1,66.67,‰∏ÄÁÅØ
fae8c21dad1a,3,1,6,239,21,123.0,96.0,3,3,2.0,79.67,7.0,41.0,32.0,71,85,1,33.33,lizard009
fc4bdf9c9eca,3,1,8,234,20,102.0,116.0,3,3,2.667,78.0,6.67,34.0,38.67,42,108,1,33.33,catcher1234
u7a25849c2ebd,3,1,5,232,15,121.0,57.0,3,3,1.667,77.33,5.0,40.33,19.0,64,89,1,33.33,Êù®ÊñΩÁì¶Ê†º
u1246af92721c,3,2,4,282,32,113.0,105.0,3,3,1.333,94.0,10.67,37.67,35.0,73,106,1,66.67,silainmaou
uf2390cd4836b,3,0,11,167,30,102.0,92.0,3,3,3.667,55.67,10.0,34.0,30.67,51,60,3,0.0,waaaa
u1504829f2660,3,3,3,249,24,103.0,121.0,3,3,1.0,83.0,8.0,34.33,40.33,58,101,1,100.0,Áæ§Êòü
u4fa6d95cb881,3,2,4,334,17,123.0,134.0,3,3,1.333,111.33,5.67,41.0,44.67,94,129,1,66.67,seventeen
u139945287160,3,0,8,193,25,103.0,93.0,3,3,2.667,64.33,8.33,34.33,31.0,63,66,2,0.0,ÂõæÂçó2025
uecffabffe8df,3,0,8,202,18,84.0,76.0,3,3,2.667,67.33,6.0,28.0,25.33,57,74,2,0.0,abcde
u130fba59dcc2,3,3,3,289,25,118.0,101.0,3,3,1.0,96.33,8.33,39.33,33.67,78,124,1,100.0,Ê±âÂ†°ÂåÖ
141c3a29fa52,3,0,7,278,28,88.0,124.0,3,3,2.333,92.67,9.33,29.33,41.33,88,96,2,0.0,steamriki
u18b2dfeeb55e,3,0,8,202,22,86.0,115.0,3,3,2.667,67.33,7.33,28.67,38.33,58,84,2,0.0,jbhfpku
u579e4921eb69,3,0,10,212,27,102.0,83.0,3,3,3.333,70.67,9.0,34.0,27.67,48,86,2,0.0,ÊöÆÊúà
u5a829f836cfc,3,0,10,200,19,80.0,124.0,3,3,3.333,66.67,6.33,26.67,41.33,52,88,3,0.0,abutuoke
u5e39c49b44d4,3,1,8,250,19,90.0,131.0,3,3,2.667,83.33,6.33,30.0,43.67,72,104,1,33.33,nagasaki
u5e7bfe0068b4,3,1,7,237,19,98.0,104.0,3,3,2.333,79.0,6.33,32.67,34.67,62,100,1,33.33,chieribot
u5fe884ea0df2,3,0,10,282,28,58.0,93.0,2,2,3.333,94.0,9.33,29.0,46.5,68,108,2,0.0,lazy1021
u606291e201d5,3,1,5,226,19,109.0,124.0,3,3,1.667,75.33,6.33,36.33,41.33,67,92,1,33.33,arcticus
u79369c0e3b7e,3,3,3,265,17,124.0,87.0,3,3,1.0,88.33,5.67,41.33,29.0,82,94,1,100.0,ÊçèÈ∫ªÈ∫ªÂú∞
uf8f47e95eac7,3,0,11,174,24,103.0,84.0,3,3,3.667,58.0,8.0,34.33,28.0,43,68,3,0.0,Á©∫ÂøÉÁ•û
u99c9f8f49715,3,1,5,221,29,99.0,61.0,3,3,1.667,73.67,9.67,33.0,20.33,68,78,1,33.33,aa-‰ª£Êâì‰ª£ÁªÉ
u8892a146e358,3,1,6,302,34,97.0,146.0,3,3,2.0,100.67,11.33,32.33,48.67,78,112,1,33.33,Ê¨ßÈò≥Âè∏Êú∫
u27d435e41823,3,2,4,320,19,108.0,161.0,3,3,1.333,106.67,6.33,36.0,53.67,73,144,1,66.67,luoxiao
u9a7c645c3751,3,0,9,197,17,111.0,82.0,3,3,3.0,65.67,5.67,37.0,27.33,54,74,2,0.0,zslzsl
u7cb47e59a1c7,3,0,11,154,15,75.0,54.0,3,3,3.667,51.33,5.0,25.0,18.0,44,61,3,0.0,ÁâßÁâõÊµÅÈ©¨
3a07a0245b83,3,1,5,248,17,119.0,100.0,3,3,1.667,82.67,5.67,39.67,33.33,68,104,1,33.33,ddxy
b300769c6269,3,0,8,231,22,123.0,103.0,3,3,2.667,77.0,7.33,41.0,34.33,67,89,2,0.0,ÊîØÊîØ
u3d3a770d9b25,3,1,8,222,21,114.0,77.0,3,3,2.667,74.0,7.0,38.0,25.67,56,102,1,33.33,mapliar
u8b8636bed8d0,3,0,12,166,30,65.0,88.0,3,3,4.0,55.33,10.0,21.67,29.33,48,60,4,0.0,hanaseikai
2ae4d2235399,3,2,4,267,27,114.0,129.0,3,3,1.333,89.0,9.0,38.0,43.0,62,119,1,66.67,ÁñØÊ≥ïÂ∏à
u8a40e86a2e9b,3,2,5,314,33,103.0,114.0,3,3,1.667,104.67,11.0,34.33,38.0,85,132,1,66.67,Èïø‰∏â
ude7cc7a9b2a0,3,3,3,251,18,118.0,82.0,3,3,1.0,83.67,6.0,39.33,27.33,80,86,1,100.0,funny
u1e23dfdbfa69,3,0,10,169,25,62.0,83.0,3,3,3.333,56.33,8.33,20.67,27.67,53,62,3,0.0,mkspencer233
ude355e10534e,3,1,6,240,26,108.0,108.0,3,3,2.0,80.0,8.67,36.0,36.0,55,104,1,33.33,namedal
38d8e3fdd892,3,2,4,237,25,120.0,113.0,3,3,1.333,79.0,8.33,40.0,37.67,78,81,1,66.67,È∫¶ÂÖãÊñØÈü¶
u9e3719160091,3,0,9,198,25,93.0,104.0,3,3,3.0,66.0,8.33,31.0,34.67,65,67,3,0.0,Â••Êú¨Êµ∑Èªò
ca90f1372734,3,0,6,237,21,123.0,113.0,3,3,2.0,79.0,7.0,41.0,37.67,63,105,2,0.0,Áî∞‰∫å
u80a09ce69f74,3,1,7,217,27,107.0,99.0,3,3,2.333,72.33,9.0,35.67,33.0,51,95,1,33.33,‰∏ÄÈÉ®ÂàÜ‰∫∫
c6e15a2e99c8,3,0,8,223,19,94.0,115.0,3,3,2.667,74.33,6.33,31.33,38.33,61,96,2,0.0,ÊàëË∂ÖÂá∂ÁöÑ
38371e26eb09,3,0,7,248,29,98.0,97.0,3,3,2.333,82.67,9.67,32.67,32.33,68,95,2,0.0,keyangkeyang666
u3ed3ded0ec5e,3,1,6,221,29,105.0,85.0,3,3,2.0,73.67,9.67,35.0,28.33,65,82,1,33.33,Â§ßËã±Ë≠¶ÂØü
udf856e1bf05e,3,2,4,210,24,106.0,89.0,3,3,1.333,70.0,8.0,35.33,29.67,65,80,1,66.67,ÊÑöÈ±º‰∫éÂÆáËÇ≤Ê∏îÂüü
ud902ede97a03,3,3,3,323,29,130.0,146.0,3,3,1.0,107.67,9.67,43.33,48.67,68,143,1,100.0,ÁöÆÂ∞îÂò∂
5f8b2f92bb1b,2,0,4,209,13,69.0,122.0,2,2,2.0,104.5,6.5,34.5,61.0,88,121,2,0.0,522630
2beee8801c2a,2,1,4,205,17,82.0,76.0,2,2,2.0,102.5,8.5,41.0,38.0,93,112,1,50.0,ÊâìËÑ∏Âì•
ued69bf35c038,2,0,8,114,15,56.0,52.0,2,2,4.0,57.0,7.5,28.0,26.0,47,67,4,0.0,kawasakitaki
ud8e0e8453130,2,0,6,138,18,81.0,50.0,2,2,3.0,69.0,9.0,40.5,25.0,67,71,3,0.0,seele
ueef8ce60a0a8,2,1,5,127,14,71.0,34.0,2,2,2.5,63.5,7.0,35.5,17.0,39,88,1,50.0,neko
ufa5ee7d4ac4d,2,0,6,89,14,57.0,33.0,2,2,3.0,44.5,7.0,28.5,16.5,42,47,2,0.0,linxi
2e4694f1a92d,2,1,5,152,11,73.0,52.0,2,2,2.5,76.0,5.5,36.5,26.0,63,89,1,50.0,Â•∂Áâõ
uce366f4e7452,2,0,5,110,17,48.0,40.0,2,2,2.5,55.0,8.5,24.0,20.0,54,56,2,0.0,happysheep
ucf4fa7169547,2,2,2,129,13,81.0,17.0,2,2,1.0,64.5,6.5,40.5,8.5,64,65,1,100.0,ÊØîÁøºÈæôÊ∏ä
ud49887f95c37,2,0,8,133,21,70.0,73.0,2,2,4.0,66.5,10.5,35.0,36.5,62,71,4,0.0,miss cat
uebec078ca50d,2,1,5,151,17,73.0,74.0,2,2,2.5,75.5,8.5,36.5,37.0,54,97,1,50.0,Ëè†ËêùÂ∞èÁ¨ºÂåÖ
uebace003e1f4,2,1,3,202,23,70.0,58.0,2,2,1.5,101.0,11.5,35.0,29.0,90,112,1,50.0,xqqqqq
4db643ee2548,2,0,7,154,21,73.0,74.0,2,2,3.5,77.0,10.5,36.5,37.0,69,85,3,0.0,È•ΩÈ•Ω
1eaa851a54e7,2,0,8,112,15,56.0,69.0,2,2,4.0,56.0,7.5,28.0,34.5,52,60,4,0.0,adonkey
5e3b92010006,2,0,7,176,16,63.0,83.0,2,2,3.5,88.0,8.0,31.5,41.5,70,106,3,0.0,reignslei
ue9e2744d6428,2,1,3,194,20,76.0,74.0,2,2,1.5,97.0,10.0,38.0,37.0,95,99,1,50.0,yushanbao
34fb260b5198,2,2,2,182,16,68.0,113.0,2,2,1.0,91.0,8.0,34.0,56.5,74,108,1,100.0,Âà∂Ë£ÅËãèÊÄªÁöÑÈªÑsir
22e0f97b8ec7,2,0,7,113,16,60.0,49.0,2,2,3.5,56.5,8.0,30.0,24.5,48,65,3,0.0,ËØóÁºò
ue04625a9f7f6,2,2,2,159,15,78.0,61.0,2,2,1.0,79.5,7.5,39.0,30.5,62,97,1,100.0,litianping
4c30e054df22,2,2,2,204,16,88.0,65.0,2,2,1.0,102.0,8.0,44.0,32.5,94,110,1,100.0,ws14159
19b32659a584,2,1,4,135,10,61.0,37.0,2,2,2.0,67.5,5.0,30.5,18.5,48,87,1,50.0,unnamed
32b187c7c87d,2,0,7,115,11,47.0,48.0,2,2,3.5,57.5,5.5,23.5,24.0,47,68,3,0.0,fanhua
ud34f4872d502,2,1,5,187,24,105.0,70.0,2,2,2.5,93.5,12.0,52.5,35.0,72,115,1,50.0,ÂãáÊï¢ÁâõÈ©¨
390c9a894acd,2,2,2,252,14,116.0,91.0,2,2,1.0,126.0,7.0,58.0,45.5,83,169,1,100.0,ÂèåÂ≠ê
ue9071a0d634b,2,0,4,130,15,61.0,58.0,2,2,2.0,65.0,7.5,30.5,29.0,53,77,2,0.0,voicer
5227c4dc32ab,2,0,5,188,16,87.0,65.0,2,2,2.5,94.0,8.0,43.5,32.5,85,103,2,0.0,Â¶πÊéß
42379d275bbe,2,0,5,148,16,79.0,69.0,2,2,2.5,74.0,8.0,39.5,34.5,70,78,2,0.0,suyiteng
udb5a069df585,2,0,7,118,22,68.0,44.0,2,2,3.5,59.0,11.0,34.0,22.0,52,66,3,0.0,vicsage
ue97f2d87944b,2,0,8,105,10,54.0,52.0,2,2,4.0,52.5,5.0,27.0,26.0,49,56,4,0.0,lyy
ud9f57184e5a8,2,2,2,146,21,70.0,76.0,2,2,1.0,73.0,10.5,35.0,38.0,70,76,1,100.0,sheng
ucfc2db02c260,2,0,7,153,16,60.0,52.0,2,2,3.5,76.5,8.0,30.0,26.0,75,78,3,0.0,ËåπÊ¢¶
uf6586ec28673,2,0,6,135,18,50.0,46.0,1,1,3.0,67.5,9.0,50.0,46.0,42,93,2,0.0,Â°ûÂ∞îÂ®Ö
u277fb59c91bf,2,0,5,218,19,84.0,98.0,2,2,2.5,109.0,9.5,42.0,49.0,89,129,2,0.0,chiyo0131
ucb243e85eab6,2,1,3,146,18,70.0,63.0,2,2,1.5,73.0,9.0,35.0,31.5,69,77,1,50.0,captain
u6e42416b4fa0,2,1,5,183,17,67.0,89.0,2,2,2.5,91.5,8.5,33.5,44.5,50,133,1,50.0,Â£´ÈÅìÈ∏¢Áßç
u4f38266e650d,2,0,8,101,17,46.0,52.0,2,2,4.0,50.5,8.5,23.0,26.0,47,54,4,0.0,jojo123
u4f7b6bd0c8af,2,0,6,121,20,73.0,43.0,2,2,3.0,60.5,10.0,36.5,21.5,57,64,3,0.0,Â∞èËÉúÈôà
u13f74f340b5d,2,0,7,158,22,61.0,91.0,2,2,3.5,79.0,11.0,30.5,45.5,50,108,3,0.0,jtb0701
u13aceb7fba28,2,0,4,141,12,61.0,65.0,2,2,2.0,70.5,6.0,30.5,32.5,67,74,2,0.0,Ëãè‰∏ñ
u51c5336da75d,2,0,5,121,16,71.0,47.0,2,2,2.5,60.5,8.0,35.5,23.5,51,70,2,0.0,1224798779
u52b3d78e30ef,2,0,8,130,15,19.0,24.0,1,1,4.0,65.0,7.5,19.0,24.0,53,77,4,0.0,Âπ≤Áâπ
u1327ad97cdef,2,0,6,149,19,73.0,61.0,2,2,3.0,74.5,9.5,36.5,30.5,68,81,3,0.0,Èì±Êòü
u5314570ee9eb,2,0,5,106,14,77.0,31.0,2,2,2.5,53.0,7.0,38.5,15.5,43,63,2,0.0,maozhuzi
u11fa7b8259df,2,1,4,148,15,79.0,54.0,2,2,2.0,74.0,7.5,39.5,27.0,63,85,1,50.0,dogfly
u565f90551d3e,2,0,7,142,12,53.0,69.0,2,2,3.5,71.0,6.0,26.5,34.5,60,82,3,0.0,birdpig
u5791c0c0606c,2,0,7,117,19,67.0,63.0,2,2,3.5,58.5,9.5,33.5,31.5,51,66,3,0.0,sanshui
u58b1a0def4be,2,0,6,107,16,51.0,45.0,2,2,3.0,53.5,8.0,25.5,22.5,50,57,3,0.0,ÊàëÂèº‰Ω†Â¶à
u594949fa1277,2,0,6,127,21,58.0,73.0,2,2,3.0,63.5,10.5,29.0,36.5,45,82,2,0.0,ÊÖéÁã¨ssy
u5b4438057778,2,1,4,186,21,85.0,90.0,2,2,2.0,93.0,10.5,42.5,45.0,90,96,1,50.0,ËØ∑Âè´ÊàëÁÅ´ÂçéÊ°ë
u119bf1445b23,2,0,8,111,15,61.0,64.0,2,2,4.0,55.5,7.5,30.5,32.0,49,62,4,0.0,Â∞èÊΩò
ffec2985a098,2,1,4,192,14,53.0,96.0,2,2,2.0,96.0,7.0,26.5,48.0,68,124,1,50.0,aptx4869
u60a72b8ddbee,2,0,5,136,14,63.0,49.0,2,2,2.5,68.0,7.0,31.5,24.5,47,89,2,0.0,ÊºÇÈÇ£‰∏™ÊµÆ
u62a7d5737b5b,2,0,8,116,11,65.0,44.0,2,2,4.0,58.0,5.5,32.5,22.0,47,69,4,0.0,empty_zhm
u637a8cd12e58,2,1,4,138,18,62.0,55.0,2,2,2.0,69.0,9.0,31.0,27.5,67,71,1,50.0,Êà¥ÊñØËíô
f246de47bed0,2,0,5,122,13,50.0,64.0,2,2,2.5,61.0,6.5,25.0,32.0,44,78,2,0.0,827717358
u6798c732ac39,2,0,5,152,22,68.0,53.0,2,2,2.5,76.0,11.0,34.0,26.5,73,79,2,0.0,ÁâõÈÄºËΩ∞ËΩ∞ÁöÑËÉΩÈáèÁì∂Â∞è‰ºôÂÑøÔºÅ
ee663dfbfa69,2,2,2,238,14,81.0,141.0,2,2,1.0,119.0,7.0,40.5,70.5,87,151,1,100.0,ÁâßÁæä‰∫∫
u6c909670abfe,2,0,6,105,12,49.0,54.0,2,2,3.0,52.5,6.0,24.5,27.0,51,54,3,0.0,little moster
u4e84c62299ea,2,1,5,159,16,56.0,82.0,2,2,2.5,79.5,8.0,28.0,41.0,59,100,1,50.0,shoval
u4e4bd389b8f3,2,0,8,133,18,63.0,57.0,2,2,4.0,66.5,9.0,31.5,28.5,65,68,4,0.0,mmm672345
u1513bbcae7d4,2,0,8,84,12,54.0,51.0,2,2,4.0,42.0,6.0,27.0,25.5,38,46,4,0.0,184
u3bec7da9f607,2,0,6,167,20,73.0,101.0,2,2,3.0,83.5,10.0,36.5,50.5,75,92,3,0.0,ÈòøÊ¨¢Ê¨¢Ê¨¢
u217939028231,2,0,7,155,17,70.0,60.0,2,2,3.5,77.5,8.5,35.0,30.0,64,91,3,0.0,ÁÇπÂ≠ê
u2d7fb6f964e6,2,1,4,160,12,60.0,86.0,2,2,2.0,80.0,6.0,30.0,43.0,63,97,1,50.0,ÈÇ™ÊÅ∂boss
u2d99dde04a5b,2,0,6,142,13,51.0,57.0,2,2,3.0,71.0,6.5,25.5,28.5,52,90,3,0.0,ÂìàÂì•
u21726466e46b,2,1,4,189,13,71.0,98.0,2,2,2.0,94.5,6.5,35.5,49.0,89,100,1,50.0,Ê≥ïÂêëÈáè
u2fb8509a6df3,2,0,6,145,15,63.0,53.0,2,2,3.0,72.5,7.5,31.5,26.5,54,91,2,0.0,swws
u30c6e89d6385,2,0,7,80,14,60.0,33.0,2,2,3.5,40.0,7.0,30.0,16.5,38,42,3,0.0,mayo
u32affef991ca,2,0,7,152,24,73.0,72.0,2,2,3.5,76.0,12.0,36.5,36.0,76,76,3,0.0,Áå´Áå´Â§¥
u20a0a27c048d,2,0,8,114,18,52.0,64.0,2,2,4.0,57.0,9.0,26.0,32.0,54,60,4,0.0,ÂåóËæ∞
u343a603bfdf1,2,0,6,115,13,47.0,56.0,2,2,3.0,57.5,6.5,23.5,28.0,41,74,2,0.0,carlo573
u345e53c10ee7,2,2,2,194,19,77.0,77.0,2,2,1.0,97.0,9.5,38.5,38.5,87,107,1,100.0,ice_change
u4038249a7b11,2,0,5,206,22,76.0,81.0,2,2,2.5,103.0,11.0,38.0,40.5,95,111,2,0.0,razorzzz
u4ca2bf1641ed,2,1,3,169,22,58.0,67.0,2,2,1.5,84.5,11.0,29.0,33.5,84,85,1,50.0,nobody
u1c4c924106ef,2,2,2,213,20,84.0,69.0,2,2,1.0,106.5,10.0,42.0,34.5,87,126,1,100.0,cloud
u43bd3a9c3eb1,2,0,6,124,12,67.0,55.0,2,2,3.0,62.0,6.0,33.5,27.5,52,72,3,0.0,ÈòøÈí∞
u44a7b83b09e3,2,0,8,122,18,68.0,88.0,2,2,4.0,61.0,9.0,34.0,44.0,59,63,4,0.0,lingdang
u1aafafb0f845,2,1,3,172,18,76.0,79.0,2,2,1.5,86.0,9.0,38.0,39.5,78,94,1,50.0,5-3
u44c483e131c1,2,0,8,71,13,47.0,52.0,2,2,4.0,35.5,6.5,23.5,26.0,35,36,4,0.0,zhuzi
u18fce18b580f,2,1,5,220,11,64.0,90.0,2,2,2.5,110.0,5.5,32.0,45.0,57,163,1,50.0,Âùèb
u46cdaba59281,2,2,2,171,17,93.0,59.0,2,2,1.0,85.5,8.5,46.5,29.5,77,94,1,100.0,shallowvir
u479e4c13ad25,2,0,6,182,22,76.0,68.0,2,2,3.0,91.0,11.0,38.0,34.0,73,109,3,0.0,mcx
u1809b1a9d2d3,2,1,5,167,12,71.0,100.0,2,2,2.5,83.5,6.0,35.5,50.0,76,91,1,50.0,ripples
u167482ca8de5,2,0,8,103,16,67.0,45.0,2,2,4.0,51.5,8.0,33.5,22.5,49,54,4,0.0,ÊàëË¶ÅÁßçÊ†ë
u6d71dc3f03f1,2,1,3,177,20,89.0,58.0,2,2,1.5,88.5,10.0,44.5,29.0,81,96,1,50.0,alley-caesar
u6eb9cf2c3641,2,0,6,129,10,58.0,36.0,2,2,3.0,64.5,5.0,29.0,18.0,59,70,2,0.0,ÁªàÊò•Âáù
ucad2b2faf403,2,0,7,117,11,55.0,53.0,2,2,3.5,58.5,5.5,27.5,26.5,42,75,3,0.0,‰∏ÉÊúà‰∏éÂÜ∞Ê∑áÊ∑ã
u6ed59bc32151,2,0,7,109,12,61.0,15.0,2,2,3.5,54.5,6.0,30.5,7.5,50,59,3,0.0,Êûó‰πãÁà∂
ua2927f8dca5d,2,0,8,112,15,45.0,55.0,2,2,4.0,56.0,7.5,22.5,27.5,44,68,4,0.0,7x
ua2a2d97d7937,2,0,8,121,20,78.0,60.0,2,2,4.0,60.5,10.0,39.0,30.0,55,66,4,0.0,metroleo
a7c93d48d96d,2,0,6,137,17,62.0,62.0,2,2,3.0,68.5,8.5,31.0,31.0,68,69,3,0.0,biaodi
ua6add19293f2,2,1,3,134,16,56.0,46.0,2,2,1.5,67.0,8.0,28.0,23.0,57,77,1,50.0,azzhh
9f16a77b9dfd,2,0,8,111,13,49.0,72.0,2,2,4.0,55.5,6.5,24.5,36.0,49,62,4,0.0,dogelas
ua913e741dcd5,2,1,4,179,18,76.0,76.0,2,2,2.0,89.5,9.0,38.0,38.0,78,101,1,50.0,Ëä±Âç∑
uab40f804bf17,2,1,5,158,12,62.0,95.0,2,2,2.5,79.0,6.0,31.0,47.5,48,110,1,50.0,pyrrhus
ub559cc098229,2,1,5,134,14,57.0,77.0,2,2,2.5,67.0,7.0,28.5,38.5,31,103,1,50.0,efhk
ub6aacd4ce2df,2,1,4,210,21,53.0,107.0,2,2,2.0,105.0,10.5,26.5,53.5,100,110,1,50.0,cqdelinzi
ub9134a1787a8,2,0,8,148,19,40.0,79.0,2,2,4.0,74.0,9.5,20.0,39.5,57,91,4,0.0,Ëç∑Ëõã
ub92358251d85,2,0,6,119,12,58.0,44.0,2,2,3.0,59.5,6.0,29.0,22.0,59,60,2,0.0,zt
ub9d521e06c3e,2,1,4,130,16,55.0,53.0,2,2,2.0,65.0,8.0,27.5,26.5,63,67,1,50.0,xyh
uba6e8de85d7d,2,1,3,197,19,86.0,71.0,2,2,1.5,98.5,9.5,43.0,35.5,98,99,1,50.0,yuy
89f1c507bebd,2,1,3,181,18,66.0,89.0,2,2,1.5,90.5,9.0,33.0,44.5,84,97,1,50.0,45
ubf01abed7e58,2,0,5,185,24,64.0,64.0,2,2,2.5,92.5,12.0,32.0,32.0,87,98,2,0.0,kiss
uc19bfac53cd6,2,0,8,101,17,51.0,46.0,2,2,4.0,50.5,8.5,25.5,23.0,39,62,4,0.0,assassinmo
8367faa6305f,2,1,3,168,14,81.0,51.0,2,2,1.5,84.0,7.0,40.5,25.5,82,86,1,50.0,zhangcheng
uc26149a6fd25,2,2,2,180,20,79.0,92.0,2,2,1.0,90.0,10.0,39.5,46.0,73,107,1,100.0,ÊûóÁæΩ
uc28e327cb7b1,2,1,3,163,19,63.0,70.0,2,2,1.5,81.5,9.5,31.5,35.0,76,87,1,50.0,alley
7250ced91fd6,2,1,3,157,17,74.0,63.0,2,2,1.5,78.5,8.5,37.0,31.5,78,79,1,50.0,sanduo
70c3f7cfe1eb,2,1,5,126,16,38.0,31.0,1,1,2.5,63.0,8.0,38.0,31.0,37,89,1,50.0,xixo
uc7027cd025dc,2,0,7,152,16,73.0,72.0,2,2,3.5,76.0,8.0,36.5,36.0,55,97,3,0.0,ÈùíÈ∏æqwq
uc72987a84c09,2,1,3,160,17,73.0,50.0,2,2,1.5,80.0,8.5,36.5,25.0,78,82,1,50.0,hirah
ua1cb032a2ddc,2,0,5,103,11,61.0,51.0,2,2,2.5,51.5,5.5,30.5,25.5,51,52,2,0.0,ËææËææ
b1dcfe037b21,2,1,4,210,13,88.0,94.0,2,2,2.0,105.0,6.5,44.0,47.0,81,129,1,50.0,Á°´ÈÖ∏Èí°ÂºèÈáè233
ua0e37107a5b9,2,0,5,189,20,70.0,106.0,2,2,2.5,94.5,10.0,35.0,53.0,77,112,2,0.0,idoit
u89aa7048cf37,2,0,5,94,14,58.0,53.0,2,2,2.5,47.0,7.0,29.0,26.5,44,50,2,0.0,Â¢®È±º‰∏∏123
u745e63d1dfc5,2,0,5,139,12,56.0,58.0,2,2,2.5,69.5,6.0,28.0,29.0,49,90,2,0.0,È∫ªÁìú
u7c36da709da5,2,0,6,195,21,54.0,99.0,2,2,3.0,97.5,10.5,27.0,49.5,92,103,2,0.0,ÂáâÊ±ü
u828c525a8dc1,2,2,2,177,21,83.0,59.0,2,2,1.0,88.5,10.5,41.5,29.5,85,92,1,100.0,Âê¥Êñá‰ºü
u84b335200370,2,0,6,144,11,65.0,52.0,2,2,3.0,72.0,5.5,32.5,26.0,66,78,3,0.0,ÂïµÂïµÂÆáÂÆùÂÆù
u8542c8ad261c,2,0,5,144,12,49.0,50.0,2,2,2.5,72.0,6.0,24.5,25.0,66,78,2,0.0,Ê•ìËèØ
c41cd9aa00f3,2,0,8,113,16,51.0,69.0,2,2,4.0,56.5,8.0,25.5,34.5,43,70,4,0.0,maggiezheng
c38d78201c1a,2,1,5,153,12,95.0,41.0,2,2,2.5,76.5,6.0,47.5,20.5,76,77,1,50.0,twer
u876cab515385,2,2,2,111,14,66.0,36.0,2,2,1.0,55.5,7.0,33.0,18.0,50,61,1,100.0,apple
u883b59e98005,2,1,4,170,19,76.0,74.0,2,2,2.0,85.0,9.5,38.0,37.0,66,104,1,50.0,greymk
u894d30bc0737,2,2,2,256,20,87.0,142.0,2,2,1.0,128.0,10.0,43.5,71.0,86,170,1,100.0,ÊØõÊØõ
c05937ad2314,2,1,3,211,12,78.0,107.0,2,2,1.5,105.5,6.0,39.0,53.5,51,160,1,50.0,ÊôöÈíü
u9fdf9c2ccd16,2,0,6,116,16,38.0,60.0,2,2,3.0,58.0,8.0,19.0,30.0,52,64,3,0.0,adam1203
u89e8985305e2,2,0,8,94,17,56.0,48.0,2,2,4.0,47.0,8.5,28.0,24.0,44,50,4,0.0,beiyuan
u8c22b3aebbc6,2,1,4,144,14,97.0,41.0,2,2,2.0,72.0,7.0,48.5,20.5,56,88,1,50.0,ÁÅ´ÊòüÁå´
u8d82c082188d,2,0,6,182,22,60.0,80.0,2,2,3.0,91.0,11.0,30.0,40.0,84,98,3,0.0,Ëú©Áøº
u8e7647d3922e,2,0,6,128,13,67.0,34.0,2,2,3.0,64.0,6.5,33.5,17.0,44,84,2,0.0,Â∞èÁèÄÂ∞î
u9245e3a0605b,2,0,4,136,16,68.0,49.0,2,2,2.0,68.0,8.0,34.0,24.5,65,71,2,0.0,ÁÉ≠ÂøÉÂ∏ÇÊ∞ë1ÂÖàÁîü
u92972e8c3d4f,2,1,4,179,20,85.0,65.0,2,2,2.0,89.5,10.0,42.5,32.5,84,95,1,50.0,ÁôΩÊ≠¶Áî∑
bc3c336de363,2,0,5,174,16,83.0,71.0,2,2,2.5,87.0,8.0,41.5,35.5,66,108,2,0.0,Â∞èÂøÉÂ∞èÊñ∞Â∞èÊòü
u94c1478ff958,2,0,6,178,17,83.0,69.0,2,2,3.0,89.0,8.5,41.5,34.5,78,100,2,0.0,liz0203
u953b71df6d74,2,0,5,147,20,74.0,54.0,2,2,2.5,73.5,10.0,37.0,27.0,66,81,2,0.0,Âè´Âè´Âì•Âì•
u9ebc40a0dfa7,2,0,8,104,15,61.0,60.0,2,2,4.0,52.0,7.5,30.5,30.0,48,56,4,0.0,ÁÜäÁå´Â§¥
uff664b401924,2,0,4,220,19,62.0,79.0,2,2,2.0,110.0,9.5,31.0,39.5,106,114,2,0.0,wings
