user_id,generations,game_count,max_score,max_cards_played,avg_score,avg_cards_played,user_name
13f9446ad048,4,8,85,26.0,69.75,20.75,6mmmm
13f9446ad048,5,17,110,46.0,82.24,29.59,6mmmm
13f9446ad048,6,11,145,71.0,95.0,42.0,6mmmm
13f9446ad048,7,6,203,94.0,122.17,52.83,6mmmm
141c3a29fa52,8,1,94,33.0,94.0,33.0,steamriki
141c3a29fa52,10,2,96,54.0,92.0,45.5,steamriki
1637240fb98f,5,4,81,44.0,78.25,25.75,点点
1637240fb98f,6,3,90,18.0,88.67,14.67,点点
1637240fb98f,7,2,89,40.0,79.0,33.0,点点
1637240fb98f,8,2,100,51.0,94.0,41.5,点点
1637240fb98f,9,1,103,46.0,103.0,46.0,点点
181fafd4960c,4,1,66,21.0,66.0,21.0,wjcxymy
181fafd4960c,5,5,88,42.0,77.0,33.0,wjcxymy
181fafd4960c,6,9,129,70.0,92.22,42.38,wjcxymy
181fafd4960c,7,1,117,57.0,117.0,57.0,wjcxymy
193d7a57381c,4,1,57,17.0,57.0,17.0,martin
193d7a57381c,5,7,78,27.0,65.71,20.86,martin
193d7a57381c,6,21,92,35.0,72.1,23.48,martin
193d7a57381c,7,37,124,50.0,82.84,32.03,martin
193d7a57381c,8,27,118,59.0,93.15,37.59,martin
193d7a57381c,9,3,123,54.0,110.67,44.67,martin
19b32659a584,4,1,48,12.0,48.0,12.0,unnamed
19b32659a584,6,1,87,25.0,87.0,25.0,unnamed
19ed288a5ec9,4,2,54,22.0,48.5,19.5,bsylh
19ed288a5ec9,5,38,97,65.0,68.87,29.32,bsylh
19ed288a5ec9,6,37,123,54.0,75.16,34.11,bsylh
19ed288a5ec9,7,11,169,75.0,95.91,45.18,bsylh
1c4298faa03b,5,2,58,31.0,54.0,30.5,kingofweisuo
1c4298faa03b,6,2,81,47.0,77.5,42.5,kingofweisuo
1c808236b9a4,7,2,88,25.0,73.0,25.0,莉莉
1c808236b9a4,8,2,114,33.0,96.0,32.5,莉莉
1d1e63383e09,5,1,43,23.0,43.0,23.0,火星监狱改造积极分子
1d1e63383e09,6,1,68,33.0,68.0,33.0,火星监狱改造积极分子
1d1e63383e09,7,1,67,25.0,67.0,25.0,火星监狱改造积极分子
1e6dac6d16e2,6,2,231,110.0,192.0,97.5,yuan
1e6dac6d16e2,7,3,102,52.0,91.0,43.0,yuan
1e6dac6d16e2,8,3,157,105.0,114.33,70.0,yuan
1eaa851a54e7,7,1,60,32.0,60.0,32.0,adonkey
1eaa851a54e7,8,1,52,37.0,52.0,37.0,adonkey
1f71e23ff3c4,4,6,72,34.0,55.17,25.0,xiyue
1f71e23ff3c4,5,34,104,58.0,64.91,30.71,xiyue
1f71e23ff3c4,6,21,122,66.0,83.67,40.38,xiyue
1f71e23ff3c4,7,7,127,60.0,104.71,51.29,xiyue
1f756f986b89,9,3,101,56.0,97.67,48.67,kimty
1f756f986b89,11,1,124,51.0,124.0,51.0,kimty
20a57d8251ab,5,5,74,34.0,57.2,27.6,wuser
20a57d8251ab,6,4,80,44.0,64.0,32.0,wuser
20a57d8251ab,7,2,120,64.0,109.0,62.0,wuser
22e0f97b8ec7,8,2,65,28.0,56.5,24.5,诗缘
23d55973c44b,4,1,45,16.0,45.0,16.0,Huasong
23d55973c44b,5,13,89,33.0,65.31,24.31,Huasong
23d55973c44b,6,12,82,45.0,70.58,29.67,Huasong
23d55973c44b,7,4,86,34.0,79.5,28.67,Huasong
2437e5810ba1,5,3,83,29.0,66.33,24.67,xiaojiang
2437e5810ba1,6,9,103,52.0,78.89,33.0,xiaojiang
2437e5810ba1,7,4,101,55.0,83.5,39.25,xiaojiang
2450c74ea170,4,2,50,29.0,45.0,27.0,晓黑
2450c74ea170,5,3,92,49.0,54.67,30.67,晓黑
2450c74ea170,6,2,69,36.0,68.5,31.5,晓黑
2450c74ea170,7,2,107,71.0,98.0,68.5,晓黑
24c089f92bbe,7,9,77,26.0,63.0,19.89,老王
24c089f92bbe,8,25,124,60.0,81.0,26.92,老王
24c089f92bbe,9,20,112,54.0,88.65,35.65,老王
24c089f92bbe,10,5,122,48.0,96.4,34.0,老王
24c089f92bbe,11,1,92,30.0,92.0,30.0,老王
25aeedfe4791,3,1,41,9.0,41.0,9.0,囧囧打人
25aeedfe4791,4,1,52,16.0,52.0,16.0,囧囧打人
25aeedfe4791,5,10,96,53.0,76.7,28.1,囧囧打人
25aeedfe4791,6,9,118,65.0,94.33,36.89,囧囧打人
25aeedfe4791,7,1,34,27.0,34.0,27.0,囧囧打人
2ae4d2235399,7,1,62,34.0,62.0,34.0,疯法师
2ae4d2235399,9,1,86,33.0,86.0,33.0,疯法师
2ae4d2235399,11,1,119,62.0,119.0,62.0,疯法师
2beee8801c2a,8,1,93,41.0,93.0,41.0,打脸哥
2beee8801c2a,9,1,112,35.0,112.0,35.0,打脸哥
2d6fc80f3e8b,5,2,94,44.0,71.0,39.5,彩虹
2d6fc80f3e8b,6,1,26,,26.0,,彩虹
2d6fc80f3e8b,8,3,109,71.0,95.67,45.67,彩虹
2d6fc80f3e8b,9,1,110,59.0,110.0,59.0,彩虹
2d6fc80f3e8b,10,1,175,81.0,175.0,81.0,彩虹
2d8d33416cd1,4,1,61,19.0,61.0,19.0,铃铛
2d8d33416cd1,6,5,150,70.0,107.2,50.6,铃铛
2d8d33416cd1,7,2,136,57.0,88.0,42.0,铃铛
2d8d33416cd1,8,1,112,67.0,112.0,67.0,铃铛
2dd9eda81d36,3,1,52,13.0,52.0,13.0,雪櫻
2dd9eda81d36,4,22,70,27.0,53.64,15.36,雪櫻
2dd9eda81d36,5,52,96,47.0,66.98,23.92,雪櫻
2dd9eda81d36,6,35,111,65.0,79.63,31.23,雪櫻
2dd9eda81d36,7,6,118,69.0,97.17,48.33,雪櫻
2e4694f1a92d,5,1,63,20.0,63.0,20.0,奶牛
2e4694f1a92d,6,1,89,32.0,89.0,32.0,奶牛
2f05a8da42fe,4,12,75,29.0,57.58,21.42,吴用之人
2f05a8da42fe,5,39,104,53.0,72.05,33.33,吴用之人
2f05a8da42fe,6,44,170,99.0,86.57,37.98,吴用之人
2f05a8da42fe,7,5,180,93.0,121.2,56.6,吴用之人
2f48d358bdc1,7,3,62,34.0,60.33,31.67,dddzzz
2f48d358bdc1,8,1,57,32.0,57.0,32.0,dddzzz
2f48d358bdc1,9,3,110,52.0,93.67,45.0,dddzzz
2f7494e9d3a0,7,1,75,29.0,75.0,29.0,183454241
2f7494e9d3a0,8,1,71,29.0,71.0,29.0,183454241
2f7494e9d3a0,10,1,94,31.0,94.0,31.0,183454241
2fc3e9b6d3fc,7,1,78,25.0,78.0,25.0,kahala
2fc3e9b6d3fc,8,3,143,78.0,117.0,57.33,kahala
2fc3e9b6d3fc,9,7,137,67.0,103.86,50.0,kahala
2fc3e9b6d3fc,10,2,124,77.0,107.0,63.0,kahala
322ed467ae60,7,1,48,25.0,48.0,25.0,wanghaozhe
322ed467ae60,8,2,132,75.0,126.0,63.0,wanghaozhe
322ed467ae60,9,1,-464,51.0,-464.0,51.0,wanghaozhe
32b187c7c87d,4,1,47,15.0,47.0,15.0,fanhua
32b187c7c87d,7,1,68,33.0,68.0,33.0,fanhua
32bfb3f9a500,5,1,63,26.0,63.0,26.0,rjw
32bfb3f9a500,6,2,70,41.0,68.5,40.5,rjw
32bfb3f9a500,7,1,119,77.0,119.0,77.0,rjw
342cabe8d426,4,1,33,,33.0,,仁者无敌
342cabe8d426,6,3,66,21.0,53.0,21.0,仁者无敌
342cabe8d426,7,1,68,,68.0,,仁者无敌
34506382475d,5,3,93,40.0,75.67,38.33,awaker
34506382475d,6,4,114,56.0,100.75,46.0,awaker
34fb260b5198,7,1,74,39.0,74.0,39.0,制裁苏总的黄sir
34fb260b5198,9,1,108,74.0,108.0,74.0,制裁苏总的黄sir
38371e26eb09,9,1,68,26.0,68.0,26.0,keyangkeyang666
38371e26eb09,10,2,95,38.0,90.0,35.5,keyangkeyang666
38d8e3fdd892,8,2,81,52.0,79.5,45.0,麦克斯韦
38d8e3fdd892,9,1,78,23.0,78.0,23.0,麦克斯韦
390c9a894acd,6,1,83,14.0,83.0,14.0,双子
390c9a894acd,8,1,169,77.0,169.0,77.0,双子
39b331a5bc50,4,3,59,17.0,49.67,11.0,wanxiangchengguan
39b331a5bc50,5,16,98,54.0,70.62,29.75,wanxiangchengguan
39b331a5bc50,6,37,106,57.0,76.0,30.8,wanxiangchengguan
39b331a5bc50,7,18,125,61.0,92.06,39.35,wanxiangchengguan
39bd7db8afa5,7,2,66,25.0,63.5,19.0,noorder
39bd7db8afa5,8,2,86,34.0,83.5,30.0,noorder
3a07a0245b83,5,1,68,27.0,68.0,27.0,ddxy
3a07a0245b83,6,2,104,38.0,90.0,36.5,ddxy
3bdf301973af,4,3,70,20.0,66.33,16.67,海贼王
3bdf301973af,5,8,76,38.0,68.75,27.62,海贼王
3bdf301973af,6,19,104,54.0,83.74,35.47,海贼王
3bdf301973af,7,7,99,39.0,81.86,30.0,海贼王
3bdf301973af,8,1,64,25.0,64.0,25.0,海贼王
3bdf301973af,9,2,84,48.0,79.0,39.0,海贼王
42379d275bbe,7,1,70,23.0,70.0,23.0,suyiteng
42379d275bbe,9,1,78,46.0,78.0,46.0,suyiteng
45a14879585d,6,1,60,16.0,60.0,16.0,华雄
45a14879585d,7,1,70,16.0,70.0,16.0,华雄
45a14879585d,9,1,98,28.0,98.0,28.0,华雄
4c30e054df22,7,1,110,36.0,110.0,36.0,ws14159
4c30e054df22,9,1,94,29.0,94.0,29.0,ws14159
4d162aaeb27a,3,1,51,13.0,51.0,13.0,文远
4d162aaeb27a,4,1,63,19.0,63.0,19.0,文远
4d162aaeb27a,5,3,72,29.0,63.33,26.0,文远
4d162aaeb27a,6,9,100,39.0,78.67,30.22,文远
4d162aaeb27a,7,9,173,106.0,104.22,49.44,文远
4db643ee2548,10,1,69,28.0,69.0,28.0,饽饽
4db643ee2548,11,1,85,46.0,85.0,46.0,饽饽
5227c4dc32ab,8,2,103,44.0,94.0,32.5,妹控
52a7759f9f57,6,7,77,36.0,61.86,23.0,红茶
52a7759f9f57,7,2,85,34.0,75.0,29.5,红茶
52c1c5cbcd66,3,2,34,17.0,30.5,17.0,沐雨橙风
52c1c5cbcd66,4,16,63,32.0,49.81,18.88,沐雨橙风
52c1c5cbcd66,5,86,98,49.0,62.48,25.88,沐雨橙风
52c1c5cbcd66,6,89,123,63.0,74.43,34.2,沐雨橙风
52c1c5cbcd66,7,11,146,71.0,87.73,39.27,沐雨橙风
53f4723aa02b,4,3,76,27.0,63.0,25.0,yukikaze
53f4723aa02b,5,3,84,43.0,80.0,33.33,yukikaze
53f4723aa02b,6,9,104,52.0,75.78,36.67,yukikaze
53f4723aa02b,7,1,87,37.0,87.0,37.0,yukikaze
55ef2445c90c,4,3,58,13.0,57.67,10.0,乙木
55ef2445c90c,5,11,87,27.0,70.82,16.45,乙木
55ef2445c90c,6,10,103,46.0,76.0,30.6,乙木
55ef2445c90c,7,3,110,37.0,89.0,36.0,乙木
55ef2445c90c,8,1,46,15.0,46.0,15.0,乙木
57bb13ed49f0,6,2,94,19.0,87.0,17.0,guapi
57bb13ed49f0,7,4,84,31.0,78.25,28.75,guapi
57bb13ed49f0,8,2,103,41.0,91.0,37.0,guapi
57bb13ed49f0,9,1,108,30.0,108.0,30.0,guapi
585f0dda8b6d,6,1,79,26.0,79.0,26.0,啦啦啦
585f0dda8b6d,7,3,99,56.0,77.67,31.33,啦啦啦
585f0dda8b6d,8,7,119,54.0,91.14,34.14,啦啦啦
585f0dda8b6d,9,3,157,66.0,136.67,56.0,啦啦啦
59c7524c4759,5,3,101,21.0,81.67,19.67,月色
59c7524c4759,6,2,110,49.0,106.5,41.5,月色
59c7524c4759,7,7,95,51.0,79.14,30.43,月色
59c7524c4759,8,8,132,62.0,104.38,48.0,月色
59c7524c4759,9,1,115,67.0,115.0,67.0,月色
59ce7a2bfade,6,1,70,44.0,70.0,44.0,白银
59ce7a2bfade,7,2,85,26.0,77.5,25.5,白银
59ce7a2bfade,8,1,37,,37.0,,白银
5a66d1149dc6,5,3,73,24.0,62.67,18.33,darisen
5a66d1149dc6,6,4,101,53.0,74.0,34.5,darisen
5a66d1149dc6,7,2,126,70.0,112.5,43.5,darisen
5a66d1149dc6,8,1,95,43.0,95.0,43.0,darisen
5a77942689b3,7,3,116,66.0,100.67,54.0,wrzzqg
5a77942689b3,8,1,100,63.0,100.0,63.0,wrzzqg
5a77942689b3,9,1,178,110.0,178.0,110.0,wrzzqg
5d35c7163f45,5,1,57,23.0,57.0,23.0,蓝蓝鹿
5d35c7163f45,6,1,64,25.0,64.0,25.0,蓝蓝鹿
5d35c7163f45,7,3,78,36.0,74.0,33.0,蓝蓝鹿
5d35c7163f45,8,14,100,61.0,86.29,39.36,蓝蓝鹿
5d35c7163f45,9,2,122,47.0,103.0,41.5,蓝蓝鹿
5e1f49e741d3,5,5,84,24.0,66.2,21.4,月姬
5e1f49e741d3,6,22,96,33.0,71.32,25.91,月姬
5e1f49e741d3,7,54,119,48.0,75.89,28.57,月姬
5e1f49e741d3,8,43,141,55.0,94.53,36.6,月姬
5e1f49e741d3,9,6,112,48.0,96.17,40.5,月姬
5e3b92010006,8,2,106,42.0,88.0,41.5,reignslei
5f2df2684d33,7,3,96,47.0,72.67,37.33,小z
5f2df2684d33,8,2,91,47.0,88.0,46.5,小z
5f2df2684d33,9,3,117,54.0,98.0,53.0,小z
5f2df2684d33,10,2,125,52.0,98.0,52.0,小z
5f8b2f92bb1b,6,1,88,43.0,88.0,43.0,522630
5f8b2f92bb1b,7,1,121,79.0,121.0,79.0,522630
62b235a5c382,8,2,48,72.0,-616.5,46.0,hqlf
62b235a5c382,9,1,-446,76.0,-446.0,76.0,hqlf
63805e509cbe,5,7,96,45.0,77.0,31.43,九方蠡
63805e509cbe,6,12,103,49.0,84.83,30.73,九方蠡
63805e509cbe,7,1,128,60.0,128.0,60.0,九方蠡
63a95e5e4dc8,4,4,72,15.0,65.0,14.25,12345
63a95e5e4dc8,5,10,90,22.0,73.2,16.6,12345
63a95e5e4dc8,6,30,123,49.0,74.3,20.23,12345
63a95e5e4dc8,7,29,128,62.0,88.38,27.07,12345
63a95e5e4dc8,8,13,110,55.0,94.38,33.69,12345
657101df5f14,5,12,88,37.0,61.92,25.42,听风聆雨
657101df5f14,6,22,96,57.0,71.0,39.36,听风聆雨
657101df5f14,7,7,124,49.0,92.29,39.14,听风聆雨
657101df5f14,8,1,73,49.0,73.0,49.0,听风聆雨
657101df5f14,9,1,79,32.0,79.0,32.0,听风聆雨
65d0504e9e7c,7,1,88,37.0,88.0,37.0,一灯
65d0504e9e7c,8,1,100,66.0,100.0,66.0,一灯
65d0504e9e7c,10,1,89,29.0,89.0,29.0,一灯
67e848d68eac,6,3,74,43.0,61.33,30.0,tmbisheng
67e848d68eac,7,5,89,44.0,77.6,36.2,tmbisheng
67e848d68eac,8,7,103,57.0,92.71,47.57,tmbisheng
69215eb418a5,4,11,134,75.0,71.55,30.91,钝钝
69215eb418a5,5,43,126,66.0,86.14,39.14,钝钝
69215eb418a5,6,40,182,98.0,106.88,55.12,钝钝
69215eb418a5,7,9,226,133.0,131.89,66.33,钝钝
69215eb418a5,8,1,156,71.0,156.0,71.0,钝钝
69e4b39d9a1e,5,1,72,19.0,72.0,19.0,地球弹射装置
69e4b39d9a1e,6,3,67,44.0,61.0,40.0,地球弹射装置
69e4b39d9a1e,7,9,114,65.0,87.44,47.56,地球弹射装置
69e4b39d9a1e,8,9,126,75.0,99.67,57.89,地球弹射装置
6bcbb72b2696,8,3,105,47.0,85.0,34.67,joe
6c622219e074,7,3,81,47.0,74.0,44.67,1h111
6c622219e074,8,1,115,38.0,115.0,38.0,1h111
6c622219e074,9,1,155,78.0,155.0,78.0,1h111
6d226d2ca405,4,2,62,21.0,58.5,20.5,Automuen
6d226d2ca405,5,3,67,24.0,58.33,21.67,Automuen
6d226d2ca405,6,3,84,63.0,69.0,38.67,Automuen
6d226d2ca405,7,1,72,24.0,72.0,24.0,Automuen
6d226d2ca405,8,1,127,57.0,127.0,57.0,Automuen
702c931a9f7c,7,2,76,35.0,73.0,31.0,天天是好天
702c931a9f7c,8,6,155,80.0,112.67,55.5,天天是好天
702c931a9f7c,9,9,137,63.0,87.89,44.0,天天是好天
702c931a9f7c,10,3,199,90.0,152.0,74.67,天天是好天
708d7d1a4377,9,3,93,49.0,82.33,44.67,jerry81333
708d7d1a4377,11,1,98,41.0,98.0,41.0,jerry81333
70c3f7cfe1eb,8,2,89,31.0,63.0,31.0,xixo
723b8d61b666,5,6,63,31.0,55.5,26.0,书记
723b8d61b666,6,40,86,45.0,67.92,27.68,书记
723b8d61b666,7,88,120,70.0,79.31,34.39,书记
723b8d61b666,8,82,149,66.0,100.07,43.72,书记
723b8d61b666,9,14,157,72.0,121.21,52.93,书记
7250ced91fd6,8,1,79,30.0,79.0,30.0,sanduo
7250ced91fd6,9,1,78,33.0,78.0,33.0,sanduo
772804213466,4,3,86,47.0,67.67,30.67,useful
772804213466,5,9,92,41.0,71.67,29.11,useful
772804213466,6,18,127,64.0,92.17,40.17,useful
772804213466,7,8,143,62.0,97.62,40.0,useful
772804213466,8,1,83,58.0,83.0,58.0,useful
772804213466,9,2,78,43.0,73.0,32.5,useful
7c7e5eaba90f,5,1,50,14.0,50.0,14.0,不如原神
7c7e5eaba90f,6,1,73,26.0,73.0,26.0,不如原神
7c7e5eaba90f,7,1,80,29.0,80.0,29.0,不如原神
7d4b2bcea3b2,4,2,43,20.0,40.5,19.0,fenyue
7d4b2bcea3b2,5,4,76,30.0,61.0,25.0,fenyue
7d4b2bcea3b2,6,1,87,34.0,87.0,34.0,fenyue
7e81b837a36a,4,2,66,24.0,58.5,20.5,水鬼
7e81b837a36a,5,35,112,58.0,70.89,33.59,水鬼
7e81b837a36a,6,37,156,94.0,96.51,49.65,水鬼
7e81b837a36a,7,19,172,77.0,111.0,58.58,水鬼
7e81b837a36a,8,1,477,341.0,477.0,341.0,水鬼
8068f8baa976,4,14,75,23.0,58.57,15.43,raaaay
8068f8baa976,5,46,99,51.0,67.0,24.89,raaaay
8068f8baa976,6,104,145,57.0,80.98,32.07,raaaay
8068f8baa976,7,31,178,91.0,100.19,42.32,raaaay
8068f8baa976,8,1,147,109.0,147.0,109.0,raaaay
823f1dbb2191,5,2,68,20.0,63.0,19.5,眼镜胡地
823f1dbb2191,6,25,84,33.0,66.8,24.12,眼镜胡地
823f1dbb2191,7,46,115,44.0,81.07,30.0,眼镜胡地
823f1dbb2191,8,37,150,60.0,102.24,37.81,眼镜胡地
823f1dbb2191,9,6,132,53.0,117.67,37.83,眼镜胡地
824d9ae64cc6,7,1,61,27.0,61.0,27.0,愚者
824d9ae64cc6,8,1,51,21.0,51.0,21.0,愚者
824d9ae64cc6,9,1,55,21.0,55.0,21.0,愚者
8367faa6305f,5,1,82,14.0,82.0,14.0,zhangcheng
8367faa6305f,9,1,86,37.0,86.0,37.0,zhangcheng
84892b708d36,5,1,60,,60.0,,wjy吴才
84892b708d36,6,4,96,38.0,68.75,27.75,wjy吴才
84892b708d36,7,2,101,46.0,94.5,39.5,wjy吴才
84892b708d36,8,1,98,35.0,98.0,35.0,wjy吴才
89f1c507bebd,8,1,84,50.0,84.0,50.0,45
89f1c507bebd,10,1,97,39.0,97.0,39.0,45
8becbf6c6dd2,5,2,53,25.0,47.5,20.5,无情的命运
8becbf6c6dd2,6,4,98,60.0,83.5,42.5,无情的命运
8becbf6c6dd2,7,3,97,49.0,73.0,28.33,无情的命运
8c4980d6b1cb,5,4,66,28.0,53.25,21.25,匆匆
8c4980d6b1cb,6,3,81,42.0,71.67,30.67,匆匆
8c4980d6b1cb,7,2,94,37.0,61.5,28.0,匆匆
8c4980d6b1cb,8,1,116,57.0,116.0,57.0,匆匆
8da7d2cdd0a6,5,1,56,25.0,56.0,25.0,童话
8da7d2cdd0a6,6,2,50,19.0,47.0,18.5,童话
8f2e5eac0cda,7,2,62,22.0,61.0,18.5,nitrene
8f2e5eac0cda,8,1,96,36.0,96.0,36.0,nitrene
8fb6a4df89a4,6,4,78,32.0,59.75,28.0,羊羊队立大功
8fb6a4df89a4,7,2,91,29.0,80.5,28.5,羊羊队立大功
8fb6a4df89a4,8,1,75,40.0,75.0,40.0,羊羊队立大功
9007426e7f53,4,6,79,30.0,69.33,23.17,Misaki
9007426e7f53,5,48,143,78.0,79.21,36.1,Misaki
9007426e7f53,6,73,141,71.0,93.33,43.04,Misaki
9007426e7f53,7,18,164,87.0,121.5,53.89,Misaki
9007426e7f53,8,1,127,85.0,127.0,85.0,Misaki
91b9bfa9b05e,7,2,56,24.0,55.5,20.0,菜丁
91b9bfa9b05e,8,1,75,19.0,75.0,19.0,菜丁
9313f0dd5768,7,1,89,45.0,89.0,45.0,mooncity2
9313f0dd5768,8,3,105,63.0,88.0,46.33,mooncity2
93833d8b6163,7,1,55,25.0,55.0,25.0,wmsnow
93833d8b6163,8,1,84,43.0,84.0,43.0,wmsnow
93833d8b6163,9,1,87,29.0,87.0,29.0,wmsnow
9389aeb858c3,7,1,45,26.0,45.0,26.0,requiemia
9389aeb858c3,8,1,53,30.0,53.0,30.0,requiemia
9389aeb858c3,9,1,67,37.0,67.0,37.0,requiemia
966fec459c13,6,1,47,10.0,47.0,10.0,hongquan
966fec459c13,7,2,88,28.0,75.5,21.0,hongquan
966fec459c13,8,7,96,37.0,81.57,23.43,hongquan
966fec459c13,9,4,106,48.0,92.75,39.25,hongquan
999c744cd7e3,5,1,66,25.0,66.0,25.0,业问
999c744cd7e3,6,2,93,47.0,88.5,38.5,业问
999c744cd7e3,7,7,107,61.0,90.29,45.86,业问
9bd35e1d778b,10,2,84,49.0,78.0,46.0,ffz36
9bd35e1d778b,11,1,142,46.0,142.0,46.0,ffz36
9c67be74271c,7,3,70,21.0,64.33,17.33,NPCXiGua
9c67be74271c,8,3,84,46.0,74.67,36.0,NPCXiGua
9c67be74271c,9,3,90,50.0,77.67,39.33,NPCXiGua
9cb246307229,4,1,65,27.0,65.0,27.0,ymlalala
9cb246307229,6,3,80,49.0,71.33,36.33,ymlalala
9cb246307229,7,1,62,28.0,62.0,28.0,ymlalala
9cccf3a9b11b,4,11,85,50.0,58.55,20.82,yz
9cccf3a9b11b,5,92,102,65.0,70.27,30.63,yz
9cccf3a9b11b,6,88,157,86.0,88.93,39.74,yz
9cccf3a9b11b,7,12,197,88.0,114.33,54.83,yz
9ee340255db1,6,1,69,38.0,69.0,38.0,永远
9ee340255db1,7,2,110,56.0,109.5,53.0,永远
9ee340255db1,8,1,120,66.0,120.0,66.0,永远
9f16a77b9dfd,6,1,49,35.0,49.0,35.0,dogelas
9f16a77b9dfd,7,1,62,37.0,62.0,37.0,dogelas
a27aaaff3576,4,1,45,19.0,45.0,19.0,black_UUZ
a27aaaff3576,5,7,80,36.0,68.86,29.14,black_UUZ
a27aaaff3576,6,8,109,61.0,86.62,44.62,black_UUZ
a27aaaff3576,7,1,87,50.0,87.0,50.0,black_UUZ
a44c15b60f07,5,1,53,,53.0,,牧殇
a44c15b60f07,6,3,73,39.0,70.33,36.67,牧殇
a6ac96546563,8,8,174,99.0,112.88,59.12,羊羊羊
a6ac96546563,9,6,141,70.0,103.83,52.83,羊羊羊
a6ac96546563,10,3,161,99.0,123.0,73.67,羊羊羊
a70796f6ce41,4,2,88,33.0,75.0,30.0,fklmgj
a70796f6ce41,5,3,91,43.0,85.33,36.67,fklmgj
a70796f6ce41,6,3,91,41.0,79.33,35.0,fklmgj
a70796f6ce41,7,1,85,38.0,85.0,38.0,fklmgj
a70796f6ce41,8,1,105,31.0,105.0,31.0,fklmgj
a7c93d48d96d,8,1,68,30.0,68.0,30.0,biaodi
a7c93d48d96d,9,1,69,32.0,69.0,32.0,biaodi
a9a7fa7803c8,4,10,75,25.0,55.5,16.8,moon
a9a7fa7803c8,5,26,83,36.0,63.73,23.27,moon
a9a7fa7803c8,6,59,133,70.0,77.75,34.32,moon
a9a7fa7803c8,7,20,128,68.0,89.95,41.95,moon
a9a7fa7803c8,8,1,94,38.0,94.0,38.0,moon
ad31531ee8d6,5,6,72,28.0,62.0,18.0,露肩靓仔
ad31531ee8d6,6,17,89,41.0,69.35,25.82,露肩靓仔
ad31531ee8d6,7,47,114,48.0,83.11,33.81,露肩靓仔
ad31531ee8d6,8,40,136,64.0,96.42,42.68,露肩靓仔
ad31531ee8d6,9,6,130,59.0,109.17,47.33,露肩靓仔
adaffd9d64d0,5,1,59,15.0,59.0,15.0,十七
adaffd9d64d0,6,2,87,32.0,75.0,22.0,十七
addb298f4557,5,8,79,34.0,68.62,26.38,风风
addb298f4557,6,26,163,83.0,84.15,36.96,风风
addb298f4557,7,8,127,54.0,98.62,38.38,风风
b0c02f859489,4,2,63,19.0,52.5,16.0,贝叶斯
b0c02f859489,5,16,118,62.0,75.75,32.88,贝叶斯
b0c02f859489,6,13,129,72.0,87.38,38.0,贝叶斯
b0c02f859489,7,1,124,83.0,124.0,83.0,贝叶斯
b1dcfe037b21,6,1,81,25.0,81.0,25.0,硫酸钡式量233
b1dcfe037b21,7,1,129,69.0,129.0,69.0,硫酸钡式量233
b1ecc21eba6b,7,3,123,47.0,80.67,31.0,任永旺
b1ecc21eba6b,8,1,56,38.0,56.0,38.0,任永旺
b1ecc21eba6b,9,1,105,49.0,105.0,49.0,任永旺
b300769c6269,7,2,89,43.0,78.0,39.5,支支
b300769c6269,8,1,75,24.0,75.0,24.0,支支
b5b18392d531,6,1,68,31.0,68.0,31.0,有点怪z
b5b18392d531,7,3,102,60.0,97.67,47.0,有点怪z
b75e9389bfa9,5,3,63,27.0,56.0,22.0,卧山看水
b75e9389bfa9,6,1,80,39.0,80.0,39.0,卧山看水
b75e9389bfa9,7,3,102,50.0,89.67,45.67,卧山看水
ba0b522902ed,4,2,54,15.0,50.5,12.5,hangrui
ba0b522902ed,5,4,74,25.0,58.5,19.75,hangrui
ba0b522902ed,6,4,66,34.0,62.0,24.75,hangrui
ba0b522902ed,7,1,65,25.0,65.0,25.0,hangrui
ba0b522902ed,8,1,127,48.0,127.0,48.0,hangrui
ba5d78cee742,7,1,109,44.0,109.0,44.0,北川
ba5d78cee742,8,3,182,79.0,158.33,70.67,北川
bc24309a5d68,4,1,52,18.0,52.0,18.0,muyu-a
bc24309a5d68,5,3,72,21.0,61.67,17.67,muyu-a
bc24309a5d68,6,10,111,56.0,74.9,38.1,muyu-a
bc24309a5d68,7,5,95,47.0,81.2,34.0,muyu-a
bc24309a5d68,8,1,45,18.0,45.0,18.0,muyu-a
bc3c336de363,7,1,66,25.0,66.0,25.0,小心小新小星
bc3c336de363,9,1,108,46.0,108.0,46.0,小心小新小星
bddeb4fa16a6,5,1,63,23.0,63.0,23.0,dai半仙
bddeb4fa16a6,6,1,87,41.0,87.0,41.0,dai半仙
bddeb4fa16a6,7,2,135,63.0,107.5,45.5,dai半仙
bddeb4fa16a6,8,1,74,38.0,74.0,38.0,dai半仙
bddeb4fa16a6,10,1,29,,29.0,,dai半仙
bfac2758259d,4,1,44,15.0,44.0,15.0,1494164074
bfac2758259d,6,2,65,30.0,63.5,27.5,1494164074
bfac2758259d,7,2,57,39.0,56.0,37.5,1494164074
bfac2758259d,8,1,40,24.0,40.0,24.0,1494164074
c05937ad2314,4,1,51,21.0,51.0,21.0,晚钟
c05937ad2314,8,1,160,86.0,160.0,86.0,晚钟
c1b6956fd829,3,1,52,20.0,52.0,20.0,万物
c1b6956fd829,4,9,65,30.0,49.89,20.56,万物
c1b6956fd829,5,64,241,140.0,74.8,38.58,万物
c1b6956fd829,6,109,209,119.0,94.77,51.33,万物
c1b6956fd829,7,36,208,105.0,111.42,57.49,万物
c1b6956fd829,8,2,140,75.0,121.5,59.0,万物
c1b6956fd829,9,1,117,53.0,117.0,53.0,万物
c38d78201c1a,5,1,76,8.0,76.0,8.0,twer
c38d78201c1a,7,1,77,33.0,77.0,33.0,twer
c41cd9aa00f3,7,1,43,24.0,43.0,24.0,maggiezheng
c41cd9aa00f3,9,1,70,45.0,70.0,45.0,maggiezheng
c4f6ba391723,4,3,68,19.0,55.67,17.0,liyo
c4f6ba391723,5,17,102,34.0,68.94,20.94,liyo
c4f6ba391723,6,41,121,73.0,81.56,33.93,liyo
c4f6ba391723,7,23,122,55.0,94.65,37.7,liyo
c5d9f1e54674,6,3,73,36.0,61.67,30.67,minosa
c5d9f1e54674,7,1,97,52.0,97.0,52.0,minosa
c6e15a2e99c8,5,1,66,23.0,66.0,23.0,我超凶的
c6e15a2e99c8,6,1,61,36.0,61.0,36.0,我超凶的
c6e15a2e99c8,8,1,96,56.0,96.0,56.0,我超凶的
c82433ca5ee7,4,1,45,30.0,45.0,30.0,一直
c82433ca5ee7,5,2,79,34.0,69.5,30.5,一直
c82433ca5ee7,6,2,93,43.0,86.5,35.5,一直
c92ad55e0060,4,6,73,34.0,53.67,20.67,lha123com
c92ad55e0060,5,16,88,42.0,66.62,29.0,lha123com
c92ad55e0060,6,31,104,55.0,73.0,38.16,lha123com
c92ad55e0060,7,10,130,57.0,106.3,48.0,lha123com
ca4b469227f9,4,3,50,24.0,47.0,17.67,荒野侦探2666
ca4b469227f9,5,19,105,48.0,62.47,29.37,荒野侦探2666
ca4b469227f9,6,22,111,66.0,78.05,39.14,荒野侦探2666
ca4b469227f9,7,8,107,80.0,89.38,56.12,荒野侦探2666
ca90f1372734,6,1,63,21.0,63.0,21.0,田二
ca90f1372734,7,1,69,28.0,69.0,28.0,田二
ca90f1372734,8,1,105,64.0,105.0,64.0,田二
cb3cf0858366,10,3,100,46.0,87.67,34.67,改哥
cb3cf0858366,11,1,81,35.0,81.0,35.0,改哥
cec0e3f37580,4,1,57,15.0,57.0,15.0,hikaru
cec0e3f37580,5,7,83,30.0,58.14,20.67,hikaru
cec0e3f37580,6,34,99,49.0,75.88,29.94,hikaru
cec0e3f37580,7,11,118,50.0,94.36,38.45,hikaru
cec0e3f37580,8,6,124,55.0,99.0,43.67,hikaru
cec0e3f37580,9,3,129,72.0,89.67,53.0,hikaru
d22f96066a9e,5,2,86,42.0,66.5,41.0,marquess
d22f96066a9e,6,4,67,29.0,50.75,21.25,marquess
d22f96066a9e,9,1,107,42.0,107.0,42.0,marquess
d31b527e4ef7,5,1,59,28.0,59.0,28.0,fengling
d31b527e4ef7,6,2,65,24.0,64.0,20.5,fengling
d6b023ce7046,7,2,69,43.0,66.0,34.5,shorst
d6b023ce7046,9,1,112,67.0,112.0,67.0,shorst
d6b023ce7046,10,2,146,68.0,142.0,63.5,shorst
d785f217ef6a,4,4,64,32.0,56.75,23.0,小音
d785f217ef6a,5,12,119,69.0,74.67,35.0,小音
d785f217ef6a,6,27,130,70.0,95.26,45.11,小音
d785f217ef6a,7,8,139,75.0,110.12,58.25,小音
d9a8b3f4fe62,4,1,48,24.0,48.0,24.0,no3c
d9a8b3f4fe62,5,7,92,40.0,71.29,27.29,no3c
d9a8b3f4fe62,6,2,91,42.0,70.5,38.0,no3c
ddb4611be4d9,5,1,75,14.0,75.0,14.0,duoyu111
ddb4611be4d9,6,1,98,36.0,98.0,36.0,duoyu111
ddb4611be4d9,7,2,111,46.0,98.0,34.0,duoyu111
dddf58451851,4,2,59,28.0,55.5,24.5,等七月の雪
dddf58451851,5,9,97,45.0,82.56,30.56,等七月の雪
dddf58451851,6,18,149,95.0,94.17,44.17,等七月の雪
dddf58451851,7,4,121,60.0,109.75,53.25,等七月の雪
de3baec74952,4,6,74,31.0,58.67,20.83,aipotu
de3baec74952,5,39,142,70.0,75.87,32.33,aipotu
de3baec74952,6,59,176,78.0,92.19,41.47,aipotu
de3baec74952,7,5,157,60.0,120.4,48.0,aipotu
de7635ede9fb,4,1,59,20.0,59.0,20.0,FranklinChan
de7635ede9fb,5,3,75,28.0,64.33,24.0,FranklinChan
de7635ede9fb,6,11,101,51.0,76.36,34.27,FranklinChan
de7635ede9fb,7,1,90,47.0,90.0,47.0,FranklinChan
dfc7613bd132,4,2,55,18.0,54.5,16.5,小麦
dfc7613bd132,5,15,86,44.0,64.8,27.8,小麦
dfc7613bd132,6,17,111,56.0,75.94,35.69,小麦
dfc7613bd132,7,6,135,62.0,99.17,44.67,小麦
e15715f0c35d,9,1,99,55.0,99.0,55.0,yiannis
e15715f0c35d,11,2,125,54.0,99.0,38.0,yiannis
e17d328f5ee8,5,5,71,25.0,52.8,19.6,pocky
e17d328f5ee8,6,18,76,40.0,62.17,23.67,pocky
e17d328f5ee8,7,28,94,52.0,77.79,32.61,pocky
e17d328f5ee8,8,35,141,72.0,96.77,42.54,pocky
e17d328f5ee8,9,6,125,58.0,98.0,43.67,pocky
e17f4b9cc1e8,4,3,71,20.0,58.0,15.33,阿尔
e17f4b9cc1e8,5,12,108,46.0,80.83,28.17,阿尔
e17f4b9cc1e8,6,17,124,60.0,91.53,38.47,阿尔
e17f4b9cc1e8,7,5,132,61.0,114.2,51.4,阿尔
e1c929a192f3,5,1,47,17.0,47.0,17.0,老李
e1c929a192f3,6,2,81,35.0,68.0,30.0,老李
e1c929a192f3,7,7,99,41.0,74.0,31.43,老李
e1ea85369e2d,7,3,114,56.0,94.0,51.0,王凯
e1ea85369e2d,8,1,68,44.0,68.0,44.0,王凯
e1ea85369e2d,9,1,127,67.0,127.0,67.0,王凯
e3c453b1eb3a,6,1,76,22.0,76.0,22.0,dinnerv5
e3c453b1eb3a,7,2,109,45.0,102.0,38.5,dinnerv5
e3c453b1eb3a,8,5,108,56.0,94.0,44.4,dinnerv5
e3c453b1eb3a,9,2,103,48.0,93.5,46.5,dinnerv5
e578cd4d3823,3,1,35,6.0,35.0,6.0,act5st
e578cd4d3823,5,1,49,26.0,49.0,26.0,act5st
e578cd4d3823,6,3,118,48.0,94.67,33.67,act5st
e578cd4d3823,7,5,227,99.0,122.4,54.8,act5st
ec168f3cdf40,5,1,83,,83.0,,瑞凤
ec168f3cdf40,6,2,85,45.0,84.0,40.5,瑞凤
ec168f3cdf40,7,2,126,80.0,105.0,67.0,瑞凤
ec168f3cdf40,8,1,115,54.0,115.0,54.0,瑞凤
ec493df64312,6,1,77,5.0,77.0,5.0,absol96
ec493df64312,7,1,107,57.0,107.0,57.0,absol96
ec493df64312,8,1,119,57.0,119.0,57.0,absol96
ee663dfbfa69,6,1,87,34.0,87.0,34.0,牧羊人
ee663dfbfa69,8,1,151,107.0,151.0,107.0,牧羊人
ee9dccf5da41,7,1,65,32.0,65.0,32.0,pokerzzz
ee9dccf5da41,8,1,94,39.0,94.0,39.0,pokerzzz
ee9dccf5da41,10,2,118,58.0,100.0,53.5,pokerzzz
ef6915e9319e,3,1,56,23.0,56.0,23.0,woowoo
ef6915e9319e,4,15,84,56.0,59.53,22.73,woowoo
ef6915e9319e,5,55,163,95.0,73.53,34.67,woowoo
ef6915e9319e,6,94,258,128.0,96.16,50.91,woowoo
ef6915e9319e,7,34,216,156.0,111.94,60.17,woowoo
ef6915e9319e,8,1,155,95.0,155.0,95.0,woowoo
f158b51e12e8,5,3,69,29.0,64.0,21.67,唯一真理
f158b51e12e8,6,4,107,35.0,78.75,28.75,唯一真理
f158b51e12e8,7,20,103,50.0,85.6,35.4,唯一真理
f158b51e12e8,8,16,128,68.0,98.44,43.12,唯一真理
f158b51e12e8,9,3,133,61.0,126.67,52.67,唯一真理
f246de47bed0,6,1,78,45.0,78.0,45.0,827717358
f246de47bed0,7,1,44,19.0,44.0,19.0,827717358
f54fdd507d1c,5,1,72,18.0,72.0,18.0,张飞
f54fdd507d1c,6,2,128,47.0,102.0,42.0,张飞
f54fdd507d1c,7,7,98,48.0,82.86,34.71,张飞
f593b9eed4fd,7,4,93,52.0,82.5,45.0,teemomillion
f5e2425a1867,4,3,68,31.0,63.67,26.0,yangswag
f5e2425a1867,5,35,127,59.0,79.11,31.69,yangswag
f5e2425a1867,6,36,135,71.0,89.97,39.67,yangswag
f5e2425a1867,7,7,160,66.0,121.57,53.29,yangswag
f5e2425a1867,8,1,153,64.0,153.0,64.0,yangswag
f7b771d6fdff,4,2,80,21.0,59.0,21.0,index
f7b771d6fdff,5,17,73,38.0,48.65,24.24,index
f7b771d6fdff,6,31,108,55.0,64.55,33.81,index
f7b771d6fdff,7,9,109,70.0,67.78,39.11,index
fae8c21dad1a,6,1,71,29.0,71.0,29.0,lizard009
fae8c21dad1a,7,1,85,38.0,85.0,38.0,lizard009
fae8c21dad1a,8,1,83,29.0,83.0,29.0,lizard009
fb677bca918a,4,2,46,27.0,45.5,26.0,hanmoyesang
fb677bca918a,5,9,66,36.0,56.33,27.33,hanmoyesang
fb677bca918a,6,20,127,59.0,77.0,36.8,hanmoyesang
fb677bca918a,7,6,90,63.0,76.17,38.33,hanmoyesang
fb677bca918a,8,1,55,30.0,55.0,30.0,hanmoyesang
fb677bca918a,9,2,58,39.0,57.5,32.5,hanmoyesang
fbbba39a4cb4,4,8,75,23.0,51.12,13.62,twotwo
fbbba39a4cb4,5,12,77,30.0,60.08,16.27,twotwo
fbbba39a4cb4,6,19,97,44.0,66.42,27.47,twotwo
fbbba39a4cb4,7,13,108,53.0,78.15,39.4,twotwo
fbbba39a4cb4,8,1,89,39.0,89.0,39.0,twotwo
fc4bdf9c9eca,6,1,42,21.0,42.0,21.0,catcher1234
fc4bdf9c9eca,7,2,108,48.0,96.0,47.5,catcher1234
fd8623c9c453,5,3,86,36.0,73.0,29.0,尼古拉耶维基
fd8623c9c453,6,7,103,55.0,88.29,39.57,尼古拉耶维基
fd8623c9c453,7,1,128,62.0,128.0,62.0,尼古拉耶维基
ff2fe6790f8a,8,8,125,76.0,92.25,52.38,汉裔
ff2fe6790f8a,9,6,165,92.0,112.0,63.17,汉裔
ff2fe6790f8a,10,3,137,63.0,103.0,51.67,汉裔
ffec2985a098,6,1,68,35.0,68.0,35.0,aptx4869
ffec2985a098,8,1,124,61.0,124.0,61.0,aptx4869
u10655cc0a24e,5,4,69,24.0,59.5,19.0,matrix
u10655cc0a24e,6,10,90,40.0,70.9,24.4,matrix
u10655cc0a24e,7,4,98,38.0,89.25,31.25,matrix
u1166f2d8889f,5,2,70,46.0,52.5,35.0,三体
u1166f2d8889f,6,1,68,34.0,68.0,34.0,三体
u1166f2d8889f,7,1,77,42.0,77.0,42.0,三体
u119bf1445b23,7,1,49,34.0,49.0,34.0,小潘
u119bf1445b23,8,1,62,30.0,62.0,30.0,小潘
u11c86216fa1c,6,1,49,15.0,49.0,15.0,scatoladesu
u11c86216fa1c,8,1,99,32.0,99.0,32.0,scatoladesu
u11c86216fa1c,11,2,75,30.0,74.5,27.0,scatoladesu
u11d82c3586b3,6,2,72,30.0,68.0,28.0,lingcen
u11d82c3586b3,7,3,72,18.0,51.0,17.67,lingcen
u11fa7b8259df,6,1,63,18.0,63.0,18.0,dogfly
u11fa7b8259df,9,1,85,36.0,85.0,36.0,dogfly
u122596705be2,4,1,46,25.0,46.0,25.0,冬の花
u122596705be2,5,4,76,30.0,62.25,21.75,冬の花
u122596705be2,6,8,78,43.0,57.38,24.12,冬の花
u122596705be2,7,3,127,68.0,90.33,46.0,冬の花
u1246af92721c,10,2,103,35.0,88.0,31.0,silainmaou
u1246af92721c,12,1,106,43.0,106.0,43.0,silainmaou
u130fba59dcc2,6,1,87,26.0,87.0,26.0,汉堡包
u130fba59dcc2,8,1,124,46.0,124.0,46.0,汉堡包
u130fba59dcc2,11,1,78,29.0,78.0,29.0,汉堡包
u1327ad97cdef,9,1,68,27.0,68.0,27.0,铱星
u1327ad97cdef,10,1,81,34.0,81.0,34.0,铱星
u139945287160,8,2,66,32.0,64.5,28.5,图南2025
u139945287160,9,1,64,36.0,64.0,36.0,图南2025
u13aceb7fba28,6,2,74,43.0,70.5,32.5,苏世
u13f74f340b5d,11,2,108,52.0,79.0,45.5,jtb0701
u14d057be76e8,8,5,68,25.0,55.4,22.8,hhv587666
u14d057be76e8,9,3,66,36.0,63.0,24.67,hhv587666
u14d057be76e8,10,2,75,28.0,71.0,26.5,hhv587666
u14d057be76e8,11,1,70,30.0,70.0,30.0,hhv587666
u1504829f2660,4,1,58,21.0,58.0,21.0,群星
u1504829f2660,10,2,101,51.0,95.5,50.0,群星
u1513bbcae7d4,5,1,38,16.0,38.0,16.0,184
u1513bbcae7d4,7,1,46,35.0,46.0,35.0,184
u1610c9cf75f5,3,2,51,4.0,50.5,3.0,colinlin
u1610c9cf75f5,4,2,56,10.0,51.5,8.5,colinlin
u1610c9cf75f5,5,7,76,21.0,58.71,13.43,colinlin
u1610c9cf75f5,6,4,78,29.0,70.5,20.25,colinlin
u1610c9cf75f5,7,7,98,56.0,84.43,26.71,colinlin
u1610c9cf75f5,8,5,114,53.0,103.0,34.4,colinlin
u16470e663061,5,2,52,25.0,46.5,23.0,dolphin159
u16470e663061,6,6,104,49.0,80.5,41.5,dolphin159
u16470e663061,7,4,112,58.0,91.0,44.0,dolphin159
u167482ca8de5,8,2,54,26.0,51.5,22.5,我要种树
u16bc63b17298,7,2,63,17.0,59.0,15.0,红烧珊瑚鱼
u16bc63b17298,8,1,65,25.0,65.0,25.0,红烧珊瑚鱼
u16bc63b17298,10,1,58,43.0,58.0,43.0,红烧珊瑚鱼
u1703dab9b66a,7,3,77,32.0,73.33,29.0,东东
u1703dab9b66a,8,2,71,34.0,69.5,28.0,东东
u1703dab9b66a,9,4,144,62.0,91.25,39.25,东东
u1703dab9b66a,10,2,95,38.0,94.0,36.5,东东
u172251990b7b,4,6,72,29.0,64.5,19.83,tl
u172251990b7b,5,18,91,36.0,64.83,27.56,tl
u172251990b7b,6,34,116,60.0,83.03,34.03,tl
u172251990b7b,7,8,133,60.0,104.75,44.88,tl
u17982b0dc5fd,4,1,56,20.0,56.0,20.0,uniruss
u17982b0dc5fd,5,4,66,41.0,54.75,27.0,uniruss
u17982b0dc5fd,6,9,106,59.0,74.0,33.11,uniruss
u17982b0dc5fd,7,6,106,51.0,83.67,37.83,uniruss
u17982b0dc5fd,8,8,107,76.0,90.62,45.12,uniruss
u17982b0dc5fd,9,2,104,68.0,84.5,49.0,uniruss
u17982b0dc5fd,11,1,142,73.0,142.0,73.0,uniruss
u1809b1a9d2d3,6,2,91,63.0,83.5,50.0,ripples
u187ca287f2ff,4,1,50,21.0,50.0,21.0,阿莫
u187ca287f2ff,5,5,69,26.0,60.8,21.2,阿莫
u187ca287f2ff,6,6,92,53.0,72.0,34.67,阿莫
u187ca287f2ff,7,2,108,58.0,102.0,53.5,阿莫
u18b2dfeeb55e,6,1,60,23.0,60.0,23.0,jbhfpku
u18b2dfeeb55e,8,2,84,59.0,71.0,46.0,jbhfpku
u18fce18b580f,5,1,57,25.0,57.0,25.0,坏b
u18fce18b580f,6,1,163,65.0,163.0,65.0,坏b
u1a08ac34c163,4,9,124,56.0,68.56,24.33,comboo
u1a08ac34c163,5,49,130,68.0,75.9,32.53,comboo
u1a08ac34c163,6,80,179,83.0,96.78,43.82,comboo
u1a08ac34c163,7,9,151,89.0,110.56,56.33,comboo
u1a7d5238121f,6,1,76,32.0,76.0,32.0,水晶
u1a7d5238121f,7,2,62,32.0,52.5,30.0,水晶
u1a8182e1c836,10,2,84,34.0,83.0,28.0,sukitayo
u1a8182e1c836,11,1,110,35.0,110.0,35.0,sukitayo
u1aafafb0f845,9,2,94,40.0,86.0,39.5,5-3
u1b894f0abe44,7,1,65,25.0,65.0,25.0,lipu
u1b894f0abe44,10,2,97,42.0,87.5,38.0,lipu
u1b894f0abe44,11,1,97,52.0,97.0,52.0,lipu
u1c44d966862f,8,1,51,30.0,51.0,30.0,err
u1c44d966862f,9,1,62,32.0,62.0,32.0,err
u1c44d966862f,10,1,69,36.0,69.0,36.0,err
u1c4c924106ef,10,2,126,47.0,106.5,34.5,cloud
u1d6428ad859d,5,1,68,32.0,68.0,32.0,crosshappy
u1d6428ad859d,6,1,79,56.0,79.0,56.0,crosshappy
u1d6428ad859d,8,1,85,39.0,85.0,39.0,crosshappy
u1d6428ad859d,9,2,147,69.0,122.5,63.0,crosshappy
u1d6428ad859d,10,1,92,37.0,92.0,37.0,crosshappy
u1e0a151435d5,4,8,64,28.0,53.38,22.5,hero
u1e0a151435d5,5,49,149,90.0,72.98,35.23,hero
u1e0a151435d5,6,61,140,90.0,84.26,42.8,hero
u1e0a151435d5,7,17,152,84.0,106.41,55.76,hero
u1e0a151435d5,8,2,128,62.0,112.5,57.5,hero
u1e23dfdbfa69,6,1,53,21.0,53.0,21.0,mkspencer233
u1e23dfdbfa69,8,1,54,24.0,54.0,24.0,mkspencer233
u1e23dfdbfa69,11,1,62,38.0,62.0,38.0,mkspencer233
u1e4b1f78aa39,5,2,73,25.0,65.0,20.0,调和师
u1e4b1f78aa39,6,13,104,43.0,68.15,26.46,调和师
u1e4b1f78aa39,7,1,67,44.0,67.0,44.0,调和师
u1e4b1f78aa39,8,1,64,36.0,64.0,36.0,调和师
u1e4b1f78aa39,9,1,82,39.0,82.0,39.0,调和师
u1ebf94f7b35e,4,1,26,13.0,26.0,13.0,张正直
u1ebf94f7b35e,6,2,56,34.0,55.5,29.5,张正直
u1ebf94f7b35e,7,2,112,51.0,93.0,48.0,张正直
u1ef63d3c8af7,5,1,62,15.0,62.0,15.0,小士
u1ef63d3c8af7,6,4,99,59.0,69.25,39.5,小士
u1f37182275f2,3,1,43,13.0,43.0,13.0,浮生若梦
u1f37182275f2,4,2,66,26.0,52.0,25.5,浮生若梦
u1f37182275f2,5,24,97,46.0,69.96,31.33,浮生若梦
u1f37182275f2,6,36,161,71.0,92.17,45.83,浮生若梦
u1f37182275f2,7,11,142,72.0,103.91,50.9,浮生若梦
u1f617361652c,5,3,69,25.0,54.67,22.67,一个里纳米的
u1f617361652c,7,1,67,38.0,67.0,38.0,一个里纳米的
u1f617361652c,8,1,74,32.0,74.0,32.0,一个里纳米的
u1f617361652c,10,1,92,51.0,92.0,51.0,一个里纳米的
u1f617361652c,11,1,104,36.0,104.0,36.0,一个里纳米的
u1f7f4c6c34ec,5,2,78,26.0,70.5,22.0,wwh
u1f7f4c6c34ec,6,8,98,47.0,81.25,35.88,wwh
u1f7f4c6c34ec,7,6,123,63.0,90.33,47.0,wwh
u2085f4d4d25b,6,3,47,32.0,44.0,25.0,wq
u20a0a27c048d,9,2,60,41.0,57.0,32.0,北辰
u20a7e1f67b6c,7,1,84,49.0,84.0,49.0,歳月
u20a7e1f67b6c,8,2,97,41.0,82.5,41.0,歳月
u21726466e46b,6,1,89,38.0,89.0,38.0,法向量
u21726466e46b,7,1,100,60.0,100.0,60.0,法向量
u217939028231,8,1,64,26.0,64.0,26.0,点子
u217939028231,9,1,91,34.0,91.0,34.0,点子
u22c299652197,9,2,90,48.0,89.5,43.5,arashi02
u22c299652197,10,1,92,42.0,92.0,42.0,arashi02
u23bd51ea6fb7,6,1,61,12.0,61.0,12.0,zhutoujie88
u23bd51ea6fb7,7,7,97,41.0,67.57,25.0,zhutoujie88
u23bd51ea6fb7,8,14,92,35.0,79.29,27.5,zhutoujie88
u23bd51ea6fb7,9,9,129,58.0,93.11,39.56,zhutoujie88
u23bd51ea6fb7,10,3,99,39.0,85.0,28.67,zhutoujie88
u23bd51ea6fb7,11,1,116,41.0,116.0,41.0,zhutoujie88
u2556a7bdafb4,5,1,64,30.0,64.0,30.0,齐马蓝
u2556a7bdafb4,6,2,103,34.0,88.0,29.0,齐马蓝
u2556a7bdafb4,8,1,146,43.0,146.0,43.0,齐马蓝
u258e5ea09804,5,1,43,23.0,43.0,23.0,hhn
u258e5ea09804,8,1,46,34.0,46.0,34.0,hhn
u258e5ea09804,9,1,72,50.0,72.0,50.0,hhn
u258e5ea09804,10,2,117,41.0,104.0,40.5,hhn
u258e5ea09804,11,1,140,80.0,140.0,80.0,hhn
u25d2fdfa8b85,4,1,58,15.0,58.0,15.0,caliloft
u25d2fdfa8b85,5,2,74,34.0,71.0,31.5,caliloft
u25d2fdfa8b85,6,8,135,71.0,79.12,33.25,caliloft
u25d2fdfa8b85,7,4,126,77.0,109.75,52.5,caliloft
u264ae5f51ae5,4,28,79,27.0,59.11,16.64,愿仔wish
u264ae5f51ae5,5,125,112,58.0,74.73,28.7,愿仔wish
u264ae5f51ae5,6,142,156,77.0,89.66,38.88,愿仔wish
u264ae5f51ae5,7,16,162,73.0,104.75,46.8,愿仔wish
u264ae5f51ae5,8,1,130,59.0,130.0,59.0,愿仔wish
u264ae5f51ae5,9,1,77,43.0,77.0,43.0,愿仔wish
u26a1338ca127,9,1,62,30.0,62.0,30.0,snitch1412
u26a1338ca127,10,2,107,35.0,93.0,34.5,snitch1412
u2700ee4e6a2b,4,1,51,22.0,51.0,22.0,驱岩之力
u2700ee4e6a2b,5,6,75,26.0,62.17,23.67,驱岩之力
u2700ee4e6a2b,6,11,122,75.0,72.82,41.91,驱岩之力
u2700ee4e6a2b,7,5,126,73.0,87.4,48.2,驱岩之力
u2716b8718049,4,1,30,19.0,30.0,19.0,半山
u2716b8718049,5,2,82,39.0,70.0,34.0,半山
u2716b8718049,6,5,109,45.0,84.8,34.0,半山
u2716b8718049,7,3,153,61.0,131.33,48.67,半山
u277fb59c91bf,9,1,89,32.0,89.0,32.0,chiyo0131
u277fb59c91bf,10,1,129,66.0,129.0,66.0,chiyo0131
u278844f8e586,5,2,55,25.0,54.5,22.0,迎风布阵
u278844f8e586,6,9,116,55.0,96.0,44.33,迎风布阵
u278844f8e586,7,6,145,66.0,121.17,55.0,迎风布阵
u278844f8e586,8,4,203,118.0,151.25,71.25,迎风布阵
u27b7063a5163,4,1,40,11.0,40.0,11.0,zuididi
u27b7063a5163,5,2,60,14.0,57.5,13.5,zuididi
u27b7063a5163,6,6,93,46.0,69.83,22.0,zuididi
u27b7063a5163,8,2,104,53.0,101.5,48.0,zuididi
u27d435e41823,6,2,103,47.0,88.0,44.5,luoxiao
u27d435e41823,7,1,144,72.0,144.0,72.0,luoxiao
u28cdd46d2807,5,2,73,21.0,72.5,14.0,horipse
u28cdd46d2807,8,1,75,24.0,75.0,24.0,horipse
u2928761c95a9,6,3,77,44.0,65.67,28.33,噩梦之影
u2928761c95a9,7,3,95,28.0,77.33,25.33,噩梦之影
u2933ce7275a1,5,2,60,29.0,49.5,26.5,eed
u2933ce7275a1,6,4,67,38.0,48.5,26.75,eed
u297294d6dd6d,4,5,61,23.0,54.6,16.2,lolierl
u297294d6dd6d,5,24,121,53.0,65.12,27.29,lolierl
u297294d6dd6d,6,28,128,52.0,77.79,33.86,lolierl
u297294d6dd6d,7,5,139,73.0,89.2,37.4,lolierl
u2a62d82656de,4,2,56,30.0,53.0,25.0,远野汉娜
u2a62d82656de,5,13,98,35.0,60.54,25.31,远野汉娜
u2a62d82656de,6,39,134,54.0,75.85,32.64,远野汉娜
u2a62d82656de,7,16,148,72.0,87.94,47.85,远野汉娜
u2a62d82656de,8,1,103,36.0,103.0,36.0,远野汉娜
u2a62d82656de,9,1,48,25.0,48.0,25.0,远野汉娜
u2bb2bd90028d,4,1,36,22.0,36.0,22.0,剑皇
u2bb2bd90028d,5,6,73,43.0,62.0,28.0,剑皇
u2bb2bd90028d,6,8,106,82.0,69.38,48.0,剑皇
u2bb2bd90028d,7,2,113,65.0,113.0,52.5,剑皇
u2c0fb1011366,7,1,50,23.0,50.0,23.0,航爷
u2c0fb1011366,8,2,76,31.0,75.5,28.0,航爷
u2c0fb1011366,9,2,106,54.0,86.5,42.5,航爷
u2c5db661b926,4,4,64,16.0,52.0,14.25,st izem
u2c5db661b926,5,29,79,34.0,60.24,23.55,st izem
u2c5db661b926,6,36,101,51.0,69.5,29.64,st izem
u2c5db661b926,7,10,106,50.0,85.0,34.7,st izem
u2c7c2c3f4ec5,6,1,71,22.0,71.0,22.0,90
u2c7c2c3f4ec5,7,6,74,32.0,62.5,20.83,90
u2c7c2c3f4ec5,8,16,85,36.0,69.81,26.0,90
u2c7c2c3f4ec5,9,14,104,46.0,82.07,33.07,90
u2c7c2c3f4ec5,10,5,100,53.0,92.2,42.2,90
u2c7c2c3f4ec5,11,1,97,37.0,97.0,37.0,90
u2d5c1705fe93,7,1,80,32.0,80.0,32.0,不窄
u2d5c1705fe93,8,2,60,33.0,57.0,29.5,不窄
u2d6fefa74fe1,7,1,56,23.0,56.0,23.0,天凉夜明
u2d6fefa74fe1,9,1,43,32.0,43.0,32.0,天凉夜明
u2d6fefa74fe1,10,2,77,57.0,72.5,50.5,天凉夜明
u2d6fefa74fe1,12,1,46,31.0,46.0,31.0,天凉夜明
u2d7fb6f964e6,6,2,97,53.0,80.0,43.0,邪恶boss
u2d99dde04a5b,6,1,52,23.0,52.0,23.0,哈哥
u2d99dde04a5b,7,1,90,34.0,90.0,34.0,哈哥
u2e03d1a14777,3,2,59,12.0,44.0,8.5,mcore
u2e03d1a14777,4,4,87,11.0,61.0,8.25,mcore
u2e03d1a14777,5,4,58,21.0,46.25,18.0,mcore
u2e03d1a14777,6,7,81,46.0,69.86,26.43,mcore
u2e03d1a14777,7,7,87,50.0,72.0,37.0,mcore
u2e03d1a14777,8,4,160,93.0,123.0,69.75,mcore
u2e03d1a14777,9,1,86,33.0,86.0,33.0,mcore
u2fb8509a6df3,7,1,54,30.0,54.0,30.0,swws
u2fb8509a6df3,8,1,91,23.0,91.0,23.0,swws
u3060dd57e6ad,7,3,79,39.0,63.33,33.33,溯望
u3060dd57e6ad,8,4,131,93.0,116.25,57.75,溯望
u30c6e89d6385,7,2,42,19.0,40.0,16.5,mayo
u30e37960ab52,5,2,58,29.0,57.0,27.0,lf
u30e37960ab52,6,6,79,39.0,61.17,31.33,lf
u30e37960ab52,7,4,82,45.0,64.25,33.25,lf
u30e37960ab52,9,1,80,40.0,80.0,40.0,lf
u31c9c3e54b88,5,2,103,60.0,78.0,50.0,repeatingcat
u31c9c3e54b88,6,4,75,54.0,58.5,45.33,repeatingcat
u31c9c3e54b88,7,2,137,78.0,92.5,78.0,repeatingcat
u32affef991ca,11,1,76,34.0,76.0,34.0,猫猫头
u32affef991ca,13,1,76,38.0,76.0,38.0,猫猫头
u334660cb6866,3,2,51,16.0,46.5,13.0,肉了个包
u334660cb6866,4,5,64,14.0,55.6,12.4,肉了个包
u334660cb6866,5,8,93,34.0,58.25,25.88,肉了个包
u334660cb6866,6,11,89,46.0,67.09,31.36,肉了个包
u334660cb6866,7,5,118,74.0,78.8,47.0,肉了个包
u334660cb6866,8,7,157,102.0,113.0,65.71,肉了个包
u334660cb6866,9,3,142,79.0,129.33,65.33,肉了个包
u343914bdfe86,5,2,87,30.0,83.0,27.0,konan
u343914bdfe86,6,1,85,29.0,85.0,29.0,konan
u343a603bfdf1,6,1,41,21.0,41.0,21.0,carlo573
u343a603bfdf1,7,1,74,35.0,74.0,35.0,carlo573
u345e53c10ee7,9,1,87,32.0,87.0,32.0,ice_change
u345e53c10ee7,10,1,107,45.0,107.0,45.0,ice_change
u35b1929863b3,5,5,81,31.0,68.0,25.0,厕所游泳
u35b1929863b3,6,3,94,42.0,86.0,37.33,厕所游泳
u3814aff54c0a,7,1,95,38.0,95.0,38.0,清风拂过
u3814aff54c0a,8,1,66,33.0,66.0,33.0,清风拂过
u3814aff54c0a,9,3,91,52.0,70.33,44.67,清风拂过
u38f2ce624896,4,1,66,37.0,66.0,37.0,duoyu222
u38f2ce624896,5,2,64,26.0,61.0,19.0,duoyu222
u38f2ce624896,6,6,124,62.0,99.5,44.5,duoyu222
u38f2ce624896,7,1,97,50.0,97.0,50.0,duoyu222
u3be47ade0bd4,9,2,63,30.0,59.0,26.0,葫芦娃
u3be47ade0bd4,10,1,68,27.0,68.0,27.0,葫芦娃
u3bec7da9f607,9,1,75,43.0,75.0,43.0,阿欢欢欢
u3bec7da9f607,11,1,92,58.0,92.0,58.0,阿欢欢欢
u3bfdcf10cad2,4,3,67,29.0,63.0,21.67,零食愿仔
u3bfdcf10cad2,5,38,114,54.0,82.47,32.89,零食愿仔
u3bfdcf10cad2,6,45,134,69.0,100.04,46.57,零食愿仔
u3bfdcf10cad2,7,9,180,100.0,124.67,57.56,零食愿仔
u3cf5ad36f700,4,3,64,20.0,57.33,18.0,xiang.fan
u3cf5ad36f700,5,8,80,38.0,60.75,26.5,xiang.fan
u3cf5ad36f700,6,20,107,48.0,74.3,34.65,xiang.fan
u3cf5ad36f700,7,8,107,51.0,85.75,36.88,xiang.fan
u3cf5ad36f700,9,2,83,31.0,72.0,31.0,xiang.fan
u3d3749fe94f7,3,1,33,13.0,33.0,13.0,aloon
u3d3749fe94f7,4,30,78,38.0,56.0,21.57,aloon
u3d3749fe94f7,5,145,106,58.0,64.67,31.44,aloon
u3d3749fe94f7,6,160,185,94.0,79.92,41.14,aloon
u3d3749fe94f7,7,46,156,87.0,95.96,48.69,aloon
u3d3a770d9b25,5,1,56,10.0,56.0,10.0,mapliar
u3d3a770d9b25,8,2,102,43.0,83.0,33.5,mapliar
u3d5f69b51720,4,1,37,14.0,37.0,14.0,beichen
u3d5f69b51720,5,30,88,43.0,64.7,29.3,beichen
u3d5f69b51720,6,24,125,56.0,79.67,36.25,beichen
u3d5f69b51720,7,10,157,80.0,101.4,41.9,beichen
u3ed3ded0ec5e,9,1,65,27.0,65.0,27.0,大英警察
u3ed3ded0ec5e,10,2,82,29.0,78.0,29.0,大英警察
u3fe8b245fa5f,8,6,77,50.0,65.33,41.67,chuangf
u3fe8b245fa5f,9,2,56,56.0,54.5,46.0,chuangf
u3fe8b245fa5f,10,2,94,45.0,90.5,41.5,chuangf
u4038249a7b11,11,2,111,43.0,103.0,40.5,razorzzz
u41247750c2db,5,1,69,12.0,69.0,12.0,herbmaster
u41247750c2db,6,3,63,26.0,59.0,20.67,herbmaster
u41247750c2db,8,1,85,34.0,85.0,34.0,herbmaster
u4191c543e4b2,5,2,63,3.0,60.0,2.0,colin lin
u4191c543e4b2,6,3,82,24.0,78.67,18.33,colin lin
u4191c543e4b2,7,1,76,29.0,76.0,29.0,colin lin
u4191c543e4b2,8,1,70,26.0,70.0,26.0,colin lin
u4191c543e4b2,9,2,159,57.0,139.5,50.5,colin lin
u4220ecf3651c,7,2,54,24.0,53.5,21.5,langqiu
u4220ecf3651c,8,1,51,18.0,51.0,18.0,langqiu
u4220ecf3651c,10,1,97,42.0,97.0,42.0,langqiu
u425d3a95fbf9,8,2,79,41.0,73.0,35.5,104728036
u425d3a95fbf9,9,7,123,58.0,87.0,39.29,104728036
u425d3a95fbf9,10,7,151,79.0,107.43,53.43,104728036
u425d3a95fbf9,11,3,146,62.0,116.67,49.0,104728036
u428c9fcc5c3f,7,2,66,23.0,63.5,20.0,peach15
u428c9fcc5c3f,8,3,102,50.0,87.33,37.0,peach15
u428c9fcc5c3f,9,5,122,69.0,96.8,44.8,peach15
u428c9fcc5c3f,10,1,130,50.0,130.0,50.0,peach15
u428f8c15376d,4,1,37,22.0,37.0,22.0,wnywny123
u428f8c15376d,6,2,42,31.0,41.0,28.0,wnywny123
u428f8c15376d,8,1,112,77.0,112.0,77.0,wnywny123
u4352bd3577a0,3,4,53,14.0,49.25,12.67,bosir
u4352bd3577a0,4,24,74,40.0,55.46,20.12,bosir
u4352bd3577a0,5,123,151,65.0,72.67,29.56,bosir
u4352bd3577a0,6,116,138,86.0,85.24,36.9,bosir
u4352bd3577a0,7,26,153,73.0,101.54,41.73,bosir
u43bd3a9c3eb1,6,2,72,33.0,62.0,27.5,阿钰
u44a7b83b09e3,8,1,59,51.0,59.0,51.0,lingdang
u44a7b83b09e3,10,1,63,37.0,63.0,37.0,lingdang
u44b723381098,3,3,60,19.0,51.67,16.0,挂b
u44b723381098,4,7,74,32.0,58.43,19.86,挂b
u44b723381098,5,46,126,55.0,78.09,28.87,挂b
u44b723381098,6,34,139,56.0,89.85,38.47,挂b
u44b723381098,7,3,102,50.0,76.67,32.0,挂b
u44c483e131c1,6,1,35,27.0,35.0,27.0,zhuzi
u44c483e131c1,7,1,36,25.0,36.0,25.0,zhuzi
u458bf512f076,5,1,55,6.0,55.0,6.0,quda
u458bf512f076,6,4,107,50.0,73.75,25.25,quda
u458bf512f076,7,10,83,44.0,70.8,29.6,quda
u458bf512f076,8,11,110,52.0,83.18,35.45,quda
u458bf512f076,9,5,126,59.0,103.2,44.4,quda
u465e201fce5c,5,7,62,32.0,53.14,20.14,恰恰
u465e201fce5c,6,6,67,44.0,61.33,32.33,恰恰
u465e201fce5c,7,2,55,34.0,49.5,31.0,恰恰
u466a89f87e6b,5,2,94,24.0,93.0,21.5,fangruoning
u466a89f87e6b,6,2,82,24.0,75.5,23.5,fangruoning
u466a89f87e6b,8,1,42,,42.0,,fangruoning
u4671660f6ca6,4,1,40,13.0,40.0,13.0,66大人
u4671660f6ca6,5,6,61,25.0,58.17,14.67,66大人
u4671660f6ca6,6,29,91,32.0,66.48,21.24,66大人
u4671660f6ca6,7,47,102,43.0,76.66,25.4,66大人
u4671660f6ca6,8,25,115,42.0,86.72,31.96,66大人
u4671660f6ca6,9,4,125,50.0,117.0,42.25,66大人
u46a5cb64aeb4,9,3,116,80.0,83.0,43.67,min
u46cdaba59281,8,1,94,26.0,94.0,26.0,shallowvir
u46cdaba59281,9,1,77,33.0,77.0,33.0,shallowvir
u471914ff05db,6,1,52,20.0,52.0,20.0,jzymz
u471914ff05db,7,4,84,37.0,63.0,24.75,jzymz
u471914ff05db,8,1,62,17.0,62.0,17.0,jzymz
u471914ff05db,9,2,84,27.0,80.0,23.0,jzymz
u471914ff05db,10,3,108,43.0,92.67,32.33,jzymz
u479e4c13ad25,10,1,73,35.0,73.0,35.0,mcx
u479e4c13ad25,12,1,109,33.0,109.0,33.0,mcx
u47c055fdd149,6,2,73,26.0,71.0,20.5,凉橙
u47c055fdd149,7,2,88,47.0,78.0,40.0,凉橙
u47c055fdd149,8,4,79,30.0,69.25,25.0,凉橙
u47c055fdd149,9,1,77,30.0,77.0,30.0,凉橙
u482a64040b6a,3,1,48,8.0,48.0,8.0,yuqi
u482a64040b6a,4,2,54,20.0,53.0,14.5,yuqi
u482a64040b6a,5,6,89,25.0,63.17,16.17,yuqi
u482a64040b6a,6,6,89,40.0,68.83,19.0,yuqi
u482a64040b6a,7,8,110,45.0,83.88,35.0,yuqi
u482a64040b6a,8,5,128,69.0,106.6,57.2,yuqi
u482a64040b6a,9,3,117,63.0,96.67,44.33,yuqi
u48a3b8508ba3,7,1,72,32.0,72.0,32.0,书罔闻
u48a3b8508ba3,8,2,80,51.0,77.0,45.5,书罔闻
u48a3b8508ba3,9,2,102,42.0,87.0,38.5,书罔闻
u496a9f3def1c,7,2,66,26.0,57.5,25.0,星海
u496a9f3def1c,8,3,64,35.0,60.0,34.0,星海
u496a9f3def1c,9,1,131,67.0,131.0,67.0,星海
u496a9f3def1c,10,1,70,38.0,70.0,38.0,星海
u4a6398cb514a,5,14,128,69.0,84.14,36.21,大坏蛋居居
u4a6398cb514a,6,5,116,55.0,96.2,45.8,大坏蛋居居
u4a6398cb514a,7,2,135,92.0,132.0,77.5,大坏蛋居居
u4aef53cdf749,3,1,36,12.0,36.0,12.0,屈先生
u4aef53cdf749,4,5,71,37.0,55.8,21.0,屈先生
u4aef53cdf749,5,74,114,66.0,58.41,28.86,屈先生
u4aef53cdf749,6,98,166,92.0,68.7,39.08,屈先生
u4aef53cdf749,7,59,165,108.0,75.98,38.93,屈先生
u4aef53cdf749,8,30,143,73.0,87.73,46.07,屈先生
u4aef53cdf749,9,6,123,71.0,109.67,55.17,屈先生
u4ca2bf1641ed,10,1,84,30.0,84.0,30.0,nobody
u4ca2bf1641ed,12,1,85,37.0,85.0,37.0,nobody
u4d5c2567e852,4,3,60,30.0,51.0,21.33,carl
u4d5c2567e852,5,43,128,59.0,73.37,36.07,carl
u4d5c2567e852,6,63,169,85.0,91.06,44.19,carl
u4d5c2567e852,7,12,149,74.0,100.17,44.75,carl
u4d5c2567e852,9,1,147,59.0,147.0,59.0,carl
u4e4bd389b8f3,9,2,68,29.0,66.5,28.5,mmm672345
u4e84c62299ea,6,1,59,30.0,59.0,30.0,shoval
u4e84c62299ea,10,1,100,52.0,100.0,52.0,shoval
u4ed4c52c2a9d,4,6,75,34.0,62.0,21.0,μ!
u4ed4c52c2a9d,5,22,99,50.0,73.14,27.41,μ!
u4ed4c52c2a9d,6,16,116,46.0,86.31,33.31,μ!
u4ed4c52c2a9d,7,2,190,82.0,141.0,61.0,μ!
u4f00de68e1ce,6,1,55,10.0,55.0,10.0,小冉
u4f00de68e1ce,8,3,93,47.0,84.33,35.0,小冉
u4f00de68e1ce,9,1,143,67.0,143.0,67.0,小冉
u4f38266e650d,8,1,54,23.0,54.0,23.0,jojo123
u4f38266e650d,9,1,47,29.0,47.0,29.0,jojo123
u4f4767ccd390,9,3,112,50.0,97.33,41.67,takumin
u4f4767ccd390,10,1,132,46.0,132.0,46.0,takumin
u4f7b6bd0c8af,10,2,64,29.0,60.5,21.5,小胜陈
u4fa6d95cb881,5,1,111,50.0,111.0,50.0,seventeen
u4fa6d95cb881,6,2,129,59.0,111.5,42.0,seventeen
u4fad1bf3923a,5,3,57,30.0,46.33,22.0,w.d.gaster
u4fad1bf3923a,6,11,80,44.0,52.45,30.0,w.d.gaster
u4fad1bf3923a,7,6,135,69.0,92.67,46.33,w.d.gaster
u5165be88bfe8,3,4,51,20.0,39.5,17.67,qinchen1027
u5165be88bfe8,4,43,106,74.0,50.65,21.53,qinchen1027
u5165be88bfe8,5,300,125,77.0,58.61,30.04,qinchen1027
u5165be88bfe8,6,396,156,80.0,67.67,36.99,qinchen1027
u5165be88bfe8,7,131,138,83.0,76.83,42.92,qinchen1027
u5165be88bfe8,8,3,118,77.0,106.33,73.67,qinchen1027
u5165be88bfe8,9,1,96,58.0,96.0,58.0,qinchen1027
u5197689e1093,6,4,82,30.0,67.75,22.75,hxy
u5197689e1093,8,1,88,41.0,88.0,41.0,hxy
u5197689e1093,9,1,86,35.0,86.0,35.0,hxy
u51c5336da75d,8,2,70,26.0,60.5,23.5,1224798779
u51e773e1c2a6,4,25,85,26.0,60.8,16.62,tmr
u51e773e1c2a6,5,83,105,52.0,71.02,28.34,tmr
u51e773e1c2a6,6,96,168,75.0,86.96,40.41,tmr
u51e773e1c2a6,7,13,139,78.0,102.08,46.69,tmr
u52b3d78e30ef,5,1,53,24.0,53.0,24.0,干特
u52b3d78e30ef,10,1,77,,77.0,,干特
u52e386dc1253,5,6,62,23.0,43.83,17.83,奥朗德
u52e386dc1253,6,11,78,39.0,63.27,29.36,奥朗德
u52e386dc1253,7,5,89,44.0,66.8,37.2,奥朗德
u5314570ee9eb,7,2,63,19.0,53.0,15.5,maozhuzi
u53596b8312a7,9,3,78,27.0,65.33,24.33,niven
u53596b8312a7,11,1,80,32.0,80.0,32.0,niven
u537e91256e48,4,1,52,24.0,52.0,24.0,枫叶灬夏
u537e91256e48,5,10,87,28.0,55.1,22.0,枫叶灬夏
u537e91256e48,6,7,113,46.0,76.71,33.14,枫叶灬夏
u537e91256e48,7,1,93,42.0,93.0,42.0,枫叶灬夏
u539c55af1de8,4,1,56,15.0,56.0,15.0,lidai
u539c55af1de8,5,19,98,51.0,70.21,31.95,lidai
u539c55af1de8,6,30,123,59.0,81.23,38.63,lidai
u539c55af1de8,7,9,128,75.0,98.78,47.33,lidai
u539c55af1de8,8,2,128,52.0,125.0,49.0,lidai
u545e40a892ba,5,1,97,43.0,97.0,43.0,xuty
u545e40a892ba,6,3,103,51.0,97.0,44.33,xuty
u545e40a892ba,7,1,105,64.0,105.0,64.0,xuty
u548dd163e8a9,4,1,58,21.0,58.0,21.0,居居
u548dd163e8a9,5,7,89,55.0,74.14,32.71,居居
u548dd163e8a9,6,10,98,48.0,84.1,35.9,居居
u548dd163e8a9,7,2,132,57.0,118.0,50.5,居居
u565f90551d3e,6,2,82,38.0,71.0,34.5,birdpig
u56947fcdc5c2,5,3,66,22.0,53.67,20.33,echo
u56947fcdc5c2,6,5,90,42.0,69.8,25.8,echo
u56947fcdc5c2,7,2,87,50.0,85.0,42.5,echo
u5791c0c0606c,9,1,51,26.0,51.0,26.0,sanshui
u5791c0c0606c,10,1,66,37.0,66.0,37.0,sanshui
u579e4921eb69,6,1,48,19.0,48.0,19.0,暮月
u579e4921eb69,10,1,78,25.0,78.0,25.0,暮月
u579e4921eb69,11,1,86,39.0,86.0,39.0,暮月
u586d367a184d,9,1,102,31.0,102.0,31.0,归来
u586d367a184d,10,1,90,39.0,90.0,39.0,归来
u586d367a184d,11,1,90,25.0,90.0,25.0,归来
u586d367a184d,12,1,110,52.0,110.0,52.0,归来
u58b1a0def4be,8,2,57,26.0,53.5,22.5,我叼你妈
u593195c84283,6,6,65,24.0,57.5,18.33,frank62214
u593195c84283,7,5,77,30.0,64.2,25.0,frank62214
u593195c84283,8,4,78,36.0,68.75,29.25,frank62214
u594949fa1277,10,1,82,52.0,82.0,52.0,慎独ssy
u594949fa1277,11,1,45,21.0,45.0,21.0,慎独ssy
u5a6edd042503,3,1,43,16.0,43.0,16.0,青眼白菜
u5a6edd042503,4,5,68,31.0,54.6,19.8,青眼白菜
u5a6edd042503,5,9,83,32.0,64.11,16.67,青眼白菜
u5a6edd042503,6,10,88,43.0,68.2,29.2,青眼白菜
u5a6edd042503,7,10,124,67.0,86.1,40.2,青眼白菜
u5a6edd042503,8,8,121,60.0,97.62,48.88,青眼白菜
u5a6edd042503,9,3,113,60.0,108.0,46.67,青眼白菜
u5a829f836cfc,6,2,60,40.0,56.0,35.5,abutuoke
u5a829f836cfc,7,1,88,53.0,88.0,53.0,abutuoke
u5b4438057778,10,1,90,43.0,90.0,43.0,请叫我火华桑
u5b4438057778,11,1,96,47.0,96.0,47.0,请叫我火华桑
u5ce03a8de52b,4,2,69,15.0,42.5,11.0,半月2
u5ce03a8de52b,5,19,93,39.0,65.0,21.05,半月2
u5ce03a8de52b,6,50,122,52.0,70.82,26.42,半月2
u5ce03a8de52b,7,10,126,46.0,88.1,35.89,半月2
u5e39c49b44d4,6,2,74,40.0,73.0,34.5,nagasaki
u5e39c49b44d4,7,1,104,62.0,104.0,62.0,nagasaki
u5e7bfe0068b4,6,2,75,26.0,68.5,21.0,chieribot
u5e7bfe0068b4,7,1,100,62.0,100.0,62.0,chieribot
u5fbdedc117db,4,1,58,14.0,58.0,14.0,居居梨
u5fbdedc117db,5,4,85,33.0,67.0,29.25,居居梨
u5fbdedc117db,6,9,88,46.0,66.0,33.33,居居梨
u5fbdedc117db,7,2,95,43.0,79.0,39.5,居居梨
u5fe884ea0df2,9,2,108,44.0,88.0,44.0,lazy1021
u5fe884ea0df2,10,1,106,49.0,106.0,49.0,lazy1021
u5fe97af5fdf2,7,3,90,35.0,61.33,30.0,杉菜一汤
u5fe97af5fdf2,8,6,97,46.0,73.17,34.67,杉菜一汤
u5fe97af5fdf2,9,4,119,53.0,103.25,45.0,杉菜一汤
u5fe97af5fdf2,10,2,54,,46.5,,杉菜一汤
u5fe97af5fdf2,11,1,137,61.0,137.0,61.0,杉菜一汤
u605ccd3686c6,8,1,66,16.0,66.0,16.0,扭曲怪
u605ccd3686c6,9,4,81,41.0,77.25,38.25,扭曲怪
u605ccd3686c6,10,2,110,48.0,98.5,44.0,扭曲怪
u606291e201d5,6,2,67,44.0,67.0,38.5,arcticus
u606291e201d5,7,1,92,47.0,92.0,47.0,arcticus
u60a72b8ddbee,6,1,47,25.0,47.0,25.0,漂那个浮
u60a72b8ddbee,8,1,89,24.0,89.0,24.0,漂那个浮
u60eaee43b548,8,1,78,21.0,78.0,21.0,dzk
u60eaee43b548,9,5,99,41.0,83.0,35.4,dzk
u60eaee43b548,10,1,110,47.0,110.0,47.0,dzk
u60f093b8432b,7,1,79,29.0,79.0,29.0,ytythahaha
u60f093b8432b,8,2,92,30.0,81.5,29.5,ytythahaha
u60f093b8432b,9,1,72,27.0,72.0,27.0,ytythahaha
u6196ef142f6d,5,1,54,21.0,54.0,21.0,dddylan
u6196ef142f6d,6,2,69,34.0,56.0,34.0,dddylan
u6196ef142f6d,7,3,96,67.0,81.33,54.33,dddylan
u6196ef142f6d,8,6,110,68.0,86.67,54.83,dddylan
u62a54f651c8a,6,3,77,30.0,61.33,21.67,anna831121
u62a54f651c8a,7,2,87,32.0,74.0,28.0,anna831121
u62a54f651c8a,8,1,70,27.0,70.0,27.0,anna831121
u62a7d5737b5b,5,1,47,22.0,47.0,22.0,empty_zhm
u62a7d5737b5b,6,1,69,22.0,69.0,22.0,empty_zhm
u637a8cd12e58,9,2,71,32.0,69.0,27.5,戴斯蒙
u63b186e8c471,4,1,40,24.0,40.0,24.0,木更小姐可爱捏
u63b186e8c471,5,14,94,49.0,62.93,29.54,木更小姐可爱捏
u63b186e8c471,6,21,181,77.0,89.0,47.85,木更小姐可爱捏
u63b186e8c471,7,12,234,144.0,121.33,68.42,木更小姐可爱捏
u63db1cfe7de4,5,14,93,48.0,67.14,28.21,海带tt
u63db1cfe7de4,6,21,124,58.0,86.9,40.43,海带tt
u63db1cfe7de4,7,6,139,63.0,116.83,51.17,海带tt
u6548544a601e,6,2,109,58.0,99.5,48.5,rwer1343
u6548544a601e,7,2,100,52.0,85.5,34.5,rwer1343
u6548544a601e,8,1,57,22.0,57.0,22.0,rwer1343
u65cf71bbda10,9,1,98,34.0,98.0,34.0,928949719
u65cf71bbda10,10,2,112,25.0,99.5,21.0,928949719
u667bb4cd15a4,7,1,62,23.0,62.0,23.0,卓某
u667bb4cd15a4,8,1,68,21.0,68.0,21.0,卓某
u667bb4cd15a4,9,4,90,49.0,74.5,35.5,卓某
u667bb4cd15a4,10,4,131,76.0,102.5,43.0,卓某
u66d74bb150f1,4,27,75,32.0,57.48,17.7,番薯企鹅
u66d74bb150f1,5,129,99,54.0,66.28,25.94,番薯企鹅
u66d74bb150f1,6,132,143,75.0,78.77,32.27,番薯企鹅
u66d74bb150f1,7,24,119,61.0,89.29,41.29,番薯企鹅
u66d74bb150f1,8,1,73,30.0,73.0,30.0,番薯企鹅
u677098933c1c,7,2,99,43.0,88.0,36.5,多喝橙汁
u677098933c1c,8,1,83,48.0,83.0,48.0,多喝橙汁
u6798c732ac39,10,1,73,23.0,73.0,23.0,牛逼轰轰的能量瓶小伙儿！
u6798c732ac39,12,1,79,30.0,79.0,30.0,牛逼轰轰的能量瓶小伙儿！
u67ae71d09c8d,4,2,41,21.0,40.5,18.0,转瞬san
u67ae71d09c8d,5,6,73,31.0,62.17,27.5,转瞬san
u67ae71d09c8d,6,14,138,71.0,81.0,35.71,转瞬san
u67ae71d09c8d,7,10,133,59.0,88.7,38.6,转瞬san
u67c748ccedda,8,5,66,33.0,61.2,25.8,peterhu58
u67c748ccedda,9,3,70,38.0,66.33,36.0,peterhu58
u67c748ccedda,10,2,97,38.0,87.5,33.0,peterhu58
u67c748ccedda,11,2,111,45.0,98.5,35.5,peterhu58
u688e5af6a5f8,4,1,54,23.0,54.0,23.0,sargeras
u688e5af6a5f8,5,9,84,46.0,69.11,34.11,sargeras
u688e5af6a5f8,6,9,142,60.0,86.0,38.78,sargeras
u688e5af6a5f8,7,5,137,61.0,108.8,48.8,sargeras
u69cd88861799,3,1,44,14.0,44.0,14.0,ashland
u69cd88861799,4,2,67,14.0,49.0,12.5,ashland
u69cd88861799,5,33,105,56.0,70.12,28.27,ashland
u69cd88861799,6,64,130,61.0,86.92,38.13,ashland
u69cd88861799,7,14,141,65.0,106.14,50.14,ashland
u69d351959f11,4,5,65,26.0,53.6,17.8,雨哉南兮
u69d351959f11,5,20,90,47.0,63.6,29.85,雨哉南兮
u69d351959f11,6,28,139,90.0,86.61,46.07,雨哉南兮
u69d351959f11,7,8,123,68.0,83.0,43.88,雨哉南兮
u69f9ee18835e,5,3,80,29.0,62.67,19.33,jiang.cc
u69f9ee18835e,6,2,87,41.0,74.5,31.5,jiang.cc
u69f9ee18835e,7,1,84,39.0,84.0,39.0,jiang.cc
u69f9ee18835e,8,2,69,27.0,63.5,27.0,jiang.cc
u6a0fb535ff89,4,2,42,21.0,38.0,16.0,junne
u6a0fb535ff89,5,6,49,25.0,41.5,20.17,junne
u6a0fb535ff89,6,7,82,26.0,54.86,19.57,junne
u6a0fb535ff89,7,1,52,28.0,52.0,28.0,junne
u6a0fb535ff89,10,1,73,33.0,73.0,33.0,junne
u6a3b2a961886,5,2,72,25.0,63.0,20.5,hying
u6a3b2a961886,6,2,61,29.0,60.0,26.5,hying
u6bc07fd47249,7,3,93,41.0,85.0,37.0,bamboozy
u6bc07fd47249,8,6,128,69.0,112.0,52.17,bamboozy
u6bc07fd47249,9,6,206,86.0,156.83,71.0,bamboozy
u6bc07fd47249,10,1,144,67.0,144.0,67.0,bamboozy
u6c909670abfe,6,2,54,30.0,52.5,27.0,little moster
u6d6573b0a95a,4,23,81,42.0,62.13,23.09,carl01
u6d6573b0a95a,5,186,130,64.0,74.04,33.95,carl01
u6d6573b0a95a,6,201,176,89.0,90.46,44.53,carl01
u6d6573b0a95a,7,34,169,91.0,113.29,56.03,carl01
u6d71dc3f03f1,9,1,96,27.0,96.0,27.0,alley-caesar
u6d71dc3f03f1,11,1,81,31.0,81.0,31.0,alley-caesar
u6dd1ec8b8653,5,14,71,39.0,58.43,26.64,飞飞飞
u6dd1ec8b8653,6,26,100,67.0,74.0,38.85,飞飞飞
u6dd1ec8b8653,7,9,178,96.0,110.78,51.56,飞飞飞
u6e42416b4fa0,6,1,50,26.0,50.0,26.0,士道鸢种
u6e42416b4fa0,11,1,133,63.0,133.0,63.0,士道鸢种
u6e77129845ea,4,3,72,19.0,63.33,15.67,ki
u6e77129845ea,5,43,90,48.0,69.86,29.71,ki
u6e77129845ea,6,53,116,75.0,80.6,35.7,ki
u6e77129845ea,7,15,123,66.0,98.2,47.4,ki
u6e91e1189005,4,2,57,15.0,56.0,10.0,甘雨
u6e91e1189005,5,1,60,22.0,60.0,22.0,甘雨
u6e91e1189005,6,7,102,50.0,60.14,35.57,甘雨
u6e91e1189005,7,1,107,50.0,107.0,50.0,甘雨
u6eb9cf2c3641,5,2,70,25.0,64.5,18.0,终春凝
u6ed59bc32151,6,2,59,8.0,54.5,7.5,林之父
u6f6cc22e6880,6,1,45,31.0,45.0,31.0,绯夜
u6f6cc22e6880,7,1,44,29.0,44.0,29.0,绯夜
u6f6cc22e6880,8,1,77,32.0,77.0,32.0,绯夜
u6f7cf5a0714e,7,2,60,27.0,56.0,25.0,小涵
u6f7cf5a0714e,8,3,60,30.0,53.0,25.67,小涵
u6fa4182a700b,6,3,57,25.0,47.0,21.0,芜湖
u6fa4182a700b,7,5,70,51.0,61.2,38.8,芜湖
u6fe8d56b7309,8,1,66,22.0,66.0,22.0,liangpi
u6fe8d56b7309,10,2,67,40.0,65.5,37.0,liangpi
u70e7173ba11d,8,3,117,69.0,87.67,53.33,麦卡伦
u70e7173ba11d,9,1,86,39.0,86.0,39.0,麦卡伦
u7175212d4e47,4,1,48,13.0,48.0,13.0,dprd
u7175212d4e47,5,5,73,39.0,58.4,21.2,dprd
u7175212d4e47,6,10,91,46.0,68.5,28.4,dprd
u7175212d4e47,7,6,125,71.0,93.17,38.0,dprd
u7175212d4e47,8,10,150,71.0,113.0,55.4,dprd
u7175212d4e47,9,2,80,36.0,76.5,29.0,dprd
u7175212d4e47,11,1,77,44.0,77.0,44.0,dprd
u720dec6bbbc2,5,4,62,28.0,53.0,23.75,kano
u720dec6bbbc2,6,7,102,59.0,66.86,30.0,kano
u720dec6bbbc2,7,11,129,55.0,85.0,40.1,kano
u720dec6bbbc2,8,6,96,49.0,83.5,36.33,kano
u720dec6bbbc2,9,1,94,49.0,94.0,49.0,kano
u720dec6bbbc2,10,1,90,40.0,90.0,40.0,kano
u7236bc23b6ec,7,1,37,20.0,37.0,20.0,etc
u7236bc23b6ec,9,1,77,33.0,77.0,33.0,etc
u7236bc23b6ec,10,2,82,41.0,75.5,35.5,etc
u732c497fce90,4,1,45,17.0,45.0,17.0,roseallenzwt
u732c497fce90,5,1,52,25.0,52.0,25.0,roseallenzwt
u732c497fce90,6,2,66,41.0,63.5,33.0,roseallenzwt
u732c497fce90,7,3,91,57.0,78.67,44.33,roseallenzwt
u733fe426ddc1,6,4,67,22.0,61.5,16.25,fenglin_18
u733fe426ddc1,7,2,77,38.0,76.5,30.0,fenglin_18
u733fe426ddc1,8,1,77,50.0,77.0,50.0,fenglin_18
u733fe426ddc1,9,1,105,27.0,105.0,27.0,fenglin_18
u745e63d1dfc5,6,2,90,33.0,69.5,29.0,麻瓜
u76971e31dd7d,6,2,79,24.0,62.5,23.0,echinochloa
u76971e31dd7d,7,2,75,33.0,61.5,26.5,echinochloa
u76971e31dd7d,8,1,65,35.0,65.0,35.0,echinochloa
u771fb35bbe0f,10,1,63,19.0,63.0,19.0,终末电车
u771fb35bbe0f,11,3,86,35.0,68.67,31.67,终末电车
u77a0648885c2,3,2,46,15.0,45.0,15.0,alon
u77a0648885c2,4,13,77,29.0,53.08,21.08,alon
u77a0648885c2,5,115,99,58.0,61.88,28.81,alon
u77a0648885c2,6,193,159,78.0,75.19,36.36,alon
u77a0648885c2,7,64,157,77.0,86.78,44.34,alon
u77a0648885c2,8,2,104,74.0,88.0,61.5,alon
u77a0648885c2,9,3,127,71.0,95.67,50.67,alon
u78ac45523fb9,3,1,38,19.0,38.0,19.0,侠客谋
u78ac45523fb9,4,2,47,12.0,42.0,9.0,侠客谋
u78ac45523fb9,5,10,88,47.0,55.8,27.3,侠客谋
u78ac45523fb9,6,13,81,42.0,67.85,28.46,侠客谋
u78ac45523fb9,7,6,108,53.0,83.33,34.83,侠客谋
u78ac45523fb9,8,1,93,63.0,93.0,63.0,侠客谋
u78ac45523fb9,9,3,88,50.0,83.0,41.67,侠客谋
u78ac45523fb9,10,2,138,59.0,115.5,45.0,侠客谋
u78c21c747291,4,1,58,20.0,58.0,20.0,大熊猫
u78c21c747291,5,2,94,42.0,92.0,37.0,大熊猫
u78c21c747291,6,5,89,40.0,78.0,35.2,大熊猫
u78c21c747291,7,1,126,54.0,126.0,54.0,大熊猫
u79369c0e3b7e,5,1,82,27.0,82.0,27.0,捏麻麻地
u79369c0e3b7e,6,2,94,35.0,91.5,30.0,捏麻麻地
u7a25849c2ebd,4,1,64,6.0,64.0,6.0,杨施瓦格
u7a25849c2ebd,5,1,79,16.0,79.0,16.0,杨施瓦格
u7a25849c2ebd,6,1,89,35.0,89.0,35.0,杨施瓦格
u7b624de49eb5,5,3,57,27.0,47.67,20.33,大知闲闲
u7b624de49eb5,6,2,72,35.0,64.0,29.5,大知闲闲
u7b624de49eb5,7,3,80,50.0,65.0,37.67,大知闲闲
u7bcf93545d5f,8,1,53,20.0,53.0,20.0,raven
u7bcf93545d5f,9,3,89,46.0,80.33,39.33,raven
u7bcf93545d5f,10,4,148,74.0,105.75,48.0,raven
u7c36da709da5,10,1,92,44.0,92.0,44.0,凉江
u7c36da709da5,11,1,103,55.0,103.0,55.0,凉江
u7cb47e59a1c7,4,1,44,14.0,44.0,14.0,牧牛流马
u7cb47e59a1c7,5,1,61,20.0,61.0,20.0,牧牛流马
u7cb47e59a1c7,6,1,49,20.0,49.0,20.0,牧牛流马
u7cfc13e9ec9f,7,1,55,24.0,55.0,24.0,橘雪莉小爱
u7cfc13e9ec9f,9,1,99,22.0,99.0,22.0,橘雪莉小爱
u7cfc13e9ec9f,11,2,112,38.0,111.5,36.5,橘雪莉小爱
u7e41dc608300,6,3,59,24.0,49.0,19.67,chrissy
u7e41dc608300,8,1,75,27.0,75.0,27.0,chrissy
u7f881dd033c7,8,6,81,40.0,70.0,35.0,hypertai123
u7f881dd033c7,9,2,89,34.0,73.5,30.0,hypertai123
u7f881dd033c7,10,2,135,80.0,101.5,59.5,hypertai123
u80a09ce69f74,9,3,95,42.0,72.33,33.0,一部分人
u81d5ec6a0a54,7,2,65,21.0,59.0,21.0,alpha7777
u81d5ec6a0a54,8,4,74,42.0,70.5,34.0,alpha7777
u81d5ec6a0a54,9,4,82,37.0,78.75,32.25,alpha7777
u81d5ec6a0a54,10,2,99,42.0,89.5,37.5,alpha7777
u828c525a8dc1,10,1,85,35.0,85.0,35.0,吴文伟
u828c525a8dc1,11,1,92,24.0,92.0,24.0,吴文伟
u832f1fa63eb3,6,2,100,47.0,99.0,47.0,信凛
u832f1fa63eb3,7,2,107,53.0,83.0,39.0,信凛
u8397430f5bfc,3,2,64,36.0,51.0,22.0,云尘
u8397430f5bfc,4,10,105,43.0,65.4,23.6,云尘
u8397430f5bfc,5,49,177,87.0,76.41,32.08,云尘
u8397430f5bfc,6,53,169,109.0,87.85,41.7,云尘
u8397430f5bfc,7,13,141,79.0,104.77,53.62,云尘
u84b335200370,5,1,78,31.0,78.0,31.0,啵啵宇宝宝
u84b335200370,6,1,66,21.0,66.0,21.0,啵啵宇宝宝
u85082c3eee34,7,2,81,19.0,65.0,12.5,jecin
u85082c3eee34,8,4,82,42.0,78.25,36.0,jecin
u85082c3eee34,9,5,79,41.0,58.0,32.5,jecin
u85082c3eee34,10,1,80,49.0,80.0,49.0,jecin
u8542c8ad261c,6,2,78,26.0,72.0,25.0,楓華
u85565a399638,4,1,27,13.0,27.0,13.0,悲灵笑骨
u85565a399638,5,4,68,29.0,65.25,23.25,悲灵笑骨
u85565a399638,6,11,105,49.0,76.91,37.27,悲灵笑骨
u85565a399638,7,3,123,90.0,99.67,58.67,悲灵笑骨
u85990554580c,10,1,64,35.0,64.0,35.0,poidesu3814
u85990554580c,11,3,79,41.0,71.0,32.67,poidesu3814
u866dbae0b617,4,6,76,29.0,62.83,18.83,一桜折纸
u866dbae0b617,5,14,100,45.0,75.14,30.93,一桜折纸
u866dbae0b617,6,25,123,69.0,83.12,35.32,一桜折纸
u866dbae0b617,7,6,138,55.0,95.17,36.33,一桜折纸
u876cab515385,7,2,61,18.0,55.5,18.0,apple
u87f9bc8b918b,5,3,76,39.0,66.67,26.0,不消耗名字的硬币
u87f9bc8b918b,6,1,79,46.0,79.0,46.0,不消耗名字的硬币
u87f9bc8b918b,7,2,87,53.0,78.5,45.0,不消耗名字的硬币
u8826f88621c7,4,1,57,10.0,57.0,10.0,无敌大绿
u8826f88621c7,5,1,81,41.0,81.0,41.0,无敌大绿
u8826f88621c7,6,2,77,44.0,70.5,39.0,无敌大绿
u883b59e98005,8,1,66,26.0,66.0,26.0,greymk
u883b59e98005,11,1,104,48.0,104.0,48.0,greymk
u8892a146e358,11,2,112,55.0,95.0,41.5,欧阳司机
u8892a146e358,12,1,112,63.0,112.0,63.0,欧阳司机
u8923ac3007dd,5,1,55,37.0,55.0,37.0,小号
u8923ac3007dd,6,2,112,55.0,90.5,36.5,小号
u8923ac3007dd,7,1,104,53.0,104.0,53.0,小号
u894d30bc0737,10,2,170,105.0,128.0,71.0,毛毛
u89aa7048cf37,7,2,50,28.0,47.0,26.5,墨鱼丸123
u89c3c8a98449,4,5,55,41.0,49.6,27.0,无梦
u89c3c8a98449,5,37,102,68.0,62.38,39.95,无梦
u89c3c8a98449,6,95,228,182.0,85.46,53.85,无梦
u89c3c8a98449,7,29,164,98.0,95.93,61.86,无梦
u89c3c8a98449,8,1,76,38.0,76.0,38.0,无梦
u89e8985305e2,8,1,44,24.0,44.0,24.0,beiyuan
u89e8985305e2,9,1,50,24.0,50.0,24.0,beiyuan
u8a40e86a2e9b,10,1,97,39.0,97.0,39.0,长三
u8a40e86a2e9b,11,1,85,30.0,85.0,30.0,长三
u8a40e86a2e9b,12,1,132,45.0,132.0,45.0,长三
u8ab18b592945,7,1,69,16.0,69.0,16.0,pyt2002
u8ab18b592945,9,1,86,33.0,86.0,33.0,pyt2002
u8ab18b592945,10,2,100,46.0,97.0,43.0,pyt2002
u8ab18b592945,12,1,80,22.0,80.0,22.0,pyt2002
u8b8636bed8d0,10,3,60,36.0,55.33,29.33,hanaseikai
u8c22b3aebbc6,7,2,88,24.0,72.0,20.5,火星猫
u8d82c082188d,10,1,84,38.0,84.0,38.0,蜩翼
u8d82c082188d,12,1,98,42.0,98.0,42.0,蜩翼
u8e72e824d589,7,2,51,22.0,50.5,19.5,jz258
u8e72e824d589,8,1,46,17.0,46.0,17.0,jz258
u8e72e824d589,10,1,85,28.0,85.0,28.0,jz258
u8e7647d3922e,6,1,44,14.0,44.0,14.0,小珀尔
u8e7647d3922e,7,1,84,20.0,84.0,20.0,小珀尔
u8f713bc4094b,5,1,34,18.0,34.0,18.0,my9281
u8f713bc4094b,7,1,49,23.0,49.0,23.0,my9281
u8f713bc4094b,9,4,79,25.0,62.25,22.67,my9281
u8f713bc4094b,10,1,108,51.0,108.0,51.0,my9281
u8f713bc4094b,14,1,271,125.0,271.0,125.0,my9281
u8fb1d537a2b1,4,1,63,10.0,63.0,10.0,流雩
u8fb1d537a2b1,5,2,105,58.0,91.0,44.0,流雩
u8fb1d537a2b1,6,1,129,76.0,129.0,76.0,流雩
u8fb1d537a2b1,7,1,95,41.0,95.0,41.0,流雩
u90bfcef4201b,7,2,59,28.0,58.5,24.0,xxx
u90bfcef4201b,8,4,77,31.0,72.5,29.25,xxx
u90bfcef4201b,9,4,99,45.0,87.0,34.25,xxx
u90bfcef4201b,10,1,82,27.0,82.0,27.0,xxx
u9245e3a0605b,8,2,71,28.0,68.0,24.5,热心市民1先生
u92972e8c3d4f,10,2,95,34.0,89.5,32.5,白武男
u92bf39c22a39,5,4,85,41.0,66.25,28.75,savingnoob
u92bf39c22a39,6,3,81,37.0,65.67,28.33,savingnoob
u92bf39c22a39,7,1,48,17.0,48.0,17.0,savingnoob
u92d4ef744851,5,2,81,25.0,70.5,23.5,luckydice
u92d4ef744851,6,1,113,,113.0,,luckydice
u92d4ef744851,7,2,110,69.0,94.0,45.0,luckydice
u92e06408e2d9,5,4,62,31.0,56.25,23.5,naf-fly
u92e06408e2d9,6,11,89,41.0,68.36,32.55,naf-fly
u92e06408e2d9,7,5,119,54.0,95.4,42.8,naf-fly
u92e06408e2d9,8,1,70,46.0,70.0,46.0,naf-fly
u932fe25b6261,4,4,52,13.0,44.25,11.25,ys
u932fe25b6261,5,3,53,25.0,50.67,19.33,ys
u932fe25b6261,6,8,78,40.0,66.12,23.62,ys
u932fe25b6261,7,4,87,49.0,79.5,36.75,ys
u932fe25b6261,9,1,100,45.0,100.0,45.0,ys
u93aa7d874d70,5,1,75,45.0,75.0,45.0,muwing
u93aa7d874d70,6,2,89,25.0,83.0,25.0,muwing
u93aa7d874d70,7,2,143,79.0,119.5,63.0,muwing
u94c1478ff958,8,1,78,31.0,78.0,31.0,liz0203
u94c1478ff958,9,1,100,38.0,100.0,38.0,liz0203
u953b71df6d74,10,2,81,27.0,73.5,27.0,叫叫哥哥
u97d6f70b34d9,4,4,81,29.0,57.75,21.75,小花火
u97d6f70b34d9,5,11,113,63.0,73.82,33.91,小花火
u97d6f70b34d9,6,21,138,76.0,94.57,47.19,小花火
u97d6f70b34d9,7,5,148,92.0,114.0,72.2,小花火
u9840f6d7c328,7,1,74,20.0,74.0,20.0,幽灵
u9840f6d7c328,8,2,79,42.0,75.5,33.0,幽灵
u9840f6d7c328,9,2,102,50.0,93.5,39.5,幽灵
u9947afba1e98,5,4,77,34.0,70.5,24.5,小渊
u9947afba1e98,6,3,85,39.0,81.67,37.67,小渊
u9947afba1e98,7,11,128,72.0,97.82,47.73,小渊
u9947afba1e98,8,6,111,64.0,100.67,50.0,小渊
u99c9f8f49715,9,1,68,19.0,68.0,19.0,aa-代打代练
u99c9f8f49715,10,2,78,22.0,76.5,21.0,aa-代打代练
u99f9ce3f0823,3,1,62,11.0,62.0,11.0,cellinia
u99f9ce3f0823,4,7,69,50.0,54.14,18.86,cellinia
u99f9ce3f0823,5,36,103,51.0,64.44,30.39,cellinia
u99f9ce3f0823,6,57,154,88.0,85.84,44.7,cellinia
u99f9ce3f0823,7,9,125,65.0,95.89,48.33,cellinia
u9a7c645c3751,5,1,54,14.0,54.0,14.0,zslzsl
u9a7c645c3751,6,2,74,42.0,71.5,34.0,zslzsl
u9ca1b4f8b101,7,1,60,33.0,60.0,33.0,狗头
u9ca1b4f8b101,8,2,71,30.0,67.0,26.5,狗头
u9ca1b4f8b101,9,4,97,45.0,93.75,40.25,狗头
u9ca1b4f8b101,10,3,95,47.0,86.67,40.67,狗头
u9cbbff6bb38c,7,4,121,33.0,88.0,25.5,askera
u9cbbff6bb38c,8,7,122,70.0,90.14,47.29,askera
u9cbbff6bb38c,9,12,171,87.0,125.5,59.83,askera
u9cbbff6bb38c,10,3,162,75.0,137.33,70.33,askera
u9ddd08910546,10,3,91,37.0,81.67,33.33,深橙浅橙1102
u9ddd08910546,11,1,95,48.0,95.0,48.0,深橙浅橙1102
u9e3719160091,8,2,67,36.0,66.0,31.5,奥本海默
u9e3719160091,9,1,66,41.0,66.0,41.0,奥本海默
u9ebc40a0dfa7,6,1,48,23.0,48.0,23.0,熊猫头
u9ebc40a0dfa7,9,1,56,37.0,56.0,37.0,熊猫头
u9ee1b6a74d6b,5,1,47,19.0,47.0,19.0,归心
u9ee1b6a74d6b,6,6,86,45.0,60.83,25.33,归心
u9fdf9c2ccd16,8,2,64,35.0,58.0,30.0,adam1203
ua09de4e57841,8,2,73,29.0,61.5,24.5,yog
ua09de4e57841,9,3,77,32.0,66.33,27.0,yog
ua0e37107a5b9,9,1,77,53.0,77.0,53.0,idoit
ua0e37107a5b9,11,1,112,53.0,112.0,53.0,idoit
ua0e8dbc39515,4,2,54,14.0,49.0,13.0,george sun
ua0e8dbc39515,5,11,82,22.0,63.0,16.45,george sun
ua0e8dbc39515,6,10,76,35.0,66.2,26.2,george sun
ua0e8dbc39515,7,4,105,34.0,85.25,26.67,george sun
ua0e8dbc39515,8,1,94,36.0,94.0,36.0,george sun
ua1cb032a2ddc,5,1,52,30.0,52.0,30.0,达达
ua1cb032a2ddc,6,1,51,21.0,51.0,21.0,达达
ua25fb7c48105,5,1,61,27.0,61.0,27.0,cyzwq567
ua25fb7c48105,6,1,54,35.0,54.0,35.0,cyzwq567
ua25fb7c48105,7,2,80,50.0,73.5,49.5,cyzwq567
ua25fb7c48105,8,1,64,38.0,64.0,38.0,cyzwq567
ua2927f8dca5d,7,1,44,27.0,44.0,27.0,7x
ua2927f8dca5d,8,1,68,28.0,68.0,28.0,7x
ua2a2d97d7937,10,2,66,32.0,60.5,30.0,metroleo
ua30a21f96400,4,6,74,24.0,59.83,16.83,雩喵喵
ua30a21f96400,5,14,110,61.0,79.14,35.31,雩喵喵
ua30a21f96400,6,23,116,79.0,84.35,45.72,雩喵喵
ua30a21f96400,7,5,139,62.0,69.6,57.0,雩喵喵
ua30a21f96400,8,1,95,59.0,95.0,59.0,雩喵喵
ua42acdf95885,3,1,58,15.0,58.0,15.0,流星小傻瓜
ua42acdf95885,4,3,84,33.0,71.67,25.67,流星小傻瓜
ua42acdf95885,5,21,89,51.0,62.33,29.0,流星小傻瓜
ua42acdf95885,6,25,128,64.0,79.52,39.79,流星小傻瓜
ua42acdf95885,7,5,140,68.0,105.6,51.8,流星小傻瓜
ua42acdf95885,10,1,90,43.0,90.0,43.0,流星小傻瓜
ua4928bcdbe27,10,2,108,34.0,104.0,32.5,越前龙马
ua4928bcdbe27,11,2,104,33.0,103.5,32.5,越前龙马
ua4928bcdbe27,12,1,109,47.0,109.0,47.0,越前龙马
ua522d8b05d43,5,1,88,40.0,88.0,40.0,小熊猫猫猫
ua522d8b05d43,6,3,118,51.0,100.33,35.0,小熊猫猫猫
ua65c29bafdd0,4,1,54,19.0,54.0,19.0,假的雪樱
ua65c29bafdd0,5,12,93,54.0,71.42,30.25,假的雪樱
ua65c29bafdd0,6,14,139,71.0,100.5,45.71,假的雪樱
ua65c29bafdd0,7,2,89,50.0,86.0,40.5,假的雪樱
ua6967fc12f43,5,17,94,53.0,79.06,30.94,tree
ua6967fc12f43,6,27,126,62.0,92.33,42.48,tree
ua6967fc12f43,7,13,138,71.0,111.85,48.85,tree
ua6a6ff7c11b5,9,1,64,28.0,64.0,28.0,altria
ua6a6ff7c11b5,10,2,74,23.0,66.0,21.0,altria
ua6add19293f2,8,2,77,32.0,67.0,23.0,azzhh
ua6bbb16bbe3d,6,2,53,21.0,50.0,20.5,vikiy
ua6bbb16bbe3d,7,1,74,25.0,74.0,25.0,vikiy
ua72eff233258,6,2,75,53.0,72.0,47.0,萌新月色
ua72eff233258,8,1,77,45.0,77.0,45.0,萌新月色
ua76c30a1f5d6,8,1,64,30.0,64.0,30.0,cola96
ua76c30a1f5d6,9,2,80,35.0,79.0,32.5,cola96
ua76c30a1f5d6,10,4,98,40.0,88.0,35.5,cola96
ua87dd5f8c30b,3,1,31,13.0,31.0,13.0,抽牌=抽自己
ua87dd5f8c30b,4,4,51,26.0,42.0,15.5,抽牌=抽自己
ua87dd5f8c30b,5,26,87,38.0,65.62,26.46,抽牌=抽自己
ua87dd5f8c30b,6,46,154,55.0,82.26,35.39,抽牌=抽自己
ua87dd5f8c30b,7,6,130,64.0,105.17,50.67,抽牌=抽自己
ua913e741dcd5,9,2,101,48.0,89.5,38.0,花卷
ua9206bb2fd0c,6,1,55,28.0,55.0,28.0,阴奉阳we
ua9206bb2fd0c,7,2,69,12.0,66.5,11.0,阴奉阳we
ua9206bb2fd0c,8,3,121,75.0,96.0,47.33,阴奉阳we
ua9206bb2fd0c,10,1,100,76.0,100.0,76.0,阴奉阳we
uaa68e76b5075,4,2,31,15.0,29.5,14.0,恶魔玩偶
uaa68e76b5075,5,7,54,32.0,38.14,21.57,恶魔玩偶
uaa68e76b5075,6,16,89,55.0,56.88,30.06,恶魔玩偶
uaa68e76b5075,7,9,105,59.0,65.11,33.0,恶魔玩偶
uaa68e76b5075,8,1,90,49.0,90.0,49.0,恶魔玩偶
uaa68e76b5075,9,1,82,54.0,82.0,54.0,恶魔玩偶
uaac7ed054272,7,1,68,18.0,68.0,18.0,---
uaac7ed054272,8,3,80,25.0,73.67,23.67,---
uaac7ed054272,9,1,77,23.0,77.0,23.0,---
uaac7ed054272,10,1,106,43.0,106.0,43.0,---
uaad9ddb4433c,7,1,74,40.0,74.0,40.0,nep
uaad9ddb4433c,8,1,103,35.0,103.0,35.0,nep
uaad9ddb4433c,9,1,86,26.0,86.0,26.0,nep
uab026a7dc67f,3,1,55,11.0,55.0,11.0,玩火星
uab026a7dc67f,4,16,87,40.0,61.0,22.75,玩火星
uab026a7dc67f,5,105,105,61.0,69.65,30.15,玩火星
uab026a7dc67f,6,177,142,66.0,86.01,38.57,玩火星
uab026a7dc67f,7,39,144,70.0,105.38,47.61,玩火星
uab33c1444ad1,4,1,47,18.0,47.0,18.0,leyline
uab33c1444ad1,5,14,80,33.0,53.57,22.64,leyline
uab33c1444ad1,6,18,108,52.0,69.0,31.5,leyline
uab33c1444ad1,7,10,138,57.0,83.5,42.9,leyline
uab33c1444ad1,8,3,84,29.0,77.67,24.33,leyline
uab33c1444ad1,12,1,138,69.0,138.0,69.0,leyline
uab40f804bf17,5,1,48,24.0,48.0,24.0,pyrrhus
uab40f804bf17,7,1,110,71.0,110.0,71.0,pyrrhus
uabe831ca1c43,6,2,55,23.0,49.5,22.0,東風谷草田
uabe831ca1c43,7,2,81,34.0,74.0,34.0,東風谷草田
uabe831ca1c43,8,1,70,28.0,70.0,28.0,東風谷草田
uac7f79345283,4,1,61,21.0,61.0,21.0,小坏蛋居居
uac7f79345283,5,9,88,37.0,74.44,29.33,小坏蛋居居
uac7f79345283,6,10,208,124.0,105.6,51.56,小坏蛋居居
uac7f79345283,7,4,142,68.0,122.5,59.5,小坏蛋居居
uacca927d9ad4,5,1,40,29.0,40.0,29.0,chiyu001
uacca927d9ad4,6,2,90,36.0,71.5,34.0,chiyu001
uacca927d9ad4,7,3,108,57.0,83.33,49.0,chiyu001
uaccdd996a51f,5,2,99,47.0,79.5,39.0,小wish
uaccdd996a51f,6,1,73,42.0,73.0,42.0,小wish
uad95851b66b6,8,6,115,66.0,77.5,45.17,tsmc no1
uad95851b66b6,9,2,98,51.0,91.0,45.5,tsmc no1
uad95851b66b6,10,2,121,67.0,105.5,63.0,tsmc no1
uae06b2db053f,4,1,43,20.0,43.0,20.0,奥摩摩
uae06b2db053f,5,9,90,36.0,68.89,28.44,奥摩摩
uae06b2db053f,6,11,113,68.0,78.73,35.18,奥摩摩
uae06b2db053f,7,8,138,74.0,92.0,53.62,奥摩摩
uae379c6cf28a,3,5,80,24.0,66.6,16.2,mio
uae379c6cf28a,4,42,84,32.0,51.21,18.4,mio
uae379c6cf28a,5,154,109,67.0,64.08,26.29,mio
uae379c6cf28a,6,164,133,70.0,77.38,35.33,mio
uae379c6cf28a,7,51,136,85.0,86.33,40.62,mio
uae379c6cf28a,9,1,38,25.0,38.0,25.0,mio
uaea1d0f78a29,5,11,131,85.0,75.45,40.36,五亿个铃铛
uaea1d0f78a29,6,14,149,86.0,75.36,45.57,五亿个铃铛
uaea1d0f78a29,7,2,80,43.0,79.0,38.5,五亿个铃铛
uaea1d0f78a29,8,1,109,63.0,109.0,63.0,五亿个铃铛
uaf7cda1b3f96,7,1,64,25.0,64.0,25.0,blxg
uaf7cda1b3f96,8,2,81,27.0,78.5,21.5,blxg
uaf86208c2f2d,5,4,86,36.0,81.5,31.5,alaps
uaf86208c2f2d,6,3,85,42.0,75.67,30.67,alaps
ub03e91fb5b9d,4,3,49,23.0,44.33,19.33,千、
ub03e91fb5b9d,5,24,118,48.0,70.88,30.83,千、
ub03e91fb5b9d,6,28,154,66.0,84.54,39.93,千、
ub03e91fb5b9d,7,5,122,62.0,100.6,51.2,千、
ub1029666653b,7,1,100,42.0,100.0,42.0,艾蒙中法
ub1029666653b,8,2,106,61.0,97.0,55.0,艾蒙中法
ub1029666653b,9,3,89,50.0,-85.0,47.67,艾蒙中法
ub127e12e716d,10,1,70,25.0,70.0,25.0,zhongye
ub127e12e716d,11,2,69,26.0,64.5,24.5,zhongye
ub1cdc9500227,8,2,83,28.0,65.5,22.0,雾雨咖喱
ub1cdc9500227,9,1,58,28.0,58.0,28.0,雾雨咖喱
ub2b47e7d5193,6,2,80,39.0,73.0,30.5,meguminqwq
ub2b47e7d5193,8,2,80,44.0,73.5,37.5,meguminqwq
ub2b47e7d5193,9,2,94,43.0,93.5,42.5,meguminqwq
ub2b47e7d5193,10,1,88,43.0,88.0,43.0,meguminqwq
ub3c19b5c0394,7,3,130,92.0,118.0,89.0,浮生无梦
ub4cbe3f67b24,3,1,49,7.0,49.0,7.0,火星威
ub4cbe3f67b24,4,2,42,16.0,40.5,13.0,火星威
ub4cbe3f67b24,5,3,55,30.0,50.67,28.33,火星威
ub4cbe3f67b24,6,4,88,36.0,70.0,32.75,火星威
ub4cbe3f67b24,7,1,67,35.0,67.0,35.0,火星威
ub4cbe3f67b24,8,1,77,38.0,77.0,38.0,火星威
ub559cc098229,5,1,31,27.0,31.0,27.0,efhk
ub559cc098229,9,1,103,50.0,103.0,50.0,efhk
ub578a12e7c47,4,3,75,29.0,67.0,22.33,冷殇www
ub578a12e7c47,5,14,99,48.0,78.86,30.14,冷殇www
ub578a12e7c47,6,9,132,56.0,90.22,41.22,冷殇www
ub578a12e7c47,7,1,96,42.0,96.0,42.0,冷殇www
ub6aacd4ce2df,10,1,100,55.0,100.0,55.0,cqdelinzi
ub6aacd4ce2df,11,1,110,52.0,110.0,52.0,cqdelinzi
ub74f763858c8,4,8,73,26.0,58.0,19.12,带恶人6324
ub74f763858c8,5,38,100,37.0,68.39,27.11,带恶人6324
ub74f763858c8,6,45,129,65.0,84.6,38.53,带恶人6324
ub74f763858c8,7,16,131,69.0,97.88,41.38,带恶人6324
ub74f763858c8,8,1,160,59.0,160.0,59.0,带恶人6324
ub76c3681b1d7,8,1,72,22.0,72.0,22.0,spurs001
ub76c3681b1d7,9,2,72,21.0,68.0,21.0,spurs001
ub76c3681b1d7,10,4,78,27.0,72.25,22.75,spurs001
ub9134a1787a8,9,1,57,43.0,57.0,43.0,荷蛋
ub9134a1787a8,10,1,91,36.0,91.0,36.0,荷蛋
ub92358251d85,5,1,59,13.0,59.0,13.0,zt
ub92358251d85,7,1,60,31.0,60.0,31.0,zt
ub96e5575a6e5,8,1,59,22.0,59.0,22.0,马保国
ub96e5575a6e5,9,3,81,34.0,68.67,28.33,马保国
ub96e5575a6e5,10,4,92,38.0,73.75,27.5,马保国
ub9d521e06c3e,7,1,67,21.0,67.0,21.0,xyh
ub9d521e06c3e,9,1,63,32.0,63.0,32.0,xyh
uba4e8d8c5e23,6,2,63,25.0,52.0,23.5,alex861504
uba4e8d8c5e23,7,1,56,22.0,56.0,22.0,alex861504
uba4e8d8c5e23,8,1,86,30.0,86.0,30.0,alex861504
uba6e8de85d7d,9,1,99,39.0,99.0,39.0,yuy
uba6e8de85d7d,10,1,98,32.0,98.0,32.0,yuy
uba7349e7d5f8,9,2,78,30.0,75.5,28.5,404-student
uba7349e7d5f8,10,2,82,34.0,81.5,30.0,404-student
ubc4840d67121,3,2,51,10.0,46.5,9.0,rα—1n
ubc4840d67121,4,1,46,21.0,46.0,21.0,rα—1n
ubc4840d67121,5,19,91,52.0,69.63,26.68,rα—1n
ubc4840d67121,6,16,95,58.0,76.56,36.12,rα—1n
ubc4840d67121,7,6,129,88.0,93.33,51.33,rα—1n
ubc8fcb9a8984,7,1,85,32.0,85.0,32.0,xscc
ubc8fcb9a8984,8,2,83,27.0,70.0,25.5,xscc
ubc8fcb9a8984,9,2,76,34.0,64.5,32.5,xscc
ubcca500145dd,4,2,46,19.0,43.0,17.5,j89101212
ubcca500145dd,6,9,84,50.0,73.11,31.56,j89101212
ubcca500145dd,7,5,103,44.0,91.6,39.4,j89101212
ubcca500145dd,8,6,146,48.0,110.67,43.17,j89101212
ubcca500145dd,9,2,113,46.0,100.5,43.0,j89101212
ubcea0bd5ffdc,8,1,59,9.0,59.0,9.0,royfrost
ubcea0bd5ffdc,9,3,90,35.0,75.67,30.33,royfrost
ubcea0bd5ffdc,10,3,94,38.0,84.67,26.67,royfrost
ubcf674aa76fe,4,3,70,28.0,59.0,21.33,狗运助我
ubcf674aa76fe,5,6,99,44.0,67.0,30.17,狗运助我
ubcf674aa76fe,6,14,114,52.0,92.86,39.57,狗运助我
ubcf674aa76fe,7,2,102,31.0,69.5,27.0,狗运助我
ubf01abed7e58,11,1,98,27.0,98.0,27.0,kiss
ubf01abed7e58,13,1,87,37.0,87.0,37.0,kiss
ubfb680681a48,6,3,88,43.0,73.0,34.0,oldfan
ubfb680681a48,7,6,92,47.0,76.83,35.33,oldfan
ubfb680681a48,8,3,114,52.0,83.33,36.33,oldfan
ubfc52ae1278a,6,7,90,39.0,62.29,31.43,左仙人江东
ubfc52ae1278a,7,2,80,55.0,60.0,37.5,左仙人江东
uc02fb242a57c,6,1,52,12.0,52.0,12.0,fx
uc02fb242a57c,7,3,55,40.0,51.33,28.0,fx
uc0956156417f,9,2,64,37.0,63.0,37.0,antares
uc0956156417f,10,1,61,32.0,61.0,32.0,antares
uc0956156417f,11,2,65,32.0,64.0,30.0,antares
uc19a767f9798,7,1,61,20.0,61.0,20.0,xixu
uc19a767f9798,9,2,60,27.0,53.0,24.5,xixu
uc19bfac53cd6,8,1,39,28.0,39.0,28.0,assassinmo
uc19bfac53cd6,9,1,62,18.0,62.0,18.0,assassinmo
uc1b3c993183e,4,1,45,17.0,45.0,17.0,wsxiaohai
uc1b3c993183e,5,1,44,26.0,44.0,26.0,wsxiaohai
uc1b3c993183e,6,2,69,32.0,59.5,29.0,wsxiaohai
uc1b3c993183e,7,2,105,36.0,91.5,33.0,wsxiaohai
uc1dbab628e33,4,4,60,24.0,53.5,20.75,☆网☆络☆暴☆力☆
uc1dbab628e33,5,12,87,54.0,69.5,35.67,☆网☆络☆暴☆力☆
uc1dbab628e33,6,13,114,60.0,94.15,43.23,☆网☆络☆暴☆力☆
uc1dbab628e33,7,6,111,58.0,93.17,44.0,☆网☆络☆暴☆力☆
uc2201f6c37fc,6,2,71,13.0,68.0,11.5,fdw
uc2201f6c37fc,7,1,63,11.0,63.0,11.0,fdw
uc2201f6c37fc,8,5,81,49.0,75.4,28.6,fdw
uc2201f6c37fc,9,2,105,49.0,94.5,42.5,fdw
uc2265a65f992,4,4,58,24.0,54.0,21.25,芝士泥鸭
uc2265a65f992,5,7,81,35.0,68.14,29.86,芝士泥鸭
uc2265a65f992,6,2,98,43.0,93.5,35.0,芝士泥鸭
uc26149a6fd25,9,1,73,35.0,73.0,35.0,林羽
uc26149a6fd25,11,1,107,57.0,107.0,57.0,林羽
uc28e327cb7b1,9,1,87,42.0,87.0,42.0,alley
uc28e327cb7b1,10,1,76,28.0,76.0,28.0,alley
uc3731936845f,5,1,53,18.0,53.0,18.0,hephait
uc3731936845f,8,3,146,65.0,121.33,57.67,hephait
uc3dfeac0f7c1,6,3,99,37.0,79.0,30.33,小和尚
uc40f09c22475,6,1,55,15.0,55.0,15.0,qxl
uc40f09c22475,8,2,79,31.0,69.0,26.0,qxl
uc4fd8292c34b,5,4,71,23.0,47.5,17.25,anvelbeta
uc4fd8292c34b,6,7,82,45.0,71.14,31.43,anvelbeta
uc4fd8292c34b,7,10,93,56.0,77.8,34.33,anvelbeta
uc4fd8292c34b,8,8,101,59.0,87.5,47.75,anvelbeta
uc572c2571884,4,1,61,24.0,61.0,24.0,mmpdj
uc572c2571884,5,7,72,29.0,56.14,23.0,mmpdj
uc572c2571884,6,8,98,48.0,70.88,31.38,mmpdj
uc572c2571884,7,5,113,65.0,80.8,43.4,mmpdj
uc572c2571884,9,1,107,41.0,107.0,41.0,mmpdj
uc59bda8af6dc,4,1,58,13.0,58.0,13.0,小坏蛋铃铛
uc59bda8af6dc,5,7,116,64.0,76.71,33.0,小坏蛋铃铛
uc59bda8af6dc,6,9,109,48.0,83.89,37.22,小坏蛋铃铛
uc59bda8af6dc,7,2,106,51.0,103.0,48.0,小坏蛋铃铛
uc5e60fb3bd20,5,3,76,37.0,74.0,32.33,红高粱
uc5e60fb3bd20,6,4,122,61.0,104.25,41.0,红高粱
uc7027cd025dc,7,1,55,25.0,55.0,25.0,青鸾qwq
uc7027cd025dc,9,1,97,47.0,97.0,47.0,青鸾qwq
uc709b05827b6,5,3,87,30.0,71.0,23.67,时尘
uc709b05827b6,6,4,184,110.0,105.25,60.5,时尘
uc709b05827b6,7,1,107,57.0,107.0,57.0,时尘
uc72987a84c09,8,1,78,25.0,78.0,25.0,hirah
uc72987a84c09,9,1,82,25.0,82.0,25.0,hirah
uc8e33ecacc04,5,6,71,35.0,60.33,26.0,jjc
uc8e33ecacc04,6,8,119,66.0,77.0,32.0,jjc
uc8e33ecacc04,7,21,123,78.0,76.95,34.5,jjc
uc8e33ecacc04,8,16,100,47.0,85.88,31.25,jjc
uc8e33ecacc04,9,10,119,70.0,93.7,43.3,jjc
uc8e33ecacc04,10,1,103,67.0,103.0,67.0,jjc
uc929dd78cebf,3,1,37,10.0,37.0,10.0,空条承太郎
uc929dd78cebf,4,11,62,20.0,53.82,14.73,空条承太郎
uc929dd78cebf,5,10,69,31.0,54.8,21.8,空条承太郎
uc929dd78cebf,6,1,69,26.0,69.0,26.0,空条承太郎
uc929dd78cebf,7,2,99,51.0,97.0,37.5,空条承太郎
uc9521b2e7bf5,3,1,34,10.0,34.0,10.0,奥斯卡
uc9521b2e7bf5,4,4,50,22.0,39.5,15.75,奥斯卡
uc9521b2e7bf5,5,34,90,48.0,58.82,26.12,奥斯卡
uc9521b2e7bf5,6,51,150,69.0,67.8,30.41,奥斯卡
uc9521b2e7bf5,7,23,118,54.0,77.91,36.55,奥斯卡
uc9521b2e7bf5,8,2,124,63.0,92.0,40.5,奥斯卡
uc9521b2e7bf5,9,1,176,92.0,176.0,92.0,奥斯卡
uc98ed952aa9e,4,1,61,26.0,61.0,26.0,彼岸花
uc98ed952aa9e,5,11,95,47.0,65.27,27.82,彼岸花
uc98ed952aa9e,6,19,142,89.0,77.74,36.79,彼岸花
uc98ed952aa9e,7,3,96,38.0,85.0,27.33,彼岸花
ucad2b2faf403,5,1,42,20.0,42.0,20.0,七月与冰淇淋
ucad2b2faf403,6,1,75,33.0,75.0,33.0,七月与冰淇淋
ucb243e85eab6,9,2,77,33.0,73.0,31.5,captain
ucc028884b688,5,1,71,26.0,71.0,26.0,yuechen
ucc028884b688,6,1,65,27.0,65.0,27.0,yuechen
ucc028884b688,7,1,86,36.0,86.0,36.0,yuechen
ucc028884b688,8,2,102,49.0,82.0,44.5,yuechen
ucc028884b688,9,2,100,49.0,93.0,46.5,yuechen
ucc233a2e04bf,4,3,69,34.0,56.0,20.67,華尘🐟
ucc233a2e04bf,5,5,85,39.0,69.4,30.4,華尘🐟
ucc233a2e04bf,6,9,101,53.0,86.0,41.44,華尘🐟
ucc233a2e04bf,7,4,134,64.0,113.5,50.0,華尘🐟
ucc8695768420,9,4,77,35.0,67.5,29.0,3226075131
ucce63866a6d0,4,2,60,20.0,56.5,19.0,thlee0203
ucce63866a6d0,5,5,67,27.0,55.2,21.2,thlee0203
ucce63866a6d0,6,20,89,33.0,61.55,26.05,thlee0203
ucce63866a6d0,7,13,115,51.0,80.23,36.0,thlee0203
ucce63866a6d0,8,8,128,53.0,94.5,39.25,thlee0203
ucce63866a6d0,9,3,106,49.0,100.0,42.0,thlee0203
ucd090a991414,4,1,31,17.0,31.0,17.0,虚空车神
ucd090a991414,5,17,117,71.0,72.59,37.12,虚空车神
ucd090a991414,6,19,143,83.0,89.53,48.0,虚空车神
ucd090a991414,7,3,128,68.0,105.33,56.33,虚空车神
ucd8425d50b0e,4,3,52,19.0,47.0,15.33,meow328
ucd8425d50b0e,5,5,65,29.0,60.8,22.0,meow328
ucd8425d50b0e,6,22,108,44.0,79.68,27.59,meow328
ucd8425d50b0e,7,16,132,62.0,99.44,39.38,meow328
ucd8425d50b0e,8,8,132,74.0,108.0,41.62,meow328
ucd8425d50b0e,9,2,151,57.0,123.5,55.5,meow328
uce366f4e7452,8,1,56,19.0,56.0,19.0,happysheep
uce366f4e7452,9,1,54,21.0,54.0,21.0,happysheep
ucf4fa7169547,6,1,64,5.0,64.0,5.0,比翼龙渊
ucf4fa7169547,7,1,65,12.0,65.0,12.0,比翼龙渊
ucf889e8ad7a5,6,3,90,33.0,75.67,26.33,rance
ucfab59936c55,3,3,68,15.0,60.33,12.0,木星大哥被对面抓走啦
ucfab59936c55,4,27,85,26.0,50.67,17.74,木星大哥被对面抓走啦
ucfab59936c55,5,100,110,56.0,67.1,29.4,木星大哥被对面抓走啦
ucfab59936c55,6,123,224,125.0,83.32,39.39,木星大哥被对面抓走啦
ucfab59936c55,7,24,152,78.0,101.33,53.74,木星大哥被对面抓走啦
ucfab59936c55,8,1,93,58.0,93.0,58.0,木星大哥被对面抓走啦
ucfc2db02c260,8,2,78,28.0,76.5,26.0,茹梦
ucff98876a451,3,1,50,20.0,50.0,20.0,清源妙道
ucff98876a451,4,6,70,34.0,54.17,21.83,清源妙道
ucff98876a451,5,56,118,58.0,70.71,30.58,清源妙道
ucff98876a451,6,83,141,65.0,85.25,38.58,清源妙道
ucff98876a451,7,19,176,80.0,109.21,47.11,清源妙道
ucffd593d1b98,4,2,71,11.0,65.0,9.0,memq
ucffd593d1b98,5,7,73,45.0,62.57,27.57,memq
ucffd593d1b98,6,15,107,45.0,81.67,29.93,memq
ucffd593d1b98,7,3,116,57.0,105.33,45.0,memq
ud0152010cfe7,6,1,52,37.0,52.0,37.0,草鱼
ud0152010cfe7,9,2,103,64.0,98.5,54.0,草鱼
ud0568adebc26,9,1,82,,82.0,,enderhl
ud0568adebc26,10,1,75,42.0,75.0,42.0,enderhl
ud0568adebc26,11,1,51,22.0,51.0,22.0,enderhl
ud0d4a329a5e3,5,1,55,26.0,55.0,26.0,四月
ud0d4a329a5e3,6,7,71,32.0,54.71,28.14,四月
ud0d4a329a5e3,7,4,86,36.0,67.75,32.75,四月
ud128953dcb8c,5,1,50,23.0,50.0,23.0,皮卡丘
ud128953dcb8c,6,7,101,46.0,78.29,33.43,皮卡丘
ud128953dcb8c,7,4,110,43.0,89.75,37.5,皮卡丘
ud128953dcb8c,9,2,124,61.0,111.5,51.5,皮卡丘
ud1689f5e853b,4,1,63,8.0,63.0,8.0,zongzi
ud1689f5e853b,5,2,67,26.0,55.0,22.0,zongzi
ud1689f5e853b,6,3,75,24.0,57.67,18.0,zongzi
ud1689f5e853b,7,1,73,,73.0,,zongzi
ud1b6b1a21299,4,1,48,24.0,48.0,24.0,goldfish
ud1b6b1a21299,6,3,60,27.0,58.0,24.33,goldfish
ud1b6b1a21299,8,1,93,39.0,93.0,39.0,goldfish
ud207082af174,4,4,61,12.0,50.25,9.0,sun96
ud207082af174,5,3,68,23.0,58.33,19.33,sun96
ud207082af174,6,10,98,50.0,80.0,22.1,sun96
ud207082af174,7,5,104,53.0,83.4,33.8,sun96
ud207082af174,9,1,113,53.0,113.0,53.0,sun96
ud2f4fade62f9,10,3,96,42.0,81.33,35.0,cyx
ud34f4872d502,11,1,72,33.0,72.0,33.0,勇敢牛马
ud34f4872d502,13,1,115,37.0,115.0,37.0,勇敢牛马
ud3ada8bb4d05,6,2,118,51.0,103.0,45.0,fdpat04
ud3ada8bb4d05,7,1,86,55.0,86.0,55.0,fdpat04
ud3ead75896b4,8,6,81,44.0,69.17,38.17,secretlegk
ud3ead75896b4,9,2,114,71.0,95.0,53.5,secretlegk
ud3ead75896b4,10,2,129,71.0,116.0,59.5,secretlegk
ud49887f95c37,10,1,71,45.0,71.0,45.0,miss cat
ud49887f95c37,11,1,62,28.0,62.0,28.0,miss cat
ud54670c2b4db,7,3,81,47.0,78.67,42.0,doffran
ud54670c2b4db,8,2,95,34.0,87.0,34.0,doffran
ud54670c2b4db,9,1,100,41.0,100.0,41.0,doffran
ud5cbfec1d6dd,7,2,82,28.0,80.0,25.5,kirtust
ud5cbfec1d6dd,8,6,93,42.0,78.33,32.6,kirtust
ud5cbfec1d6dd,9,15,123,49.0,87.47,35.53,kirtust
ud5cbfec1d6dd,10,4,108,48.0,81.0,42.33,kirtust
ud5cbfec1d6dd,11,1,113,56.0,113.0,56.0,kirtust
ud5ce44a3743a,4,1,77,10.0,77.0,10.0,玉米面
ud5ce44a3743a,5,1,104,42.0,104.0,42.0,玉米面
ud5ce44a3743a,6,1,117,65.0,117.0,65.0,玉米面
ud698d288529a,8,2,83,33.0,73.0,30.5,xiakejuny
ud698d288529a,9,3,106,60.0,102.33,46.0,xiakejuny
ud698d288529a,10,2,124,61.0,113.5,51.5,xiakejuny
ud6b78f868309,4,2,55,23.0,54.5,22.0,小笨蛋铃铛
ud6b78f868309,5,2,68,43.0,67.5,41.0,小笨蛋铃铛
ud6b78f868309,6,15,130,80.0,97.6,38.27,小笨蛋铃铛
ud6b78f868309,7,5,135,76.0,99.2,48.4,小笨蛋铃铛
ud767029616a6,8,2,60,35.0,58.5,31.5,杨烁
ud767029616a6,9,5,81,52.0,64.2,35.6,杨烁
ud767029616a6,10,7,93,38.0,64.14,27.57,杨烁
ud767029616a6,11,1,94,43.0,94.0,43.0,杨烁
ud8e0e8453130,9,2,71,28.0,69.0,25.0,seele
ud902ede97a03,7,1,68,24.0,68.0,24.0,皮尔嘶
ud902ede97a03,11,2,143,67.0,127.5,61.0,皮尔嘶
ud9f57184e5a8,10,1,70,41.0,70.0,41.0,sheng
ud9f57184e5a8,11,1,76,35.0,76.0,35.0,sheng
udb5a069df585,11,2,66,28.0,59.0,22.0,vicsage
udbc540105fa7,7,1,48,15.0,48.0,15.0,henferyl6
udbc540105fa7,8,1,52,16.0,52.0,16.0,henferyl6
udbc540105fa7,9,5,78,33.0,61.4,24.8,henferyl6
udbc540105fa7,10,3,95,38.0,79.0,35.33,henferyl6
udc0d9a6493ff,4,6,78,25.0,55.67,19.17,x118
udc0d9a6493ff,5,16,88,46.0,67.69,25.44,x118
udc0d9a6493ff,6,20,182,86.0,78.25,36.95,x118
udc0d9a6493ff,7,10,116,57.0,95.1,43.2,x118
udcb14230a6a1,5,1,60,19.0,60.0,19.0,mmbk
udcb14230a6a1,6,1,57,13.0,57.0,13.0,mmbk
udcb14230a6a1,8,4,146,60.0,95.0,47.0,mmbk
udcb14230a6a1,9,1,84,39.0,84.0,39.0,mmbk
udcb14230a6a1,11,1,136,76.0,136.0,76.0,mmbk
udd38bde01054,3,1,75,22.0,75.0,22.0,bolas
udd38bde01054,4,2,62,20.0,48.0,19.0,bolas
udd38bde01054,5,25,141,65.0,68.64,28.48,bolas
udd38bde01054,6,28,135,81.0,82.89,36.71,bolas
udd38bde01054,7,4,120,66.0,108.5,52.75,bolas
uddad586b1b7d,4,4,64,21.0,56.75,15.75,ooc1997
uddad586b1b7d,5,3,87,26.0,75.33,17.33,ooc1997
uddad586b1b7d,6,10,114,55.0,81.6,37.3,ooc1997
uddad586b1b7d,7,6,122,72.0,100.17,46.17,ooc1997
uddad586b1b7d,8,1,116,67.0,116.0,67.0,ooc1997
uddad586b1b7d,9,1,127,63.0,127.0,63.0,ooc1997
udde6bf61ba56,10,1,95,31.0,95.0,31.0,子忠嘉合
udde6bf61ba56,11,1,98,43.0,98.0,43.0,子忠嘉合
udde6bf61ba56,12,2,107,69.0,103.0,55.5,子忠嘉合
ude355e10534e,7,1,55,28.0,55.0,28.0,namedal
ude355e10534e,9,1,81,32.0,81.0,32.0,namedal
ude355e10534e,10,1,104,48.0,104.0,48.0,namedal
ude7cc7a9b2a0,5,1,80,23.0,80.0,23.0,funny
ude7cc7a9b2a0,6,1,86,34.0,86.0,34.0,funny
ude7cc7a9b2a0,7,1,85,25.0,85.0,25.0,funny
ude9a78d4dfe8,8,1,69,28.0,69.0,28.0,moe
ude9a78d4dfe8,9,4,146,73.0,95.0,42.75,moe
ude9a78d4dfe8,10,4,119,73.0,105.25,54.5,moe
udf393a8b07eb,3,1,37,17.0,37.0,17.0,阿洋
udf393a8b07eb,5,10,63,31.0,52.1,25.5,阿洋
udf393a8b07eb,6,12,109,65.0,76.08,35.0,阿洋
udf393a8b07eb,7,2,93,41.0,92.5,38.0,阿洋
udf856e1bf05e,7,1,65,22.0,65.0,22.0,愚鱼于宇育渔域
udf856e1bf05e,8,1,65,32.0,65.0,32.0,愚鱼于宇育渔域
udf856e1bf05e,9,1,80,35.0,80.0,35.0,愚鱼于宇育渔域
ue01a8307e9cf,7,6,185,93.0,104.0,62.0,5k1
ue01a8307e9cf,8,3,126,51.0,89.33,40.0,5k1
ue04625a9f7f6,6,1,62,13.0,62.0,13.0,litianping
ue04625a9f7f6,9,1,97,48.0,97.0,48.0,litianping
ue077a7fa5418,4,7,68,21.0,57.57,16.0,hms
ue077a7fa5418,5,23,98,49.0,69.96,27.74,hms
ue077a7fa5418,6,26,112,56.0,75.96,32.36,hms
ue077a7fa5418,7,19,125,67.0,88.05,40.28,hms
ue077a7fa5418,8,3,116,59.0,102.67,47.33,hms
ue077a7fa5418,9,1,99,52.0,99.0,52.0,hms
ue12a8d01f356,4,1,54,14.0,54.0,14.0,魏杨刚
ue12a8d01f356,5,2,47,22.0,47.0,20.0,魏杨刚
ue12a8d01f356,6,3,92,33.0,76.33,28.33,魏杨刚
ue12a8d01f356,7,3,73,28.0,63.0,26.0,魏杨刚
ue12a8d01f356,8,1,69,26.0,69.0,26.0,魏杨刚
ue15317a01ced,10,3,85,43.0,80.33,39.67,新几内亚的猴王
ue15317a01ced,11,4,124,57.0,104.25,50.25,新几内亚的猴王
ue1e8b9331022,8,3,116,42.0,95.33,34.67,最终列车
ue1e8b9331022,9,3,144,51.0,119.67,45.0,最终列车
ue1e8b9331022,10,1,137,63.0,137.0,63.0,最终列车
ue25e0c887bad,8,2,110,54.0,107.5,48.0,齐柏林飞猪
ue25e0c887bad,9,3,177,67.0,129.33,62.67,齐柏林飞猪
ue25e0c887bad,10,2,108,46.0,108.0,43.5,齐柏林飞猪
ue2b3a6972923,9,1,78,41.0,78.0,41.0,z2560068
ue2b3a6972923,10,2,109,48.0,89.5,40.0,z2560068
ue2b3a6972923,11,2,102,62.0,101.0,50.0,z2560068
ue4d11d66f0ae,4,3,68,34.0,62.33,25.33,居居木
ue4d11d66f0ae,5,18,97,48.0,68.06,32.83,居居木
ue4d11d66f0ae,6,10,134,69.0,89.3,45.9,居居木
ue6027cea32ee,5,6,58,33.0,48.5,26.67,我是猫阀大人
ue6027cea32ee,6,5,132,78.0,71.4,43.0,我是猫阀大人
ue6027cea32ee,7,4,126,59.0,83.5,48.25,我是猫阀大人
ue6027cea32ee,8,2,88,45.0,60.5,34.0,我是猫阀大人
ue6027cea32ee,9,1,119,57.0,119.0,57.0,我是猫阀大人
ue61398504819,4,1,40,15.0,40.0,15.0,zrh
ue61398504819,6,1,82,14.0,82.0,14.0,zrh
ue61398504819,7,2,72,18.0,64.0,18.0,zrh
ue7b395df37fa,5,3,52,25.0,48.33,21.0,茄努力
ue7b395df37fa,6,5,97,42.0,75.4,32.6,茄努力
ue7b395df37fa,7,11,108,70.0,92.64,47.09,茄努力
ue7b395df37fa,8,2,115,62.0,110.0,56.0,茄努力
ue7b395df37fa,9,2,140,83.0,121.5,69.0,茄努力
ue7b395df37fa,10,1,144,68.0,144.0,68.0,茄努力
ue818dc240bd9,8,2,71,32.0,66.0,27.5,北风吹
ue818dc240bd9,9,2,85,38.0,81.0,34.5,北风吹
ue818dc240bd9,10,2,126,51.0,123.5,48.5,北风吹
ue81df0911958,7,2,56,20.0,51.5,19.0,nydzsf
ue81df0911958,8,4,74,31.0,66.0,25.75,nydzsf
ue81df0911958,9,4,77,31.0,69.25,29.0,nydzsf
ue81df0911958,10,2,89,40.0,87.5,37.0,nydzsf
ue822cbe89d9b,9,3,71,31.0,68.67,28.33,maguawang
ue822cbe89d9b,10,4,96,57.0,86.0,44.75,maguawang
ue822cbe89d9b,11,1,110,37.0,110.0,37.0,maguawang
ue89ecb8ddea4,3,3,55,19.0,50.33,14.33,居居雩
ue89ecb8ddea4,4,3,75,25.0,64.0,20.0,居居雩
ue89ecb8ddea4,5,63,129,80.0,71.78,33.45,居居雩
ue89ecb8ddea4,6,100,164,106.0,92.77,46.35,居居雩
ue89ecb8ddea4,7,25,159,91.0,108.44,55.33,居居雩
ue8dc5edc68d1,6,1,65,24.0,65.0,24.0,sa
ue8dc5edc68d1,7,9,70,39.0,59.0,22.89,sa
ue8dc5edc68d1,8,18,98,47.0,70.67,29.67,sa
ue8dc5edc68d1,9,14,113,62.0,85.0,39.14,sa
ue8dc5edc68d1,10,4,95,45.0,85.25,33.25,sa
ue8dc5edc68d1,11,1,91,39.0,91.0,39.0,sa
ue9071a0d634b,6,1,53,22.0,53.0,22.0,voicer
ue9071a0d634b,9,1,77,36.0,77.0,36.0,voicer
ue913a8e72cb0,6,3,93,35.0,66.67,31.33,徒手开根号
ue913a8e72cb0,7,5,109,47.0,93.0,40.0,徒手开根号
ue913a8e72cb0,8,4,122,57.0,95.5,44.75,徒手开根号
ue9633562bdcb,5,1,69,12.0,69.0,12.0,scp5637
ue9633562bdcb,6,2,69,27.0,67.0,26.5,scp5637
ue9633562bdcb,7,4,120,68.0,90.0,41.25,scp5637
ue97f2d87944b,4,1,49,23.0,49.0,23.0,lyy
ue97f2d87944b,6,1,56,29.0,56.0,29.0,lyy
ue9e2744d6428,10,2,99,41.0,97.0,37.0,yushanbao
ueae0cff29077,8,1,83,17.0,83.0,17.0,长理电气no1
ueae0cff29077,10,3,91,45.0,74.33,35.33,长理电气no1
ueb815ce9a6ad,3,1,46,11.0,46.0,11.0,洛潇
ueb815ce9a6ad,4,1,54,13.0,54.0,13.0,洛潇
ueb815ce9a6ad,5,14,106,65.0,74.36,34.14,洛潇
ueb815ce9a6ad,6,21,168,88.0,81.9,37.48,洛潇
ueb815ce9a6ad,7,33,110,60.0,86.79,36.39,洛潇
ueb815ce9a6ad,8,21,142,78.0,103.71,45.0,洛潇
ueb815ce9a6ad,9,8,146,69.0,118.25,50.5,洛潇
uebace003e1f4,11,1,90,19.0,90.0,19.0,xqqqqq
uebace003e1f4,12,1,112,39.0,112.0,39.0,xqqqqq
uebec078ca50d,7,1,54,30.0,54.0,30.0,菠萝小笼包
uebec078ca50d,10,1,97,44.0,97.0,44.0,菠萝小笼包
ueccf5997c1bc,7,1,64,22.0,64.0,22.0,roadtree
ueccf5997c1bc,8,1,81,30.0,81.0,30.0,roadtree
ueccf5997c1bc,9,4,87,33.0,76.0,30.5,roadtree
ueccf5997c1bc,10,3,109,49.0,97.33,38.0,roadtree
uecffabffe8df,5,1,57,14.0,57.0,14.0,abcde
uecffabffe8df,6,1,71,27.0,71.0,27.0,abcde
uecffabffe8df,7,1,74,35.0,74.0,35.0,abcde
ued69bf35c038,7,1,47,25.0,47.0,25.0,kawasakitaki
ued69bf35c038,8,1,67,27.0,67.0,27.0,kawasakitaki
ueef8ce60a0a8,7,2,88,20.0,63.5,17.0,neko
uef2563337d25,4,1,68,15.0,68.0,15.0,🐰🐟
uef2563337d25,5,3,97,47.0,86.67,35.67,🐰🐟
uef2563337d25,6,12,118,56.0,92.75,39.75,🐰🐟
uef2563337d25,7,2,126,64.0,120.5,55.5,🐰🐟
uefc011328868,5,1,53,31.0,53.0,31.0,badwoman
uefc011328868,6,3,64,37.0,52.33,27.33,badwoman
uf102aef4e1d1,4,6,74,48.0,58.0,27.33,陌世之影
uf102aef4e1d1,5,27,110,57.0,72.26,33.41,陌世之影
uf102aef4e1d1,6,32,141,69.0,94.0,46.35,陌世之影
uf102aef4e1d1,7,3,130,64.0,110.67,55.0,陌世之影
uf15f76ed8e91,7,1,80,24.0,80.0,24.0,桶装企鹅
uf15f76ed8e91,8,2,77,29.0,63.5,24.5,桶装企鹅
uf15f76ed8e91,9,6,101,51.0,84.5,38.83,桶装企鹅
uf15f76ed8e91,10,8,97,47.0,88.62,39.38,桶装企鹅
uf15f76ed8e91,11,2,102,35.0,99.5,35.0,桶装企鹅
uf15f76ed8e91,12,1,29,,29.0,,桶装企鹅
uf2390cd4836b,10,3,60,32.0,55.67,30.67,waaaa
uf307806d95e1,4,2,65,29.0,58.5,26.0,禁忌
uf307806d95e1,5,2,61,26.0,57.0,24.5,禁忌
uf307806d95e1,6,8,90,51.0,72.38,30.75,禁忌
uf307806d95e1,7,10,106,50.0,79.9,35.9,禁忌
uf307806d95e1,8,9,90,44.0,68.78,32.0,禁忌
uf307806d95e1,9,7,120,65.0,89.0,45.57,禁忌
uf307806d95e1,10,2,92,47.0,87.5,36.0,禁忌
uf307806d95e1,11,1,108,44.0,108.0,44.0,禁忌
uf3e8fefbfd8c,4,1,35,24.0,35.0,24.0,obama
uf3e8fefbfd8c,6,2,76,24.0,58.5,20.0,obama
uf3e8fefbfd8c,7,3,121,71.0,82.67,46.67,obama
uf3e8fefbfd8c,8,1,113,52.0,113.0,52.0,obama
uf3e8fefbfd8c,9,1,71,40.0,71.0,40.0,obama
uf470a1480c6f,10,2,79,28.0,78.5,23.0,femme
uf470a1480c6f,12,1,59,27.0,59.0,27.0,femme
uf5469f4a898c,5,3,73,37.0,65.0,33.33,🔔❤️💤
uf5469f4a898c,6,4,108,56.0,92.0,40.75,🔔❤️💤
uf5bdb81e093e,8,3,108,54.0,91.0,38.0,巴卜
uf5bdb81e093e,9,1,115,60.0,115.0,60.0,巴卜
uf6586ec28673,8,1,93,46.0,93.0,46.0,塞尔娅
uf6586ec28673,10,1,42,,42.0,,塞尔娅
uf66d6d9a36d0,9,1,61,,61.0,,zhushou2333
uf66d6d9a36d0,10,1,84,29.0,84.0,29.0,zhushou2333
uf66d6d9a36d0,11,1,58,35.0,58.0,35.0,zhushou2333
uf7bfe6478f64,4,4,62,21.0,51.0,15.75,久别辞
uf7bfe6478f64,5,28,94,50.0,64.75,25.39,久别辞
uf7bfe6478f64,6,18,141,76.0,81.5,34.5,久别辞
uf7bfe6478f64,7,8,140,73.0,102.62,50.5,久别辞
uf80664128293,5,1,54,34.0,54.0,34.0,wyxs
uf80664128293,6,2,82,17.0,78.5,15.5,wyxs
uf80664128293,7,1,59,34.0,59.0,34.0,wyxs
uf80664128293,8,1,97,23.0,97.0,23.0,wyxs
uf8dd04fc1875,10,3,69,45.0,63.67,43.33,roland
uf8f47e95eac7,6,1,43,27.0,43.0,27.0,空心神
uf8f47e95eac7,9,2,68,29.0,65.5,28.5,空心神
uf961293866b6,4,9,67,39.0,55.89,23.44,miio
uf961293866b6,5,44,102,55.0,68.27,29.43,miio
uf961293866b6,6,45,125,61.0,82.09,39.25,miio
uf961293866b6,7,8,214,103.0,101.75,50.62,miio
uf961293866b6,8,1,150,55.0,150.0,55.0,miio
uf976ea1779a2,4,5,57,28.0,52.8,22.0,战术炸车
uf976ea1779a2,5,20,98,43.0,73.4,29.6,战术炸车
uf976ea1779a2,6,29,142,75.0,89.1,37.54,战术炸车
uf976ea1779a2,7,11,137,75.0,103.18,52.91,战术炸车
uf9d58493c13c,3,2,57,15.0,50.0,11.5,ikun
uf9d58493c13c,4,19,100,47.0,68.16,23.47,ikun
uf9d58493c13c,5,111,165,80.0,75.66,32.93,ikun
uf9d58493c13c,6,138,161,84.0,94.54,43.86,ikun
uf9d58493c13c,7,30,171,112.0,113.93,58.67,ikun
ufa5ee7d4ac4d,7,2,47,18.0,44.5,16.5,linxi
ufaaa4461d658,7,2,62,28.0,58.0,23.5,vuuv
ufaaa4461d658,9,1,77,16.0,77.0,16.0,vuuv
ufb109feda27a,9,1,43,25.0,43.0,25.0,ploire
ufb109feda27a,10,1,78,31.0,78.0,31.0,ploire
ufb109feda27a,11,1,87,44.0,87.0,44.0,ploire
ufc0263303c64,8,5,80,36.0,67.2,27.8,liu
ufc0263303c64,9,15,104,57.0,80.87,41.67,liu
ufc0263303c64,10,9,102,53.0,86.44,43.33,liu
ufc0263303c64,11,4,127,61.0,100.5,50.5,liu
ufc061de9e7c9,9,3,81,33.0,75.0,29.67,戦わなければ死ぬ
ufca3984c719f,4,2,63,17.0,61.0,16.5,赤王陵
ufca3984c719f,5,9,118,57.0,84.78,36.89,赤王陵
ufca3984c719f,6,19,138,69.0,88.11,44.05,赤王陵
ufca3984c719f,7,4,118,61.0,98.25,40.5,赤王陵
ufd1c11d3d204,7,2,87,30.0,84.5,28.5,qfsm000
ufd1c11d3d204,9,1,93,47.0,93.0,47.0,qfsm000
ufd1c11d3d204,10,1,130,68.0,130.0,68.0,qfsm000
ufd68b8de4303,4,1,59,19.0,59.0,19.0,sjenka
ufd68b8de4303,5,4,66,31.0,48.5,25.0,sjenka
ufd68b8de4303,6,7,81,32.0,56.86,25.57,sjenka
ufd68b8de4303,7,3,98,55.0,77.67,46.67,sjenka
ufd68b8de4303,10,1,56,27.0,56.0,27.0,sjenka
ufd68b8de4303,12,1,90,30.0,90.0,30.0,sjenka
ufd7a15e5da07,4,2,59,19.0,47.5,15.0,桌游米
ufd7a15e5da07,5,27,96,55.0,64.07,27.85,桌游米
ufd7a15e5da07,6,45,126,67.0,74.69,34.07,桌游米
ufd7a15e5da07,7,8,132,61.0,77.25,34.0,桌游米
ufd7b5b5d57ab,4,3,66,18.0,56.0,15.0,zhu791229
ufd7b5b5d57ab,5,5,69,21.0,60.0,16.4,zhu791229
ufd7b5b5d57ab,6,16,83,29.0,60.5,21.56,zhu791229
ufd7b5b5d57ab,7,13,115,38.0,74.69,28.15,zhu791229
ufd7b5b5d57ab,8,10,98,37.0,84.5,31.2,zhu791229
ufd7b5b5d57ab,9,3,99,34.0,84.33,32.0,zhu791229
ufec7a25ae2a6,6,1,62,14.0,62.0,14.0,王七
ufec7a25ae2a6,8,1,63,12.0,63.0,12.0,王七
ufec7a25ae2a6,9,1,53,26.0,53.0,26.0,王七
uff664b401924,9,1,114,45.0,114.0,45.0,wings
uff664b401924,10,1,106,34.0,106.0,34.0,wings
